{"type": "FeatureCollection", "features": [{"type": "Feature", "geometry": {"type": "MultiLineString", "coordinates": [[[-121.89370783893645, 37.4482163331211], [-121.89371469937029, 37.44821839419794], [-121.8937176125431, 37.448221832239284]], [[-121.89370516819156, 37.44822282020689], [-121.89370642408988, 37.448218317175005], [-121.89370783893645, 37.4482163331211]]]}, "properties": {"elev": 9.0, "Shape_Leng": 7.36395633339, "GlobalID": "{99038162-2A66-4ABC-AF33-C96E85155A83}"}}, {"type": "Feature", "geometry": {"type": "LineString", "coordinates": [[-121.89479495314389, 37.44809254074773], [-121.89479459920766, 37.44809329885446], [-121.89479494056746, 37.4480933430714], [-121.89479509956928, 37.44809330384666], [-121.89479495314389, 37.44809254074773]]}, "properties": {"elev": 9.0, "Shape_Leng": 0.278638609283, "GlobalID": "{DE4F6D4D-5284-4382-9186-4DAA1B3074D5}"}}, {"type": "Feature", "geometry": {"type": "LineString", "coordinates": [[-121.89460309635538, 37.44807004715535], [-121.89461335242099, 37.44807357809352], [-121.89461433158465, 37.44807480404438], [-121.89461758618093, 37.44808263115864], [-121.89461419593901, 37.44808403112442], [-121.8946028915395, 37.44808395267499], [-121.89460033673083, 37.44808246926757], [-121.89459419584753, 37.44807339765982], [-121.89460309635538, 37.44807004715535]]}, "properties": {"elev": 9.0, "Shape_Leng": 7.1805135506, "GlobalID": "{8081241F-3C74-4673-88BF-17F0507CFD90}"}}, {"type": "Feature", "geometry": {"type": "LineString", "coordinates": [[-121.89469447568104, 37.44804729609931], [-121.89470526893916, 37.44804111713349], [-121.89471005785796, 37.44804744230058], [-121.89470891070933, 37.44805644473336], [-121.89470496171535, 37.44806194974574], [-121.894702954879, 37.44806540223482], [-121.89469348124602, 37.44807391186024], [-121.894691922669, 37.448074312665554], [-121.89468213193071, 37.44807689008628], [-121.89467450523395, 37.448074150061295], [-121.89467314698125, 37.44806512409582], [-121.89468242208655, 37.448057202840374], [-121.89468374261003, 37.44805620867177], [-121.89469387021651, 37.448047492936126], [-121.89469447568104, 37.44804729609931]]}, "properties": {"elev": 9.0, "Shape_Leng": 13.7904578811, "GlobalID": "{52BCA0E7-7278-4350-AA43-2E7D9D1B7F50}"}}, {"type": "Feature", "geometry": {"type": "LineString", "coordinates": [[-121.89506758554442, 37.448059798804266], [-121.89507035594875, 37.44805081206185], [-121.89506692258773, 37.4480485370273], [-121.89505561189998, 37.44804893997225], [-121.89505045646858, 37.448050625209454], [-121.89504419610937, 37.44805648966345], [-121.89503292045592, 37.44805443500075], [-121.8950216187513, 37.44805420393142], [-121.8950137593909, 37.44805929601455], [-121.89502143100343, 37.4480669940455], [-121.89503279199684, 37.448063177836275], [-121.89504413322732, 37.44806076230621], [-121.89505545020323, 37.44805994072647], [-121.89506675370446, 37.44806000205968], [-121.89506758554442, 37.448059798804266]]}, "properties": {"elev": 9.0, "Shape_Leng": 15.1066870421, "GlobalID": "{107709E4-B63C-4820-90F7-7DE3897E242C}"}}, {"type": "Feature", "geometry": {"type": "LineString", "coordinates": [[-121.8940296190645, 37.4479869962464], [-121.89403913671494, 37.44798209600311], [-121.89405016443335, 37.447987188804355], [-121.89405036475766, 37.44798728294379], [-121.89406159010547, 37.44799273233344], [-121.89406876315303, 37.44799637595729], [-121.89407279658863, 37.4479993741554], [-121.89407667012414, 37.448005463264266], [-121.89407336073062, 37.44801444573306], [-121.89407257021318, 37.448014797329485], [-121.8940611921518, 37.448019793849596], [-121.89405580405673, 37.44802329483666], [-121.89404980061566, 37.44802558698825], [-121.89403845399532, 37.4480284347048], [-121.89402719900312, 37.44802507920608], [-121.89402385906692, 37.44802299601538], [-121.89402064669144, 37.4480139522144], [-121.89402324641588, 37.448004963326895], [-121.89402576169867, 37.447995973012], [-121.89402772451757, 37.4479893048022], [-121.8940296190645, 37.4479869962464]]}, "properties": {"elev": 9.0, "Shape_Leng": 19.4548619653, "GlobalID": "{E0B46C51-9421-4A4A-AC18-CE7BD0DFC2FA}"}}, {"type": "Feature", "geometry": {"type": "LineString", "coordinates": [[-121.89440094038214, 37.447979301059995], [-121.89440805953078, 37.447981524034645], [-121.89441218010298, 37.447983767691476], [-121.89442341353562, 37.44798861301995], [-121.89442901812468, 37.447990733296784], [-121.8944345688148, 37.447998777939056], [-121.89443571865839, 37.44799980919363], [-121.89443453557715, 37.448001012323985], [-121.89442645523116, 37.448008736035284], [-121.8944230721758, 37.44801184334899], [-121.89441667437436, 37.448017657883625], [-121.89441161416437, 37.44802223291579], [-121.89440027113727, 37.44802483886533], [-121.89438906914567, 37.44801777413152], [-121.89438865142907, 37.448017396147534], [-121.89437819953075, 37.4480082853072], [-121.89437790757826, 37.44800801073386], [-121.89437302972628, 37.447999222961755], [-121.8943718205939, 37.447990197700456], [-121.8943766634116, 37.447981230205485], [-121.89437831271846, 37.44798051702783], [-121.89438964586408, 37.44797861284353], [-121.89440094038214, 37.447979301059995]]}, "properties": {"elev": 9.0, "Shape_Leng": 20.6381473813, "GlobalID": "{848630C1-530A-43DA-A508-18538B0CB7A8}"}}, {"type": "Feature", "geometry": {"type": "LineString", "coordinates": [[-121.89494369259536, 37.44797199027555], [-121.89493237112785, 37.44797314134437], [-121.89493052958152, 37.44797739830199], [-121.89492980553939, 37.44798640430904], [-121.89493012623794, 37.447995420299435], [-121.89493193544493, 37.44800269613589], [-121.89493296311761, 37.448004459823686], [-121.89494198579634, 37.4480135578273], [-121.89494307096119, 37.44801428669453], [-121.89494354886493, 37.44801357280402], [-121.89495447058214, 37.44800779321481], [-121.89495768565256, 37.44800469089315], [-121.89496594117003, 37.44799661273218], [-121.89496846453764, 37.447995779027735], [-121.8949660166285, 37.447991415807714], [-121.89495476343292, 37.447987914819095], [-121.89495328480596, 37.447986623967715], [-121.89494651869525, 37.44797754735608], [-121.89494369259536, 37.44797199027555]]}, "properties": {"elev": 9.0, "Shape_Leng": 16.0057478362, "GlobalID": "{AC54E15F-A62F-4997-9005-80CB478D5463}"}}, {"type": "Feature", "geometry": {"type": "LineString", "coordinates": [[-121.89317030413842, 37.44786942169884], [-121.893180161352, 37.44787088371515], [-121.89317026012097, 37.44787244700281], [-121.89315891439892, 37.44787510787241], [-121.89314924313658, 37.447879607316274], [-121.89314754172742, 37.44787974210704], [-121.89314615472863, 37.44787957807601], [-121.89313633344761, 37.44787313022801], [-121.8931352806221, 37.4478704629398], [-121.89313638375327, 37.447869788985855], [-121.89314770791574, 37.44786846532622], [-121.89315900872201, 37.44786873205507], [-121.89317030413842, 37.44786942169884]]}, "properties": {"elev": 9.0, "Shape_Leng": 10.9107506737, "GlobalID": "{E1CAFB28-AA04-4F98-B4CF-BAA276E92B92}"}}, {"type": "Feature", "geometry": {"type": "LineString", "coordinates": [[-121.89531767382458, 37.44788187094513], [-121.89530671797138, 37.447886154295574], [-121.89530059235945, 37.447890725056716], [-121.8953066083769, 37.44789359702645], [-121.89531655182878, 37.44789988726023], [-121.89531781396177, 37.44790039504326], [-121.89532904559776, 37.447905348067074], [-121.8953343860821, 37.4479090672921], [-121.89534022962306, 37.44791359169523], [-121.8953420657795, 37.447909139323095], [-121.8953413273643, 37.447900119043226], [-121.89534044611703, 37.447898930174816], [-121.8953331095761, 37.44789102815754], [-121.89532935910978, 37.4478841053336], [-121.89531834935765, 37.44788187665056], [-121.8953180870496, 37.44788183314668], [-121.89531767382458, 37.44788187094513]]}, "properties": {"elev": 9.0, "Shape_Leng": 13.6711443376, "GlobalID": "{E5152268-2702-4CEB-8E57-78C53B10EC7D}"}}, {"type": "Feature", "geometry": {"type": "LineString", "coordinates": [[-121.89513749513478, 37.44786214798895], [-121.89513751310109, 37.44786216011305], [-121.89513749513478, 37.44786216510527], [-121.89513749243982, 37.44786216011305], [-121.89513749513478, 37.44786214798895]]}, "properties": {"elev": 9.0, "Shape_Leng": 0.00723169592365, "GlobalID": "{D185B401-B773-41BF-8A95-12082CD347CC}"}}, {"type": "Feature", "geometry": {"type": "LineString", "coordinates": [[-121.89441527120587, 37.447773780808625], [-121.89440398656929, 37.44777232520902], [-121.89439268306805, 37.44777225674374], [-121.89438140921125, 37.44777012291029], [-121.89437728774072, 37.44777392986313], [-121.89438128524372, 37.44777856767001], [-121.89439260940621, 37.44777724686145], [-121.89440391739902, 37.447777032907545], [-121.89441525323957, 37.447774966826294], [-121.89441689176665, 37.447774300716524], [-121.89441527120587, 37.447773780808625]]}, "properties": {"elev": 8.0, "Shape_Leng": 9.54054982862, "GlobalID": "{B30C63C4-8FFC-416B-BE9B-741DC5B0CD6B}"}}, {"type": "Feature", "geometry": {"type": "LineString", "coordinates": [[-121.89301379964961, 37.44774950417081], [-121.89302131854853, 37.44775222281231], [-121.89301374485238, 37.44775327974478], [-121.89301191408582, 37.447752135091214], [-121.89301379964961, 37.44774950417081]]}, "properties": {"elev": 9.0, "Shape_Leng": 2.45959225028, "GlobalID": "{3F08B869-9248-4C6E-882C-70D6B2802BF4}"}}, {"type": "Feature", "geometry": {"type": "LineString", "coordinates": [[-121.89303639048237, 37.4477508021581], [-121.89304240200825, 37.447752419649944], [-121.89303635365144, 37.44775336104726], [-121.89303090087766, 37.447752312672954], [-121.89303639048237, 37.4477508021581]]}, "properties": {"elev": 9.0, "Shape_Leng": 2.66401474681, "GlobalID": "{E274A227-2513-4B69-A41A-C0FB02E8B664}"}}, {"type": "Feature", "geometry": {"type": "LineString", "coordinates": [[-121.89574939247204, 37.44776527970719], [-121.89575116484811, 37.44776874932631], [-121.8957492559281, 37.44777460096516], [-121.89573862706169, 37.44777764481563], [-121.89573790301957, 37.44777786233542], [-121.89573783295097, 37.44777763768381], [-121.89573790571451, 37.447768625233024], [-121.89573804405507, 37.447768314999884], [-121.89574939247204, 37.44776527970719]]}, "properties": {"elev": 9.0, "Shape_Leng": 5.39194553318, "GlobalID": "{3799A4E8-7916-405F-BC44-02AF8257CA2E}"}}, {"type": "Feature", "geometry": {"type": "LineString", "coordinates": [[-121.89598643721428, 37.44777094805913], [-121.89598671748865, 37.44777087317528], [-121.89598687918539, 37.44777095233822], [-121.89599794912465, 37.447775893246586], [-121.89600574290806, 37.447780140944104], [-121.89600916369267, 37.44778198665276], [-121.89602037197245, 37.447788649888786], [-121.89602146612049, 37.44778930102166], [-121.89603161708318, 37.44779268434492], [-121.89604287746526, 37.44779569396204], [-121.89605414683051, 37.44779816798136], [-121.89605659384134, 37.44779864295878], [-121.89606542338228, 37.44780007573615], [-121.89607670173065, 37.447801937134244], [-121.89608798007905, 37.447803772857846], [-121.89609925663082, 37.44780563568223], [-121.89611053587751, 37.44780745500259], [-121.89611371860858, 37.447808190290445], [-121.89612178997139, 37.44781091178254], [-121.89612830275722, 37.447817338953655], [-121.89613294794553, 37.44782094835351], [-121.89613697958454, 37.44782643412741], [-121.89614211884627, 37.44783549506738], [-121.89614400441006, 37.447837780806104], [-121.89615147300334, 37.447844595944304], [-121.89614377893292, 37.44785317833909], [-121.89614352650632, 37.447853534928505], [-121.89613235954904, 37.44786093273236], [-121.89613069137756, 37.44786242826821], [-121.89612123211761, 37.44787135298675], [-121.89612089704602, 37.44787166678537], [-121.89610948754357, 37.44787876291282], [-121.89610546398943, 37.44788021922355], [-121.89609803941359, 37.44788846071493], [-121.89608673860732, 37.44788817615673], [-121.89607544678421, 37.44788731321067], [-121.89606415406277, 37.44788648378407], [-121.89605282540873, 37.44788801283884], [-121.89604153268728, 37.44788721122616], [-121.8960350154099, 37.44787956095969], [-121.89603043040867, 37.44787337270877], [-121.89602783787079, 37.447870480769225], [-121.89602031088701, 37.44786139701175], [-121.89601932453684, 37.44785987508824], [-121.89601217754043, 37.447852308260906], [-121.89600914213308, 37.4478432658656], [-121.89601125586896, 37.44783427267857], [-121.89601189187619, 37.4478252652268], [-121.89600857978772, 37.4478217521064], [-121.89600414390684, 37.44781617932433], [-121.89599745954283, 37.44780914666385], [-121.89599595216977, 37.447807089854784], [-121.89599086770527, 37.44779802891138], [-121.8959863806204, 37.44779376481176], [-121.89597514000127, 37.44778940799852], [-121.89597442584059, 37.44778886170312], [-121.8959737143749, 37.44777984212186], [-121.89597535919019, 37.44777453535261], [-121.89598643721428, 37.44777094805913]]}, "properties": {"elev": 9.0, "Shape_Leng": 56.9865844013, "GlobalID": "{B3118766-6C53-4664-8906-4BE652EC2C6D}"}}, {"type": "Feature", "geometry": {"type": "LineString", "coordinates": [[-121.89283348711083, 37.44771099102317], [-121.89283243248867, 37.4477144000245], [-121.89283341883886, 37.447715618849415], [-121.8928390288178, 37.44771446207114], [-121.89283348711083, 37.44771099102317]]}, "properties": {"elev": 8.0, "Shape_Leng": 2.12633388804, "GlobalID": "{6B2B13D5-D818-4F99-A03D-F6878EC2CBE6}"}}, {"type": "Feature", "geometry": {"type": "LineString", "coordinates": [[-121.8935597786113, 37.44772121232122], [-121.89356819672383, 37.44771902713733], [-121.89356997538812, 37.44772130788732], [-121.89357307367752, 37.447730350297405], [-121.89356794878883, 37.44773587672917], [-121.89355671715285, 37.44773094081046], [-121.89355538315465, 37.44773018412648], [-121.89355677464502, 37.44772701903344], [-121.8935597786113, 37.44772121232122]]}, "properties": {"elev": 9.0, "Shape_Leng": 6.60011857272, "GlobalID": "{EC859522-B62E-42CD-B07A-AA32E79E5DF6}"}}, {"type": "Feature", "geometry": {"type": "LineString", "coordinates": [[-121.89414483967778, 37.44771325465712], [-121.89415291463389, 37.447717751258025], [-121.89414469774395, 37.44772292680619], [-121.89413483783542, 37.44771758223434], [-121.89414483967778, 37.44771325465712]]}, "properties": {"elev": 8.0, "Shape_Leng": 4.86263606785, "GlobalID": "{EFD7472F-DF18-4658-AF97-2F78C3137008}"}}, {"type": "Feature", "geometry": {"type": "LineString", "coordinates": [[-121.8959085326179, 37.447706157087566], [-121.89590994566784, 37.44770713984996], [-121.89591058437, 37.44771615872679], [-121.89590836193798, 37.44771780189383], [-121.89589702340245, 37.447720019884066], [-121.89588577469847, 37.447716215781206], [-121.89588553664495, 37.44771592480369], [-121.89588183378935, 37.44770687668646], [-121.89588602712507, 37.44769908519184], [-121.89589728301559, 37.447702399340706], [-121.8959085326179, 37.447706157087566]]}, "properties": {"elev": 9.0, "Shape_Leng": 9.74052069424, "GlobalID": "{0F5D4C14-9965-4C89-A519-18F7B552DD10}"}}, {"type": "Feature", "geometry": {"type": "LineString", "coordinates": [[-121.89443935054706, 37.44767385714697], [-121.89444262849955, 37.44767539476419], [-121.89445055792854, 37.44768056033071], [-121.89445149576972, 37.44768449066833], [-121.8944507420832, 37.44769349813702], [-121.8944524003732, 37.44770252628685], [-121.89445014650015, 37.447708442117055], [-121.89444756474202, 37.44771149524157], [-121.89443871992974, 37.447716789178045], [-121.89443460923901, 37.44771137328775], [-121.8944353485525, 37.44770236724759], [-121.89443276859099, 37.447693329113285], [-121.89443618398568, 37.44768434803226], [-121.89443832107774, 37.44767535482612], [-121.89443935054706, 37.44767385714697]]}, "properties": {"elev": 9.0, "Shape_Leng": 13.5763898082, "GlobalID": "{67924E9E-CD29-48C8-9920-52912F438408}"}}, {"type": "Feature", "geometry": {"type": "LineString", "coordinates": [[-121.89405546090029, 37.447641197749206], [-121.89405145800737, 37.447644695188096], [-121.89404922659222, 37.44765368697161], [-121.8940486085513, 37.44766269515718], [-121.89405135919269, 37.447671734008374], [-121.8940541574448, 37.44768077428486], [-121.89405485274082, 37.447682493049875], [-121.89405761146706, 37.44768981883936], [-121.89406159100376, 37.44769886981142], [-121.89406540614878, 37.447707919356], [-121.89406576996649, 37.447708838645305], [-121.89406966595988, 37.447716971752165], [-121.89407273550317, 37.44772601416273], [-121.89407379102366, 37.44773503731639], [-121.89406943599114, 37.4477440098331], [-121.89406522109583, 37.44774612013241], [-121.89405383315298, 37.44775174997408], [-121.89404858699172, 37.44775282830196], [-121.89404250000736, 37.44775366486186], [-121.89403118213309, 37.44775451711174], [-121.8940198570723, 37.447755845765634], [-121.89400851674016, 37.44775827913502], [-121.8939971701198, 37.447761071946935], [-121.89399607148022, 37.447761350087], [-121.8939857911601, 37.44776610271656], [-121.89397442837006, 37.447769968150304], [-121.89397410767153, 37.44777015714291], [-121.89397442387849, 37.44777033472468], [-121.89398570582016, 37.44777188375081], [-121.89399701201631, 37.44777184880501], [-121.89400831192428, 37.44777218899172], [-121.89401957320469, 37.447775187198786], [-121.89402976548989, 37.44777969235417], [-121.89403080753561, 37.447779949812], [-121.89404204905308, 37.447784280951275], [-121.89404869478955, 37.44778888167212], [-121.89405324745142, 37.44779144983132], [-121.89406410359165, 37.44779804032221], [-121.89406445303628, 37.447798277097796], [-121.89407570443521, 37.44780190789388], [-121.89408697380046, 37.44780433769586], [-121.89409403276194, 37.44780733304895], [-121.89409820813138, 37.447809180183306], [-121.89410943347917, 37.44781452403536], [-121.8941144236206, 37.44781653734029], [-121.89412067769159, 37.44781868900186], [-121.89413193448043, 37.44782194181206], [-121.89414318498105, 37.44782566389393], [-121.89414366108815, 37.44782582364604], [-121.89415443548165, 37.44782932535543], [-121.89416571023678, 37.44783147487713], [-121.89417699846665, 37.447832568893844], [-121.89418220061044, 37.44783519767173], [-121.89418823998412, 37.447836925704514], [-121.89419955157015, 37.447836412215594], [-121.89421083890173, 37.447837698790515], [-121.89422207413098, 37.4478424079113], [-121.89422479512797, 37.4478446102079], [-121.89423329947874, 37.4478478209394], [-121.8942445625558, 37.447850630151045], [-121.89425584180249, 37.44785240026096], [-121.89426288010276, 37.447853979238964], [-121.89426711296437, 37.44785471595268], [-121.89427839490604, 37.44785630990735], [-121.89428971457691, 37.44785529434072], [-121.89430101717981, 37.447855543953295], [-121.89431231169789, 37.44785622218636], [-121.89432361519913, 37.44785633914772], [-121.89433492588685, 37.44785595688387], [-121.89434622489651, 37.44785636196944], [-121.89435088445791, 37.44785480296049], [-121.8943498567852, 37.447845779821336], [-121.89434646384838, 37.447840130730896], [-121.8943369201468, 37.44783664613834], [-121.89433521604269, 37.447836255316204], [-121.89432397093198, 37.44783216095542], [-121.89431269617687, 37.447830081325236], [-121.89430466972979, 37.4478273313067], [-121.8943014501678, 37.44782612817352], [-121.89429019966717, 37.447822321936556], [-121.89427941808714, 37.44781808066005], [-121.89427896174297, 37.44781776828759], [-121.89426769866594, 37.44781490487307], [-121.89425646164005, 37.4478102913166], [-121.89425275069961, 37.44780881788821], [-121.89424524797035, 37.447804160114245], [-121.89423840460452, 37.44779967065027], [-121.89423406574171, 37.44779577312498], [-121.89422320960149, 37.447790514853075], [-121.89422284398718, 37.44779012117799], [-121.89421647942338, 37.44778143893084], [-121.89422307754914, 37.44777419516598], [-121.89423433703293, 37.447777388070975], [-121.89424562256784, 37.44777866822831], [-121.894256911696, 37.44777974370305], [-121.89426820351912, 37.44778060165809], [-121.89427950791867, 37.44778073003039], [-121.89429080064009, 37.44778150668294], [-121.8942947442442, 37.447782170653035], [-121.8943020727003, 37.447783743213876], [-121.8943133699133, 37.447784323742], [-121.89431793694823, 37.447782388172826], [-121.89431342381222, 37.44778065372015], [-121.89430810758238, 37.4477732830092], [-121.89430935983385, 37.44776428125561], [-121.89430335549451, 37.44775521174883], [-121.89430249580677, 37.44775505199654], [-121.89429122015335, 37.44775308219399], [-121.89427994270326, 37.44775114733714], [-121.89426866704981, 37.44774915613907], [-121.89426034236207, 37.447745796348734], [-121.89425742643067, 37.44774477008287], [-121.89424616515028, 37.44774180610722], [-121.89423489398841, 37.447739528923755], [-121.89422353838489, 37.447742940776465], [-121.89421222859546, 37.447743225335245], [-121.89420092150097, 37.447743382234805], [-121.89418968986499, 37.44773842920026], [-121.89418535639207, 37.447736080698654], [-121.8941869994107, 37.447727083219604], [-121.89417913286377, 37.44771799587881], [-121.89417868819771, 37.447717806172925], [-121.89416745117182, 37.44771322684311], [-121.89415751939802, 37.44770878087768], [-121.89415621773918, 37.447708276659256], [-121.89414498520487, 37.44770342774668], [-121.8941377870045, 37.4476995829917], [-121.89413375087393, 37.447698580973395], [-121.89412252283117, 37.447693351935015], [-121.89411544320842, 37.44769036014328], [-121.89411128311036, 37.44768892023205], [-121.89410004518615, 37.44768435516406], [-121.89409307246291, 37.447681138006914], [-121.89408881804171, 37.447679079054815], [-121.89407760886361, 37.44767255630557], [-121.89407661442857, 37.44767197007115], [-121.89406964709524, 37.44766289199501], [-121.89406653263615, 37.4476569740216], [-121.8940626501175, 37.44765381320457], [-121.89405668799897, 37.44764474368443], [-121.89405546090029, 37.447641197749206]]}, "properties": {"elev": 8.0, "Shape_Leng": 141.712668777, "GlobalID": "{EB400D71-08A1-41D0-B840-313B703562B4}"}}, {"type": "Feature", "geometry": {"type": "LineString", "coordinates": [[-121.89630258221055, 37.447647714082535], [-121.8963050831203, 37.44764677767617], [-121.89630914081043, 37.4476477761293], [-121.89631632194282, 37.44765126073061], [-121.89632059253368, 37.4476568962849], [-121.89631704239169, 37.44766587594284], [-121.89631610095725, 37.44766633023892], [-121.89630472559082, 37.44767108572724], [-121.89629348586998, 37.447666651883374], [-121.89629321098549, 37.44766565271734], [-121.89629269086095, 37.44765663526076], [-121.89629364217684, 37.44765599197172], [-121.89630258221055, 37.447647714082535]]}, "properties": {"elev": 9.0, "Shape_Leng": 9.98753763881, "GlobalID": "{5364229B-BD2F-41F6-96CF-31BDF04DD3D2}"}}, {"type": "Feature", "geometry": {"type": "LineString", "coordinates": [[-121.89609087265427, 37.44760692012908], [-121.8960795727463, 37.447606544282586], [-121.89606950083535, 37.44760948401544], [-121.89607949998276, 37.447611483775425], [-121.89609082414525, 37.44761025496431], [-121.89609328103754, 37.4476097058148], [-121.89609087265427, 37.44760692012908]]}, "properties": {"elev": 8.0, "Shape_Leng": 5.63165856423, "GlobalID": "{803A734C-1F82-4712-9CCF-B384F88DBD5F}"}}, {"type": "Feature", "geometry": {"type": "LineString", "coordinates": [[-121.89406804989068, 37.44755392932088], [-121.89406791244843, 37.44755471596027], [-121.89406803551763, 37.4475549292016], [-121.89406903174928, 37.44755472594482], [-121.89406804989068, 37.44755392932088]]}, "properties": {"elev": 8.0, "Shape_Leng": 0.415028649204, "GlobalID": "{738E3AAE-384D-4DB2-9907-3F428B362B9A}"}}, {"type": "Feature", "geometry": {"type": "LineString", "coordinates": [[-121.89408013402789, 37.44750107683246], [-121.89407841465243, 37.44750974770124], [-121.89407850538227, 37.447518762322744], [-121.89407614371137, 37.44752775269501], [-121.89407236360066, 37.44753673094209], [-121.89407118141776, 37.447545732723086], [-121.89407937674808, 37.447552433065596], [-121.89408206810069, 37.44754583470805], [-121.89408564609047, 37.44753685503573], [-121.8940910207108, 37.44752944079667], [-121.89409159383595, 37.44752789818409], [-121.89409138991839, 37.447518882137345], [-121.89409119767892, 37.4475174229669], [-121.89408497504893, 37.44750980903488], [-121.89408013402789, 37.44750107683246]]}, "properties": {"elev": 8.0, "Shape_Leng": 15.487090363, "GlobalID": "{B650763D-7834-4334-BA3E-CB632F5AD3FC}"}}, {"type": "Feature", "geometry": {"type": "LineString", "coordinates": [[-121.89614882836314, 37.447509545870695], [-121.89614133910862, 37.447511009320415], [-121.89614876997264, 37.447513529705965], [-121.89615163020851, 37.4475111048868], [-121.89614882836314, 37.447509545870695]]}, "properties": {"elev": 8.0, "Shape_Leng": 2.60479718734, "GlobalID": "{0F6A2E78-FD7D-40BE-9084-5C5DB6B507E3}"}}, {"type": "Feature", "geometry": {"type": "MultiLineString", "coordinates": [[[-121.89842132618188, 37.44749681913454], [-121.89841000651099, 37.44749773913962], [-121.89839860958496, 37.447504008011244], [-121.89839745345319, 37.447505020729984], [-121.89838813073717, 37.4475139483438], [-121.89838713989542, 37.4475152698702], [-121.89838077173837, 37.447522891646635], [-121.89838329241105, 37.447531929088385], [-121.89838686051935, 37.44753428401504], [-121.89839809754524, 37.44753897817814], [-121.89840239312706, 37.44753980052167]], [[-121.898502826089, 37.447523853576364], [-121.89850997283241, 37.44751508301653], [-121.8985116176477, 37.44750693776362], [-121.89851199404183, 37.447506089076825], [-121.89851163471569, 37.44750576529211], [-121.89850534471208, 37.447497013833285], [-121.89850058184443, 37.44748858187907], [-121.89849988115854, 37.44748794928639], [-121.89848938973434, 37.44748085597459], [-121.89847806467353, 37.44748224596705], [-121.89846674410434, 37.447483312174704], [-121.89845542802671, 37.44748409596215], [-121.89844410566084, 37.447485227782536], [-121.89843922601221, 37.44748738373278], [-121.89843272041294, 37.44749067506923], [-121.89842356208862, 37.44749625072827], [-121.89842132618188, 37.44749681913454]]]}, "properties": {"elev": 8.0, "Shape_Leng": 36.8391337236, "GlobalID": "{8F2889C1-C664-41FB-A579-4DE4D4DF5D48}"}}, {"type": "Feature", "geometry": {"type": "LineString", "coordinates": [[-121.89283999001516, 37.44743505895265], [-121.89284893364213, 37.44742995398977], [-121.89285558656513, 37.44742619123674], [-121.89286033416138, 37.4474235068162], [-121.89287169335817, 37.447419766171514], [-121.89288303099538, 37.44741761378525], [-121.89289432910671, 37.447418132982484], [-121.89290557601406, 37.44742201982971], [-121.8929168570574, 37.44742364089459], [-121.892928141694, 37.447425028035404], [-121.89293943172049, 37.44742603005742], [-121.89294509380174, 37.447427029939846], [-121.89295068311942, 37.4474297279108], [-121.8929619488914, 37.44743237167965], [-121.89296787058575, 37.44743625709986], [-121.89296193182341, 37.44744521396239], [-121.89296175844856, 37.44744525318748], [-121.89295040464168, 37.447448575192574], [-121.89294423321567, 37.44745406170698], [-121.89293899603756, 37.447455607886944], [-121.8929276305526, 37.447459725803405], [-121.8929167986669, 37.44746281816312], [-121.89291627764403, 37.44746293726458], [-121.89290492653211, 37.44746607883373], [-121.8928935538606, 37.44747069027192], [-121.89289179675592, 37.44747159672685], [-121.89288210483231, 37.44748044803425], [-121.89288198805133, 37.447480517926074], [-121.89287074473721, 37.44748419866041], [-121.89286130973181, 37.44748933785239], [-121.89285934152302, 37.4474908369616], [-121.89284866414755, 37.44749823266174], [-121.89284791854585, 37.447498811052554], [-121.89283649287377, 37.44750706471002], [-121.89283631860059, 37.447507131035955], [-121.892825763396, 37.44751604509911], [-121.89282504923537, 37.44751648869837], [-121.89281368285205, 37.447520590921464], [-121.89280238294411, 37.44752027426865], [-121.89279638040138, 37.44751576981085], [-121.8927931976703, 37.44750672666168], [-121.8927920145891, 37.44749770205415], [-121.89279473917935, 37.44748871381782], [-121.8927999556962, 37.44747974982863], [-121.89280307913845, 37.44747305304554], [-121.89280437091583, 37.447470777993374], [-121.89281290850428, 37.44746184466889], [-121.89281457577745, 37.44746001535556], [-121.89282167516315, 37.447452914196056], [-121.89282604367038, 37.44744897528808], [-121.89283036995677, 37.447443982295844], [-121.89283752773296, 37.447436809103344], [-121.89283999001516, 37.44743505895265]]}, "properties": {"elev": 8.0, "Shape_Leng": 52.0190763489, "GlobalID": "{E6CED190-F7A1-4139-9706-C51F945BE5A8}"}}, {"type": "Feature", "geometry": {"type": "LineString", "coordinates": [[-121.89646612050801, 37.44745835506642], [-121.89646787851102, 37.44745997898325], [-121.89646843187326, 37.44746899717669], [-121.89646594982813, 37.44747004127585], [-121.89646363486965, 37.44746895224619], [-121.89646268355375, 37.4474599297736], [-121.89646612050801, 37.44745835506642]]}, "properties": {"elev": 8.0, "Shape_Leng": 3.88974170527, "GlobalID": "{29A64100-69DC-42A1-A35B-ED8B1B5453A8}"}}, {"type": "Feature", "geometry": {"type": "LineString", "coordinates": [[-121.89559573743932, 37.44745132522503], [-121.89559690165592, 37.44745184228251], [-121.89559572486291, 37.44745225307573], [-121.89558621799226, 37.447451741723754], [-121.89559573743932, 37.44745132522503]]}, "properties": {"elev": 9.0, "Shape_Leng": 2.41363860984, "GlobalID": "{43D813BE-C7E7-4249-8700-26D693D73AED}"}}, {"type": "Feature", "geometry": {"type": "LineString", "coordinates": [[-121.8958222467399, 37.44742356101806], [-121.89582291418814, 37.44742691369103], [-121.89582444940898, 37.447435941873024], [-121.89582219823087, 37.4474449336816], [-121.89582213624712, 37.44745394688455], [-121.89582179578562, 37.447454217180784], [-121.89582141489996, 37.447453939752705], [-121.89582156491862, 37.44744492797609], [-121.89581565220742, 37.447435859856974], [-121.89581447541437, 37.4474268352409], [-121.8958222467399, 37.44742356101806]]}, "properties": {"elev": 9.0, "Shape_Leng": 9.36074836176, "GlobalID": "{850EB786-6627-4743-8870-7F0144D582E7}"}}, {"type": "Feature", "geometry": {"type": "LineString", "coordinates": [[-121.89487284516383, 37.44740866619073], [-121.89486154076432, 37.44740860129108], [-121.89486139074566, 37.447408912952106], [-121.89486153088285, 37.447409260985445], [-121.89487283797733, 37.44740915329479], [-121.89487294397853, 37.44740902135592], [-121.89487284516383, 37.44740866619073]]}, "properties": {"elev": 8.0, "Shape_Leng": 2.68818181038, "GlobalID": "{6E44A17C-C779-4370-A5F0-68128A879A19}"}}, {"type": "Feature", "geometry": {"type": "LineString", "coordinates": [[-121.89478259412219, 37.447395793234854], [-121.89478712612281, 37.44739920510327], [-121.89478932519863, 37.44740823899407], [-121.8947823291192, 37.447413799682444], [-121.89477104807585, 37.44741220500515], [-121.89476844385983, 37.44740804429507], [-121.89476975001027, 37.44739904178433], [-121.8947712924176, 37.44739550011659], [-121.89478259412219, 37.447395793234854]]}, "properties": {"elev": 9.0, "Shape_Leng": 8.06929605618, "GlobalID": "{38FB5024-E808-43D6-90D2-49F343407540}"}}, {"type": "Feature", "geometry": {"type": "LineString", "coordinates": [[-121.89561910621313, 37.447399764238874], [-121.89562529291047, 37.44740704084648], [-121.89563019052542, 37.447414741797246], [-121.8956304195958, 37.447416101837284], [-121.89563015908439, 37.447416961935986], [-121.8956288915615, 37.4474160882868], [-121.89561893643152, 37.44741126217712], [-121.89561728981961, 37.44740696596222], [-121.89561910621313, 37.447399764238874]]}, "properties": {"elev": 9.0, "Shape_Leng": 5.90189533859, "GlobalID": "{F8EDC653-0144-42C1-8A7C-58F91038FF21}"}}, {"type": "Feature", "geometry": {"type": "LineString", "coordinates": [[-121.8939915448695, 37.44737531774206], [-121.89398958115228, 37.44738272985686], [-121.89399111098321, 37.44739175804419], [-121.8939912978328, 37.447392115348975], [-121.89399144156326, 37.4473917608969], [-121.89399468178648, 37.447382778353294], [-121.8939915448695, 37.44737531774206]]}, "properties": {"elev": 8.0, "Shape_Leng": 4.85877864591, "GlobalID": "{8DD3CED4-CF4D-48F3-A2C0-57394D53C289}"}}, {"type": "Feature", "geometry": {"type": "LineString", "coordinates": [[-121.89634258419017, 37.44740270968535], [-121.89633131841816, 37.44739993682921], [-121.89632635702284, 37.44740457679878], [-121.89633118456919, 37.447409113356564], [-121.8963424224934, 37.44741361996032], [-121.89634503209929, 37.4474047508155], [-121.89634258419017, 37.44740270968535]]}, "properties": {"elev": 8.0, "Shape_Leng": 6.07291260416, "GlobalID": "{C4DE1300-D28B-4E2C-8285-8A4176549EC2}"}}, {"type": "Feature", "geometry": {"type": "MultiLineString", "coordinates": [[[-121.90031007538931, 37.44744146690021], [-121.90031054610654, 37.44744171865373], [-121.90031552367152, 37.447450778927106], [-121.90030988853972, 37.447454222173086], [-121.90029856617389, 37.4474554780877], [-121.90028727255414, 37.447454670764955], [-121.9002759439001, 37.447456289689555], [-121.9002712421179, 37.447459379909816], [-121.90026656998008, 37.447468350320136], [-121.90026537971235, 37.447477352109345], [-121.90026432149696, 37.44748635603706], [-121.90026444526717, 37.44748960796135]], [[-121.90025993018739, 37.44748801934289], [-121.90025952808656, 37.44748631110656], [-121.90025300721595, 37.44747860517087], [-121.90025291379114, 37.44747723586061], [-121.90024756612026, 37.44746817273768], [-121.90024192470028, 37.44746339298825], [-121.90023065084345, 37.44746126984373], [-121.90021937069844, 37.44745958887236], [-121.90021593464247, 37.447458865705165], [-121.90020808606184, 37.447458191747614], [-121.90019794048901, 37.44745869810728], [-121.90019677088252, 37.44745884716243], [-121.90019530393366, 37.44745867385904], [-121.90018547816108, 37.447458019870616], [-121.90017668365445, 37.447458499842526], [-121.90017623269902, 37.447458570604724]], [[-121.90017321366504, 37.44745750836547], [-121.90016827362676, 37.44744940890318], [-121.90017037748116, 37.44744041495559], [-121.90017452140957, 37.44743418673005], [-121.90018573418095, 37.447440546894406], [-121.90018576113039, 37.447440558305324], [-121.90019695773212, 37.44744610187489], [-121.90020823967376, 37.44744769726465], [-121.9002195629379, 37.44744643921034], [-121.9002308754223, 37.44744586723778], [-121.90024219060159, 37.44744524819515], [-121.9002534932045, 37.44744539867671], [-121.90026479580742, 37.44744557911197], [-121.90027608044402, 37.447446959120526], [-121.90028739292836, 37.44744648128814], [-121.90029873954875, 37.44744361500671], [-121.90030832097956, 37.44744169868461], [-121.90031007538931, 37.44744146690021]]]}, "properties": {"elev": 9.0, "Shape_Leng": 46.5227643515, "GlobalID": "{9AA150F4-74B8-4ABD-B9CC-27B107178807}"}}, {"type": "Feature", "geometry": {"type": "LineString", "coordinates": [[-121.89370893937267, 37.44737393773218], [-121.8937151709858, 37.447371147758595], [-121.89372031653575, 37.44736909093749], [-121.89373167573251, 37.447365388802], [-121.89374299540343, 37.44736435682548], [-121.89375119792027, 37.447362471881455], [-121.89375434202377, 37.44736158325478], [-121.89376568235592, 37.447359164849345], [-121.8937769948403, 37.44735869771411], [-121.89378830642636, 37.44735819705922], [-121.89379959196127, 37.447359544976166], [-121.89380891108402, 37.447363011761375], [-121.893810837072, 37.44736365505294], [-121.89382205972484, 37.44736918008544], [-121.89382369915023, 37.44737216404497], [-121.89382766341556, 37.44738121505546], [-121.89383308295169, 37.44738833405133], [-121.89383469902089, 37.447390293878925], [-121.89384423014606, 37.4473990510557], [-121.89384450143724, 37.447399399089136], [-121.89384557851729, 37.44740842228214], [-121.89384905320081, 37.44741746829592], [-121.89385514557506, 37.44742548090657], [-121.89385586243067, 37.447426544975485], [-121.89385684878083, 37.447435568165204], [-121.89385493986084, 37.447439502081636], [-121.89385021292583, 37.447444519322424], [-121.89384349712076, 37.44744888114796], [-121.89383674807803, 37.447453406292084], [-121.89383209390657, 37.447455488072244], [-121.89382071404854, 37.447460625839824], [-121.89381433960328, 37.44746220981837], [-121.89380936652988, 37.447463439345114], [-121.89379803967245, 37.44746494130761], [-121.89378666879759, 37.44746944719482], [-121.89377535721152, 37.44746993501168], [-121.8937640474221, 37.44747020388145], [-121.8937527457175, 37.447469959973056], [-121.89374150869163, 37.44746537206982], [-121.89373025369943, 37.44746194094855], [-121.89372622385706, 37.44746138466613], [-121.89371897175778, 37.44746036624137], [-121.89370773293525, 37.44745588174909], [-121.89370246880769, 37.447452148951065], [-121.89369654441836, 37.447447973266364], [-121.89369014751524, 37.44744302021225], [-121.8936853720712, 37.447439019970076], [-121.89367897337141, 37.4474339021701], [-121.89367419253749, 37.44743041613223], [-121.89366635204169, 37.447424771289555], [-121.89366301300379, 37.44742198131787], [-121.89365454189063, 37.44741564682652], [-121.89365628821555, 37.44740665002216], [-121.89366317470054, 37.44739770099998], [-121.89366337143157, 37.447397588316996], [-121.89367477464579, 37.447390954286625], [-121.89367901649057, 37.44738883613235], [-121.89368617157179, 37.44738470608782], [-121.89369527420058, 37.44737997482958], [-121.89369755681972, 37.447379248095714], [-121.89370893937267, 37.44737393773218]]}, "properties": {"elev": 8.0, "Shape_Leng": 59.384130385, "GlobalID": "{4F73211F-150D-4422-9DAF-0A4809A39622}"}}, {"type": "Feature", "geometry": {"type": "LineString", "coordinates": [[-121.8937209076272, 37.44732894368984], [-121.89372719763084, 37.447335208296494], [-121.8937207306591, 37.44734093587529], [-121.89370948824332, 37.44733670669565], [-121.8937090642385, 37.44733503784558], [-121.89370953046412, 37.44733383327815], [-121.8937209076272, 37.44732894368984]]}, "properties": {"elev": 8.0, "Shape_Leng": 5.44231092547, "GlobalID": "{EB2CD694-D278-4BA6-BEF6-2C6D2EBC6750}"}}, {"type": "Feature", "geometry": {"type": "LineString", "coordinates": [[-121.8949984961159, 37.44732053667815], [-121.8949949801099, 37.44732904210918], [-121.89498843049314, 37.447337993992356], [-121.8949868871875, 37.447341226141084], [-121.89498487855452, 37.447346973688546], [-121.89498513996426, 37.44735598975608], [-121.89498663206595, 37.4473585251237], [-121.89499797149979, 37.447356170904705], [-121.89499801641554, 37.447356110997276], [-121.89500110841675, 37.44734712630986], [-121.89500272538426, 37.4473381280709], [-121.89500702022966, 37.447329154792236], [-121.8949984961159, 37.44732053667815]]}, "properties": {"elev": 8.0, "Shape_Leng": 12.4620994628, "GlobalID": "{9E31560E-F863-466B-AC23-BACF2CF6EA6B}"}}, {"type": "Feature", "geometry": {"type": "LineString", "coordinates": [[-121.89576697968867, 37.4473379412167], [-121.89577219979878, 37.44733630731274], [-121.89577833259723, 37.44733470407558], [-121.89578076972661, 37.44733638718929], [-121.8957894977579, 37.44734419726443], [-121.89579133391436, 37.44734549882471], [-121.89579474302083, 37.44735454413289], [-121.89579292213577, 37.44736354094354], [-121.89580045540775, 37.4473678243236], [-121.89580293565623, 37.44737264829656], [-121.89581157565264, 37.44738040773188], [-121.89581364896432, 37.44738176135384], [-121.89581280005638, 37.447390766006265], [-121.89581131963277, 37.447397810830175], [-121.89580755209849, 37.44739973071929], [-121.8958050197477, 37.447408719679466], [-121.89579972777236, 37.44741734990753], [-121.8957994600744, 37.44741768225081], [-121.8957927065401, 37.44742663198381], [-121.89578817723444, 37.447434101861276], [-121.89578636353589, 37.44743558599478], [-121.89577841973382, 37.44744452502788], [-121.89577671383309, 37.44744480816144], [-121.89577509776389, 37.447444493647865], [-121.89577005821515, 37.447435434086856], [-121.8957701381652, 37.44742642088164], [-121.89576927757918, 37.44741739983033], [-121.8957659295581, 37.44740940433523], [-121.8957656825214, 37.44740835310336], [-121.89576393799314, 37.44739932277852], [-121.8957623910942, 37.44739029530531], [-121.89576008511887, 37.44738125998598], [-121.895755167741, 37.447372435767846], [-121.89575511204545, 37.44737220113052], [-121.8957534744167, 37.44736317222764], [-121.89575117383123, 37.447354136905076], [-121.89575184846602, 37.44734513010873], [-121.89575560252561, 37.44734287074276], [-121.89576697968867, 37.4473379412167]]}, "properties": {"elev": 9.0, "Shape_Leng": 36.1366013161, "GlobalID": "{B4C0767C-33E6-4142-9A1F-3CD510BC9CE9}"}}, {"type": "Feature", "geometry": {"type": "LineString", "coordinates": [[-121.89370917293463, 37.447317012123115], [-121.89369840213439, 37.447321896006706], [-121.89368753251946, 37.447325822797275], [-121.89368703485279, 37.447326100938945], [-121.89367564062171, 37.44733211521834], [-121.89366432274745, 37.44733298530261], [-121.89365305607716, 37.44733041213537], [-121.89364176874562, 37.44732918688553], [-121.89363046614272, 37.447329092745264], [-121.89361916623477, 37.44732873116103], [-121.89360786363183, 37.44732849866309], [-121.89359657450366, 37.44732746026741], [-121.89358526920583, 37.447327513043014], [-121.89357391719557, 37.4473307109594], [-121.89356260021964, 37.44733149831436], [-121.89355132636283, 37.44732935091781], [-121.89354001477676, 37.44732981734002], [-121.89352870858058, 37.44732990791443], [-121.8935173835198, 37.44733121731989], [-121.89350606654385, 37.44733203534176], [-121.89349475765273, 37.447332317049366], [-121.89348345055826, 37.44733245112791], [-121.89347890777788, 37.44733288331733], [-121.89347212909072, 37.447333619323004], [-121.89346078875859, 37.44733600634919], [-121.89344945651128, 37.4473378513556], [-121.89343815211171, 37.44733782425463], [-121.89342685040714, 37.447337528283356], [-121.8934155567874, 37.44733681509956], [-121.89340427574405, 37.44733514696273], [-121.89339299110745, 37.44733381330897], [-121.89338164987699, 37.44733626666125], [-121.89337316439081, 37.44734090592159], [-121.89337026013752, 37.44734200279814], [-121.89336598685169, 37.44734083888229], [-121.89335901862003, 37.44733770515293], [-121.8933477375767, 37.44733607766756], [-121.89333640982096, 37.447337635974115], [-121.89332506589554, 37.44734027118806], [-121.89332428346295, 37.44734044805764], [-121.89331371747858, 37.447343198094096], [-121.8933023978077, 37.447344188706246], [-121.89329108442499, 37.44734473072584], [-121.89327975307599, 37.4473465529102], [-121.89326842801522, 37.447347952889736], [-121.89326008356456, 37.44734886005935], [-121.89325710475106, 37.44734917029424], [-121.89324576352058, 37.44735160795597], [-121.89323442318845, 37.44735402564841], [-121.89322317807772, 37.44734996478084], [-121.89321974920827, 37.44734848278521], [-121.89321192308553, 37.447346590708925], [-121.8932057624393, 37.44734835227262], [-121.89320054682075, 37.44735143679188], [-121.89318917864084, 37.44735570876171], [-121.89317785807161, 37.447356767126166], [-121.89317266580929, 37.44735705525233], [-121.89316654468894, 37.44735734195214], [-121.8931552286113, 37.44735804729067], [-121.89314391253367, 37.44735882323442], [-121.89313258477794, 37.447360395090975], [-121.89312125342894, 37.44736213525883], [-121.89310993285972, 37.44736323427466], [-121.89309860240907, 37.447364903837254], [-121.89309401471289, 37.44736533174732], [-121.89308728094151, 37.44736607702411], [-121.89307595677907, 37.44736731867658], [-121.89306466765088, 37.447366263165], [-121.89305650645652, 37.447364980147896], [-121.89305338660753, 37.44736462070338], [-121.89304734992882, 37.447364895279065], [-121.89304206783495, 37.44736559990434], [-121.89303071043481, 37.447369098782495], [-121.89301937369594, 37.44737128896891], [-121.89300803785537, 37.44737338715455], [-121.89300727069411, 37.44737353193078], [-121.89299669482827, 37.44737596103349], [-121.89298530688544, 37.44738161586448], [-121.89298438162069, 37.447382331187356], [-121.89297385965375, 37.44739120532714], [-121.89297384078913, 37.4473912459786], [-121.8929649582476, 37.44740017574561], [-121.89296239894735, 37.447401838888716], [-121.89296062657131, 37.44740013509415], [-121.89295651049068, 37.44739108408601], [-121.89295787682823, 37.44738208299957], [-121.89295145117899, 37.44737757496752], [-121.89294015935586, 37.447376615022684], [-121.89292884507485, 37.4473773389038], [-121.89291752270901, 37.44737849283455], [-121.89290620483474, 37.44737937718191], [-121.8928948860622, 37.44738032785533], [-121.89288361040872, 37.447378261763085], [-121.89287239045083, 37.447372472853424], [-121.89287137804952, 37.4473722588984], [-121.89286112467886, 37.44736984191968], [-121.89284982207595, 37.44736970784116], [-121.89283848623538, 37.44737182884878], [-121.89283803078952, 37.447371947237194], [-121.89282714949647, 37.44737395984085], [-121.89281581455423, 37.44737596103349], [-121.89280447691704, 37.44737819115798], [-121.89279314017816, 37.44738036779358], [-121.89279278264864, 37.44738053610489], [-121.89278173696393, 37.447387048181824], [-121.89277889469436, 37.447389420229456], [-121.89277032746152, 37.44739409371928], [-121.8927589835361, 37.44739675103992], [-121.8927568078165, 37.44739822590277], [-121.8927475515758, 37.447405342044284], [-121.89274599299877, 37.44740713783938], [-121.8927377491594, 37.44741607402311], [-121.89273604685195, 37.44741891819693], [-121.89273214277372, 37.44742503516725], [-121.8927245358399, 37.44743285093858], [-121.89271983765096, 37.44743393283696], [-121.8927131757448, 37.44743664507127], [-121.89270877669487, 37.44744284191659], [-121.89270783436213, 37.44745184727476], [-121.89270405155648, 37.44746082481777], [-121.89270141679773, 37.44746738181826], [-121.8927007448579, 37.44746980735201], [-121.89269860776584, 37.44747879986967], [-121.89270078977367, 37.447487833750884], [-121.89270110059074, 37.4474888393379], [-121.89270260616719, 37.44749686406504], [-121.89270363114491, 37.44750588724626], [-121.89270423750773, 37.44751490614736], [-121.8927051178567, 37.44752392790007], [-121.89270410365876, 37.447532931822195], [-121.8927003972099, 37.4475365740421], [-121.89269512140423, 37.44754186085907], [-121.89269963813348, 37.44755091612811], [-121.89270018161423, 37.447551195695304], [-121.89271137282603, 37.4475589529726], [-121.8927121597502, 37.44756004699329], [-121.89271402105949, 37.447569078011924], [-121.89271543590607, 37.44757810403717], [-121.89271715348488, 37.44758713434043], [-121.89271852341568, 37.44759615965036], [-121.89272144653366, 37.44760520064919], [-121.89272195677673, 37.44760787008647], [-121.89272298085613, 37.44761422809645], [-121.89272251103723, 37.44762323699995], [-121.89272310482366, 37.44763225588691], [-121.89272494098009, 37.44764128689682], [-121.89272640613233, 37.44765031433975], [-121.8927288558381, 37.44765935033972], [-121.89273240418348, 37.44766603070303], [-121.89273414511848, 37.44766841272634], [-121.8927386420848, 37.44767746798006], [-121.89274078905834, 37.447686501837225], [-121.89274156250778, 37.447695522142894], [-121.89274020515342, 37.44770452319157], [-121.89273854506673, 37.44771351996013], [-121.89273903015699, 37.447722538122996], [-121.89273971467325, 37.44773155771115], [-121.89274072078636, 37.44774058086407], [-121.89274253538323, 37.447745625185576], [-121.89274583040371, 37.447749641814504], [-121.89275283366966, 37.44775872130647], [-121.8927536286787, 37.44776001430139], [-121.89276492768833, 37.44776045575963], [-121.89276699381348, 37.447758853957914], [-121.89276985045608, 37.44774986717932], [-121.89277477322383, 37.44774089965554], [-121.89277606949281, 37.447731899324374], [-121.89277666956741, 37.447730759662704], [-121.89278141536705, 37.447722934651146], [-121.89278306557225, 37.44771393788372], [-121.8927883305981, 37.447706631352446], [-121.89279001763423, 37.44770498889831], [-121.89279651335204, 37.447696037059096], [-121.89279987574614, 37.447690395802304], [-121.89280242157167, 37.4476870788002], [-121.89281134004578, 37.447679596110724], [-121.89281456050608, 37.44768719290904], [-121.89281442396216, 37.447696204656516], [-121.89282235159453, 37.4476994503402], [-121.89283358862045, 37.44770407888029], [-121.89283649916197, 37.447705424651446], [-121.89284476366258, 37.44771290020656], [-121.89284953461505, 37.44771455977684], [-121.89284802544539, 37.4477235601101], [-121.89284451393094, 37.447729866761364], [-121.89284253584067, 37.44773252121734], [-121.8928432140687, 37.4477415408043], [-121.89284431450493, 37.44774335798669], [-121.8928484027378, 37.44775060318094], [-121.89285538085093, 37.44775957426948], [-121.8928667229797, 37.447757088124845], [-121.89286802643517, 37.44775078718133], [-121.89286958052061, 37.44774178827772], [-121.89287011501821, 37.447732780101724], [-121.89286881785094, 37.44772375409505], [-121.89286732664756, 37.44771609810646], [-121.89286080847188, 37.447714666040675], [-121.89286738054649, 37.44771245375576], [-121.8928683498287, 37.447705722760766], [-121.89286760512532, 37.44769725231843], [-121.89286742995382, 37.44769670102998], [-121.89286748295443, 37.44768768928264], [-121.89286779466984, 37.44768432093139], [-121.89286806775768, 37.4476786811001], [-121.89286812345323, 37.447669667924174], [-121.8928683390489, 37.447660656886775], [-121.89286816477573, 37.44765922268039], [-121.89286677598031, 37.447651628731904], [-121.89286599893758, 37.44764260770777], [-121.89286666189427, 37.447633600946155], [-121.89286645707838, 37.44762458633847], [-121.89286598007297, 37.4476155681638], [-121.8928649955194, 37.44760654570895], [-121.89286373158981, 37.447597519687115], [-121.89286309378596, 37.44758850079598], [-121.89286192148451, 37.44757947691151], [-121.89286168253263, 37.44757046087094], [-121.89286249011808, 37.4475614562402], [-121.89286255210185, 37.44755244305017], [-121.8928630785146, 37.44754343413815], [-121.89286501797729, 37.44753443877554], [-121.89286826898031, 37.44752545624906], [-121.89287018149354, 37.44752236603152], [-121.89287355915901, 37.44751649297749], [-121.89288167274265, 37.44750977622853], [-121.89288463808141, 37.44750758319343], [-121.89289309661814, 37.44750169730094], [-121.8928994468089, 37.44749870906746], [-121.8929044899509, 37.44749571227568], [-121.8929158518426, 37.44749185609908], [-121.8929247451639, 37.44748993193324], [-121.89292719756465, 37.44748905614534], [-121.89293854059174, 37.44748652434807], [-121.8929498521778, 37.44748608502775], [-121.8929611440009, 37.44748696509478], [-121.8929724286375, 37.4474883322653], [-121.89298371686736, 37.44748951900068], [-121.89298842763272, 37.447490528866844], [-121.89299498892754, 37.44749176124588], [-121.89300628703887, 37.44749222481435], [-121.89301759862492, 37.44749170704401], [-121.89302891380427, 37.44749108728858], [-121.8930328547134, 37.44749094465213], [-121.89304022359369, 37.44749069075924], [-121.89305155314605, 37.44748912033177], [-121.89306288000346, 37.44748757272612], [-121.89307416913164, 37.44748868529059], [-121.89308546724297, 37.44748918309182], [-121.89309675008295, 37.44749069075924], [-121.89310804549932, 37.44749126487098], [-121.89311937774663, 37.44748941416288], [-121.89313066058659, 37.4474909218303], [-121.8931382953682, 37.4474919331228], [-121.89314194252826, 37.44749248797863], [-121.89315324423285, 37.4474927597011], [-121.8931645441408, 37.447493084198996], [-121.89317585482857, 37.447492677685126], [-121.893177574204, 37.44749230112488], [-121.89318720773711, 37.44748941772879], [-121.89319856693388, 37.44748579832843], [-121.89320989648624, 37.447484088830336], [-121.89322117393633, 37.44748597020537], [-121.89323247114933, 37.447486508658066], [-121.89324373961625, 37.44748900194353], [-121.89325501886297, 37.447490739968806], [-121.89326636817827, 37.44748778026219], [-121.89327771300198, 37.44748507230883], [-121.89328902818131, 37.44748439977785], [-121.8933003307842, 37.447484510321104], [-121.89331072788531, 37.44748453385611], [-121.89331163608206, 37.447484535995635], [-121.8933116738113, 37.44748454312748], [-121.89332290454901, 37.44748698007161], [-121.89333415145634, 37.447490904000745], [-121.8933454396862, 37.44749206577473], [-121.89335674498406, 37.44749205222424], [-121.89336805297685, 37.44749182685864], [-121.8933793528848, 37.44749216419384], [-121.8933906653692, 37.44749165212896], [-121.89340200749795, 37.44748912888995], [-121.8934133586099, 37.44748604508955], [-121.89342464324649, 37.447487479299234], [-121.89343593506963, 37.44748835294758], [-121.8934464202056, 37.44748580474707], [-121.89344728079166, 37.447485560125514], [-121.89345860405581, 37.44748433987052], [-121.89346994438797, 37.44748189080222], [-121.89348128651675, 37.44747936328376], [-121.89349260708595, 37.447478349851565], [-121.89350392136696, 37.44747770798738], [-121.89350876508297, 37.447477374931196], [-121.89351523744459, 37.447476951300835], [-121.89352656160706, 37.44747563619241], [-121.89353789924427, 37.447473461699055], [-121.8935452833959, 37.44746870405865], [-121.89354930156016, 37.447466836233616], [-121.89356067063841, 37.4474625072155], [-121.89357199749581, 37.44746096388841], [-121.89358328572567, 37.44746215775602], [-121.89359454520945, 37.447465245123375], [-121.89360319598562, 37.44746924607733], [-121.89360577594712, 37.44747028019199], [-121.89361702285447, 37.44747424833933], [-121.89362535652539, 37.447478466813486], [-121.8936282437107, 37.447479930976975], [-121.89363945199052, 37.44748651293718], [-121.89364143187738, 37.44748763120705], [-121.89365065847366, 37.4474931861841], [-121.89365537283227, 37.44749677491722], [-121.89366184070232, 37.44750155181181], [-121.89366740756216, 37.44750590079674], [-121.89367302472762, 37.447509771949434], [-121.89368055710126, 37.44751503665969], [-121.89368421593943, 37.44751750712236], [-121.89369339223006, 37.44752417109516], [-121.89369539816808, 37.44752583280913], [-121.89370660375293, 37.44753256382031], [-121.89370846146893, 37.447533324785425], [-121.89371785874515, 37.44753596783751], [-121.89372914338173, 37.44753733714665], [-121.8937404262217, 37.447538889743576], [-121.89375170995999, 37.44754030897545], [-121.89376301346122, 37.447540393130886], [-121.8937743322338, 37.44753947883177], [-121.89378563842993, 37.44753936828857], [-121.89379695810086, 37.44753840977221], [-121.89380830651784, 37.44753540585019], [-121.89381097361593, 37.44753428472825], [-121.89381968457921, 37.44753049416636], [-121.89382707322244, 37.44752542201632], [-121.89383111204795, 37.44752221911603], [-121.8938415360985, 37.447516544326554], [-121.8938425107706, 37.447515793345886], [-121.8938528440913, 37.44750763668211], [-121.89385394991743, 37.44750669528167], [-121.89386534864006, 37.44750033512293], [-121.89386820438435, 37.44749876683524], [-121.89387676353238, 37.44749287309703], [-121.89388006663766, 37.447489864894116], [-121.89388498311722, 37.447480897339176], [-121.89388831496863, 37.447476148257365], [-121.89389175641448, 37.44747194832582], [-121.8938967438609, 37.44746298076872], [-121.8938998861678, 37.447458103312975], [-121.89390363483749, 37.4474540317533], [-121.89390713108055, 37.44744505206994], [-121.8939082099572, 37.44743604813726], [-121.89391000748608, 37.44742705204852], [-121.89390899957635, 37.44741802885779], [-121.89390850460462, 37.44740901065821], [-121.89390908311967, 37.447400003155245], [-121.89390472090064, 37.44739094929432], [-121.8939009560613, 37.44738546206221], [-121.89389828267501, 37.447381876176415], [-121.89389047990845, 37.44737278879367], [-121.89388985018942, 37.44737194866361], [-121.89388319367316, 37.447363707828494], [-121.89387874970747, 37.44735799094918], [-121.89387561548546, 37.447354623296285], [-121.89386846848905, 37.447345543042104], [-121.89386765192046, 37.44734396334021], [-121.89386308308892, 37.44733647990319], [-121.89385834717072, 37.447327421755524], [-121.89385661162562, 37.44732593975943], [-121.89384540065087, 37.447319546065685], [-121.89384284674051, 37.44731826376095], [-121.8938341654216, 37.44731478912865], [-121.89382290773446, 37.44731161189393], [-121.89381163747089, 37.44730925410752], [-121.89380509953227, 37.44730889680233], [-121.89380034115621, 37.447308692831704], [-121.89378903675666, 37.447308644335166], [-121.89377774403523, 37.44730778780113], [-121.89376645850031, 37.44730642918552], [-121.89375514062606, 37.44730733635564], [-121.89374383083663, 37.44730768224992], [-121.8937325255388, 37.44730769865316], [-121.89372980094852, 37.44730819217655], [-121.89372117981675, 37.44731044227214], [-121.89370978289072, 37.44731672470993], [-121.89370917293463, 37.447317012123115]]}, "properties": {"elev": 8.0, "Shape_Leng": 396.940426823, "GlobalID": "{60DF220A-1312-448C-9E91-6AC06F234483}"}}, {"type": "Feature", "geometry": {"type": "LineString", "coordinates": [[-121.89171515614676, 37.4477144223781], [-121.89171949351346, 37.44772199467981], [-121.89172138716208, 37.447731025678905], [-121.8917199839936, 37.4477400260101], [-121.89172127487267, 37.4477490513016], [-121.8917229628071, 37.44775808015789], [-121.89172411085403, 37.44776710402081], [-121.89172468757245, 37.44777228170504], [-121.8917250792379, 37.44777612716946], [-121.89172651564404, 37.4477851531698], [-121.89172831586788, 37.44779418416125], [-121.89173037660314, 37.44780321586481], [-121.89173471366931, 37.44781226967578], [-121.891735376626, 37.44781398772458], [-121.89173715349362, 37.44782130565626], [-121.89173545208449, 37.447830303837094], [-121.89173515204719, 37.44783931414096], [-121.89173543681312, 37.447848330149085], [-121.89173722715549, 37.447857359706596], [-121.89173975591302, 37.44786639710797], [-121.89174398248643, 37.447875450198154], [-121.89174573599786, 37.447878150292446], [-121.89174876152373, 37.4478845082795], [-121.89175004701289, 37.447893534266726], [-121.89174976853516, 37.44790254527609], [-121.89175131992565, 37.44791157197428], [-121.89175334652494, 37.447920605090076], [-121.89175607111521, 37.44792964391013], [-121.89175627054118, 37.44793031501073], [-121.89175834924278, 37.447938677736865], [-121.89176027073916, 37.44794771013617], [-121.89176214642147, 37.44795673968162], [-121.89176485124878, 37.447965779210485], [-121.89176695959475, 37.44797212078704], [-121.89176771956949, 37.447974818738274], [-121.89176926197685, 37.447983846854136], [-121.8917699249335, 37.447992867124], [-121.89177034983663, 37.448001883826805], [-121.89177091577527, 37.44801090195491], [-121.89177279594917, 37.44801993291912], [-121.89177578105085, 37.4480289752931], [-121.89177732705146, 37.44803570483263], [-121.89177779687036, 37.448038006968275], [-121.89177859996421, 37.44804702794471], [-121.89177967165435, 37.448056051059666], [-121.89178131377469, 37.448065079878916], [-121.8917827259263, 37.448074105844306], [-121.8917842764185, 37.44808313394821], [-121.89178554753464, 37.44809215919829], [-121.8917864045274, 37.44810118088141], [-121.8917875570659, 37.44810854514144], [-121.89178778793294, 37.44811020684246], [-121.89178915247383, 37.44811923280246], [-121.89179026368986, 37.44812825733501], [-121.89179262446244, 37.448137291850955], [-121.89179591319468, 37.448146336350206], [-121.891797125022, 37.44815536087949], [-121.89179806016823, 37.44816291412584], [-121.8917981940172, 37.44816438398135], [-121.8917996106604, 37.44817341064797], [-121.89180026562454, 37.44817844108129]]}, "properties": {"elev": 14.0, "Shape_Leng": 526.308038307, "GlobalID": "{AE96E064-7C79-4AFC-8221-715ED9187002}"}}, {"type": "Feature", "geometry": {"type": "LineString", "coordinates": [[-121.8916787776893, 37.44731185237595], [-121.89168155855732, 37.447316040053316], [-121.89168442687803, 37.447325079659656], [-121.89168598815, 37.447330303018255], [-121.89168705085697, 37.44733411783849], [-121.8916904375056, 37.44734316314809], [-121.89169060818548, 37.447352177789675], [-121.89169281444784, 37.44736121168613], [-121.89169671672943, 37.447369334846215], [-121.89169710210669, 37.44737026626382], [-121.89169756563736, 37.44737928304171], [-121.89169771655435, 37.44738829767894], [-121.8916993308269, 37.44739732586559], [-121.89170042856817, 37.44740634977202], [-121.89170264201704, 37.447415383661934], [-121.89170448086843, 37.44742441469805], [-121.8917054070315, 37.44743343717489], [-121.89170683445448, 37.44744246321654], [-121.8917069287776, 37.44744344526921], [-121.89170798519636, 37.447451487117554], [-121.89170931110972, 37.44746051315697], [-121.89171084004232, 37.44746954133491], [-121.89171156408445, 37.44747856095358], [-121.89171362122646, 37.44748759412158], [-121.89171631886724, 37.447496632280796], [-121.89171731420059, 37.44750565474893], [-121.89171731599721, 37.447505676857524], [-121.89171857723187, 37.44751468006862], [-121.89172233757967, 37.44752372820913], [-121.89172595958688, 37.44753277634849], [-121.89172506935643, 37.44754178098274], [-121.89172485645571, 37.44755079203447], [-121.891726119487, 37.44755981734877], [-121.89172757565608, 37.44756884408834], [-121.89172768165729, 37.447569304090486], [-121.89172975586726, 37.44757787795866], [-121.89173223521745, 37.447586913967434], [-121.89173354496113, 37.447595939990535], [-121.8917337964894, 37.44760495602805], [-121.89173405161095, 37.44761397135129], [-121.89173493645153, 37.44762299309207], [-121.89173649502851, 37.44763202125039], [-121.89173797275717, 37.44763803193927], [-121.89173875249485, 37.44764105511305], [-121.89174065602492, 37.447650086835054], [-121.89174301859413, 37.44765912212192], [-121.89174558957248, 37.447668158834055], [-121.89174617078245, 37.44767717771557], [-121.89174742393227, 37.44768620301463], [-121.89174850280892, 37.44769061332235], [-121.89174972361941, 37.44769523829709], [-121.8917524158703, 37.44770427714442], [-121.89175533270004, 37.44771331670378], [-121.89175822347862, 37.44772235768845], [-121.89175928169404, 37.44772623881442], [-121.89176078008393, 37.44773139510613], [-121.8917635711495, 37.447740433949036], [-121.89176668291364, 37.447749477069934], [-121.89176958986192, 37.44775851805025], [-121.89177009561341, 37.44775955002134], [-121.89177357748346, 37.44776756830078], [-121.89177551065796, 37.447776600007565], [-121.89177542082642, 37.4477856117442], [-121.89177578823738, 37.4477946291852], [-121.89177660300933, 37.447803650191], [-121.89177713840525, 37.44781266834299], [-121.89177789209175, 37.447821689346625], [-121.89177906708818, 37.44783071320192], [-121.89178029598345, 37.44783444883377], [-121.89178211686854, 37.447839754885536], [-121.89178518551356, 37.447848797281296], [-121.89178639105266, 37.447857821133276], [-121.8917856355695, 37.44786682786792], [-121.8917865985635, 37.447875850291354], [-121.89178835117663, 37.44788487984553], [-121.89179004899252, 37.44789390868539], [-121.89179064457554, 37.447899264655454], [-121.89179111708938, 37.44790293181877], [-121.891792446596, 37.44791195780376], [-121.89179413363213, 37.44792098735356], [-121.89179673964475, 37.44793002474725], [-121.89179927918205, 37.44793906213985], [-121.89180127703523, 37.4479448966491], [-121.8918024556249, 37.447948105236755], [-121.8918062348373, 37.44795715403798], [-121.89180840965858, 37.44796618786138], [-121.89180948763693, 37.44797521098606], [-121.89181085666944, 37.44798423696229], [-121.89181191937642, 37.447989771220314], [-121.8918126461135, 37.44799326721655], [-121.89181469247569, 37.44800230032245], [-121.89181668044743, 37.44801133200086], [-121.89181899091435, 37.44802036724409], [-121.89182102470014, 37.44802939892036], [-121.89182252398835, 37.44803728523307], [-121.89182273958403, 37.448038427742766], [-121.89182575702505, 37.44804747011453], [-121.89182975812132, 37.448056521043235], [-121.89183132298656, 37.44806554914925], [-121.89183157092157, 37.448074563703784], [-121.89183316902447, 37.44808198502059], [-121.89183351397755, 37.448083596086676], [-121.89183483360267, 37.448092622049856], [-121.89183604093843, 37.44810164587248], [-121.89183781151786, 37.44811067611256], [-121.89184043819174, 37.44811971419643], [-121.89184312505276, 37.448128752992496], [-121.89184366404194, 37.44813694096824], [-121.89184371344928, 37.44813777110528], [-121.89184527561954, 37.448146799201496], [-121.89184896410211, 37.44815584726549], [-121.89185447706302, 37.448164911731524], [-121.89185453994507, 37.44816604496799], [-121.8918548471689, 37.448173929126774], [-121.89185534842883, 37.448182947234145], [-121.89185583245435, 37.448184370479765]]}, "properties": {"elev": 13.0, "Shape_Leng": 707.432602162, "GlobalID": "{28060625-6EBD-4A61-BCF0-F6A6DB130124}"}}, {"type": "Feature", "geometry": {"type": "LineString", "coordinates": [[-121.8950137486111, 37.44729316467395], [-121.8950101508584, 37.44729675484306], [-121.89500543290654, 37.44730210015811], [-121.89500545446612, 37.4473111140915], [-121.89499955163637, 37.44732007168222], [-121.8950097214637, 37.447325928348434], [-121.89501046886201, 37.44732017366755], [-121.89501211008404, 37.4473111761385], [-121.8950213537483, 37.447303712667406], [-121.89502237782773, 37.44730225919822], [-121.895028287844, 37.44729330017894], [-121.89502160437829, 37.44728665615473], [-121.8950137486111, 37.44729316467395]]}, "properties": {"elev": 8.0, "Shape_Leng": 13.2998111549, "GlobalID": "{4903BF07-A822-4963-A17A-C6DB9ADA516A}"}}, {"type": "Feature", "geometry": {"type": "LineString", "coordinates": [[-121.899452529246, 37.447329917898955], [-121.89944902401977, 37.447334552880605], [-121.89945243851615, 37.4473360398688], [-121.8994549978164, 37.447334609222125], [-121.899452529246, 37.447329917898955]]}, "properties": {"elev": 8.0, "Shape_Leng": 2.25290058779, "GlobalID": "{0A674AFF-41FA-43C0-A053-C4AC2AC72284}"}}, {"type": "Feature", "geometry": {"type": "LineString", "coordinates": [[-121.89539450223926, 37.44729806282279], [-121.89539902974828, 37.44729676625405], [-121.89540586502929, 37.447294088960625], [-121.89541256466467, 37.4472968932008], [-121.8954170454613, 37.4473025138049], [-121.89542317197154, 37.447306004841], [-121.89541693946012, 37.44730975333634], [-121.8954142175648, 37.44731493533134], [-121.89541065394805, 37.447323915030374], [-121.8954106386767, 37.44733292824788], [-121.89541223498297, 37.447341955728014], [-121.8954128826683, 37.44735097607525], [-121.89541625314723, 37.44735643977488], [-121.89542753149563, 37.447358199198796], [-121.89543882870863, 37.4473587847225], [-121.89545011065029, 37.447360332330824], [-121.89546147344032, 37.447356372022476], [-121.89547013499629, 37.4473605241772], [-121.89547267722855, 37.44736333768625], [-121.89548283088621, 37.447369655778786], [-121.89548388461004, 37.447369945331296], [-121.89548453049872, 37.447369672182006], [-121.89549530848548, 37.44736180077572], [-121.89549707277672, 37.447360775931], [-121.89550674763234, 37.44735269270824], [-121.89551802059083, 37.44735488218193], [-121.89552924054873, 37.447360681790784], [-121.89553082877013, 37.44736109115809], [-121.89554049913419, 37.44736389396941], [-121.8955477889627, 37.44737026269793], [-121.89555166070157, 37.44737360324912], [-121.89555718174732, 37.447379364344606], [-121.89556280699765, 37.44738440583765], [-121.89556719886103, 37.44738847098248], [-121.89557394790378, 37.44739555788442], [-121.89557623681112, 37.447397569061074], [-121.89557559900727, 37.44740657585106], [-121.8955737727323, 37.44740746233768], [-121.89556242521364, 37.44741036784555], [-121.89555107859327, 37.44741320988008], [-121.8955429102124, 37.44741528381633], [-121.8955397310746, 37.44741612109318], [-121.89552838265763, 37.44741900306571], [-121.89551703783391, 37.447421758804744], [-121.89550797652763, 37.4474239710983], [-121.89550569121354, 37.44742458086969], [-121.89549434369488, 37.44742746997371], [-121.89548299617621, 37.44743037690721], [-121.89547382797043, 37.447432664797844], [-121.89547164775922, 37.44743327813512], [-121.89546917918882, 37.44743262200689], [-121.89546052392106, 37.44742352821169], [-121.89546048798846, 37.44742343906379], [-121.89545916297342, 37.4474145007414], [-121.89545772477062, 37.44740547469637], [-121.89545089847277, 37.44739639801425], [-121.89544959681396, 37.44739532182081], [-121.89543835260152, 37.44739112402426], [-121.89543173740778, 37.44739621900528], [-121.89543226292223, 37.44740523720638], [-121.89543138436986, 37.44741424185591], [-121.89543364093788, 37.4474232757449], [-121.89543778845955, 37.4474294982659], [-121.89544195843908, 37.44743236668741], [-121.89544485101429, 37.44744140770604], [-121.89544608080791, 37.44745043232034], [-121.89544580412681, 37.447459442669896], [-121.89544750643428, 37.44746847227433], [-121.89544501091441, 37.44747746193945], [-121.89544833737592, 37.447480892346874], [-121.89545957260518, 37.44748567566105], [-121.89546031910517, 37.44748661920132], [-121.89545949804499, 37.44749076706972], [-121.8954575927183, 37.44749560672473], [-121.8954554071172, 37.447504599239316], [-121.89544796637172, 37.44750616895325], [-121.89544106281875, 37.447504465161025], [-121.89544210306784, 37.447495461948726], [-121.89544293670443, 37.44748645588258], [-121.89543701051849, 37.44748241713079], [-121.89543447098119, 37.44748637671932], [-121.89543410446855, 37.447495387064606], [-121.895432954625, 37.4475043902769], [-121.8954253081653, 37.44750946100202], [-121.89541812613462, 37.44751326368905], [-121.89541390764602, 37.44751592599771], [-121.89540254485598, 37.4475199069799], [-121.89539294006899, 37.44752204224689], [-121.89539120182891, 37.44752247229564], [-121.8953798462254, 37.44752591696465], [-121.89536852385955, 37.44752705377667], [-121.89535723922296, 37.447525717986885], [-121.89534594111163, 37.44752525798445], [-121.89533464389861, 37.44752470883434], [-121.89532334938053, 37.44752397211737], [-121.89531205755743, 37.447523024298484], [-121.89530077022589, 37.4475218668041], [-121.89529440296712, 37.44752112081569], [-121.89528948469096, 37.44752052887464], [-121.89527820185097, 37.44751902477372], [-121.89526692799417, 37.44751692373945], [-121.89525559754348, 37.44751860970177], [-121.8952443254833, 37.44751636389152], [-121.89523887450618, 37.44751158913747], [-121.89523751894839, 37.44750256310414], [-121.89523907483047, 37.44749356417068], [-121.895237554881, 37.447484535995635], [-121.89523617596704, 37.4474755099591], [-121.8952359837276, 37.44746649533238], [-121.8952338340591, 37.447461065160354], [-121.89523238687318, 37.44745744789813], [-121.89522877295079, 37.447448401176004], [-121.89522808753624, 37.44743938084057], [-121.89522802555248, 37.447430368349025], [-121.89522758897125, 37.44742135015095], [-121.89522413674563, 37.44741230485078], [-121.89522325549831, 37.447411648009165], [-121.89521595848325, 37.4474032153322], [-121.89521659898205, 37.447394207115416], [-121.89521531798447, 37.447385181781144], [-121.89521245774861, 37.44737722408129], [-121.89521163579013, 37.44737613433708], [-121.89521117136111, 37.44736711684565], [-121.89520958763127, 37.447358088655335], [-121.89520791047663, 37.44734905975078], [-121.89520720170589, 37.44734004011654], [-121.89521310363727, 37.44733326629703], [-121.8952165540663, 37.44733111390825], [-121.89522447810542, 37.44732859922203], [-121.89523584089545, 37.44732465531524], [-121.89524716865118, 37.44732304779873], [-121.89525256213616, 37.4473224373133], [-121.89525849640691, 37.44732152871702], [-121.895269839434, 37.447318924882445], [-121.8952811582066, 37.44731800202242], [-121.89529248775895, 37.44731636169933], [-121.89530054654537, 37.447313871974025], [-121.89530384965067, 37.44731243205555], [-121.89531518638955, 37.44731029535624], [-121.89532651863686, 37.44730841326357], [-121.89533782842629, 37.44730811871856], [-121.89534793357493, 37.44730530235469], [-121.89534918852138, 37.447304375928546], [-121.89536054322657, 37.44730106033573], [-121.89537183774463, 37.44730171218599], [-121.89538315921216, 37.44730061673517], [-121.89539450223926, 37.44729806282279]]}, "properties": {"elev": 9.0, "Shape_Leng": 150.386151381, "GlobalID": "{E1ACF3FC-335A-40ED-82FB-332BB47028F9}"}}, {"type": "Feature", "geometry": {"type": "LineString", "coordinates": [[-121.89543976205823, 37.447295300660535], [-121.89544168714788, 37.44729716492393], [-121.8954396973795, 37.44729969030901], [-121.8954355830955, 37.44729710786923], [-121.89543976205823, 37.447295300660535]]}, "properties": {"elev": 9.0, "Shape_Leng": 1.86927434427, "GlobalID": "{932CB6DF-D21F-4999-AC5D-A9E658445B31}"}}, {"type": "Feature", "geometry": {"type": "LineString", "coordinates": [[-121.9011957855134, 37.44735080705075], [-121.9011931291951, 37.44735525232425], [-121.9011818149141, 37.44735584925887], [-121.90117053746401, 37.44735391795773], [-121.90116012688819, 37.44735047613353], [-121.90117061651576, 37.44734851773121], [-121.90117656156633, 37.447341614826215], [-121.90118208171374, 37.447337580345724], [-121.90119344540207, 37.447333550857365], [-121.9011976360429, 37.447341810951755], [-121.9011957855134, 37.44735080705075]]}, "properties": {"elev": 8.0, "Shape_Leng": 11.6112954472, "GlobalID": "{A64083C6-E7B7-4963-9509-5D05C7625CC5}"}}, {"type": "Feature", "geometry": {"type": "LineString", "coordinates": [[-121.89591488909684, 37.447273709006694], [-121.89591613236519, 37.44727455912248], [-121.8959234024308, 37.44728364009847], [-121.89592292452706, 37.44729264904176], [-121.89592045775328, 37.447301638728], [-121.89591441298974, 37.44730614177235], [-121.89590664435917, 37.447310522861926], [-121.89590301247048, 37.44731261320427], [-121.89589161284951, 37.44731903685234], [-121.89589098492714, 37.447319389878366], [-121.89588024017803, 37.447323676113754], [-121.89586887559135, 37.44732770417631], [-121.89586745355827, 37.44732818414906], [-121.89585752358113, 37.44733085430934], [-121.8958461967237, 37.447332362693096], [-121.89584136738073, 37.44732794024013], [-121.89583769686448, 37.4473188927892], [-121.89584107722489, 37.447309910950054], [-121.8958465551515, 37.4473080088882], [-121.89585789278868, 37.4473057659243], [-121.89586417111421, 37.44730111311134], [-121.89586931217258, 37.44729804784594], [-121.8958751197809, 37.44729220187532], [-121.89587556983685, 37.44728319293194], [-121.89587851541265, 37.44727420680938], [-121.89588099386454, 37.44727239318153], [-121.89589231982364, 37.44727092830079], [-121.89590362152825, 37.44727111515507], [-121.89591488909684, 37.447273709006694]]}, "properties": {"elev": 9.0, "Shape_Leng": 28.6451890582, "GlobalID": "{A4315479-A7AE-4E37-9112-D5D7D4E0413E}"}}, {"type": "Feature", "geometry": {"type": "LineString", "coordinates": [[-121.89454730917961, 37.447251703699564], [-121.89454985410681, 37.44725277276328], [-121.89455711339264, 37.447261853741914], [-121.89455386598284, 37.44727083701317], [-121.8945568196435, 37.44727987805132], [-121.8945581527434, 37.44728308381472], [-121.89455954423377, 37.4472889169488], [-121.89455795601236, 37.44729644603435], [-121.89455758500813, 37.44729791234092], [-121.89455490174039, 37.447306899887], [-121.89455286705629, 37.44731589385062], [-121.89455644953762, 37.44732494130199], [-121.89455750595639, 37.447327030930715], [-121.89456876274521, 37.447330280196375], [-121.89458009050095, 37.44732873686657], [-121.89459138861227, 37.4473291612109], [-121.8946008299059, 37.44733436887916], [-121.89460260677355, 37.44733508491571], [-121.89461387524047, 37.44733764167957], [-121.89462513652089, 37.44734054719016], [-121.89463642475073, 37.447341664035854], [-121.89464773274354, 37.44734149073226], [-121.89465229169359, 37.44734386420764], [-121.89465887275136, 37.44735271125103], [-121.8946591090083, 37.44735294089616], [-121.89466706089517, 37.44736202899448], [-121.89466995436874, 37.447367839300504], [-121.89467154438677, 37.44737108428526], [-121.89466989507991, 37.44737192584171], [-121.8946585161202, 37.44737699514942], [-121.89465130085185, 37.447379907790335], [-121.89464714524533, 37.447381474654186], [-121.89463578245531, 37.447385292324554], [-121.89462573659549, 37.44738868208477], [-121.89462442056359, 37.44738919415036], [-121.89461305777355, 37.44739312735601], [-121.89460169767847, 37.447396860156935], [-121.89459998009966, 37.447397454951755], [-121.89459033039688, 37.4474011121551], [-121.89457897120009, 37.44740483425792], [-121.89457485242455, 37.447406232810046], [-121.89456760302019, 37.4474090941006], [-121.89455625909477, 37.44741175498661], [-121.89454492774578, 37.44741352082787], [-121.89453361975298, 37.44741371481367], [-121.89452231355683, 37.44741377472105], [-121.89451976323974, 37.447414731099464], [-121.89451518093347, 37.44742370080197], [-121.89451788396414, 37.44743273968204], [-121.89452196950207, 37.447437174252975], [-121.89452581608812, 37.44744182705749], [-121.89453023669763, 37.44745088233859], [-121.89453294242327, 37.44745975789663], [-121.8945329909323, 37.44745992121544], [-121.8945356724034, 37.4474689586648], [-121.89453834758632, 37.447477998252644], [-121.89454097336191, 37.447487035699815], [-121.89454357218801, 37.44749607314592], [-121.894543706037, 37.44749654099348], [-121.89454621323495, 37.44750511130412], [-121.89454848507431, 37.447514145895255], [-121.8945502709251, 37.44752317620628], [-121.89455009395698, 37.44753218797345], [-121.89454482174457, 37.44754115195635], [-121.8945430188258, 37.44754327295906], [-121.89453528073794, 37.447550076000006], [-121.89453158417055, 37.44755207576158], [-121.89452029144911, 37.44755121423809], [-121.89451712488773, 37.447549906262736], [-121.89450903915186, 37.44754762907342], [-121.89449777337988, 37.4475449567813], [-121.89449131089974, 37.44754966378094], [-121.8944959399184, 37.44755872118856], [-121.8944975380213, 37.44756097626895], [-121.89450330071384, 37.44756780284328], [-121.89449737991781, 37.447571694675], [-121.89449339678784, 37.44757672403103], [-121.8944859425676, 37.4475807000177], [-121.89447770950802, 37.44758559030271], [-121.89447451869214, 37.447588751835845], [-121.89446318285157, 37.44759087497675], [-121.89445786572341, 37.447585404875554], [-121.8944520248774, 37.44758085977035], [-121.89444072856271, 37.44758028708566], [-121.89442946009578, 37.447577785958266], [-121.89442730773237, 37.447576104989494], [-121.89441827337556, 37.44756970204576], [-121.8944072142161, 37.44756690423448], [-121.89440701119686, 37.447566842187676], [-121.89440409796036, 37.44756687499401], [-121.89439570500068, 37.447566905660864], [-121.89439530974195, 37.447566792978186], [-121.89438446168658, 37.44756272570346], [-121.89437853999222, 37.44755762288883], [-121.89438459912881, 37.447553437938645], [-121.89439596641041, 37.447549136739646], [-121.8943970461854, 37.4475487822883], [-121.89440730135267, 37.447547116295716], [-121.89441135095797, 37.44754891565331], [-121.89441851412404, 37.4475534136905], [-121.89442978798087, 37.44755551472381], [-121.89444112921133, 37.44755309632463], [-121.89444760247126, 37.447549255127825], [-121.8944525405104, 37.447545796909424], [-121.89445686140692, 37.4475403289445], [-121.89446016990209, 37.4475313457056], [-121.89446110415, 37.447522341783355], [-121.89445842357719, 37.44751330291404], [-121.89445368496406, 37.44750424621408], [-121.89445381072821, 37.447495233730365], [-121.89445338043518, 37.44748870525966], [-121.89445317651763, 37.447486214113766], [-121.89445344152062, 37.44748458520525], [-121.89445587595503, 37.44747722587606], [-121.89446490043036, 37.44747413708284], [-121.89446940368491, 37.44746834033558], [-121.89447200790092, 37.44745935066938], [-121.89447653900321, 37.44745151421848], [-121.89447764482932, 37.447450390242565], [-121.89447767357541, 37.44744137703918], [-121.89447709146712, 37.44743235812922], [-121.89447683185399, 37.447431614279516], [-121.89447289992799, 37.44742330569861], [-121.89447254958503, 37.447414288926005], [-121.89447721273966, 37.447405672248074], [-121.89447752355674, 37.447405322075184], [-121.89448864290335, 37.447397238144056], [-121.89448886658384, 37.44739641513062], [-121.89448865907299, 37.447396136989205], [-121.89447836258324, 37.447387304214644], [-121.89447748942075, 37.44738689413423], [-121.89446618502124, 37.4473868492037], [-121.89445991567887, 37.44737811770006], [-121.8944609694027, 37.44736911375937], [-121.89446654973723, 37.44736209318098], [-121.89447051310427, 37.44736018969414], [-121.894477908934, 37.44735843526257], [-121.89448927891058, 37.44735399997377], [-121.8944933357024, 37.44735138972176], [-121.89449822882573, 37.44734242286338], [-121.89450086448278, 37.44733490804615], [-121.89450111780768, 37.44733343674794], [-121.89450091838171, 37.44733121518037], [-121.8944995592307, 37.44732440926677], [-121.8944982629617, 37.44731538321092], [-121.89449858994848, 37.447306372843975], [-121.89450139269215, 37.447299007078634], [-121.89450318842442, 37.44729740312748], [-121.89451276446536, 37.447294449118694], [-121.89452411557727, 37.4472913653102], [-121.89452758307428, 37.447288618124595], [-121.89452422517176, 37.447283901837125], [-121.89451995907247, 37.4472795328701], [-121.89451304473972, 37.44727543134695], [-121.89450749315125, 37.44727040268385], [-121.89450364297196, 37.447261353799554], [-121.89450830792322, 37.447252384077636], [-121.89451345347317, 37.44724764211325], [-121.89452480997501, 37.44724421098192], [-121.89453605508574, 37.447248286118956], [-121.89454730917961, 37.447251703699564]]}, "properties": {"elev": 9.0, "Shape_Leng": 154.954100283, "GlobalID": "{F17F674D-83EE-466E-BD3B-B87C0FB2EF85}"}}, {"type": "Feature", "geometry": {"type": "LineString", "coordinates": [[-121.89573418668922, 37.44726160412733], [-121.89574304856949, 37.447263927682364], [-121.89573412290883, 37.44726598379316], [-121.89573242599127, 37.447263829262894], [-121.89573418668922, 37.44726160412733]]}, "properties": {"elev": 9.0, "Shape_Leng": 2.79824140184, "GlobalID": "{806E8FB2-3DB1-4D2A-819F-7D971433B4AC}"}}, {"type": "Feature", "geometry": {"type": "LineString", "coordinates": [[-121.89580209213818, 37.44725654622271], [-121.8958023688193, 37.44725546931412], [-121.89581353577658, 37.44724706086774], [-121.89582442695108, 37.447255674711236], [-121.89581380437286, 37.44726458880434], [-121.8958132716719, 37.44726503097869], [-121.89580194301783, 37.44726666702383], [-121.8957905963975, 37.44726947411775], [-121.89577930816763, 37.44726836511597], [-121.89577148024824, 37.447264193700136], [-121.8957794420166, 37.44725927914585], [-121.89579074102627, 37.44725968708738], [-121.89580209213818, 37.44725654622271]]}, "properties": {"elev": 9.0, "Shape_Leng": 14.0255538084, "GlobalID": "{ED133A79-F075-4EFC-9772-37D303CD6FE6}"}}, {"type": "Feature", "geometry": {"type": "LineString", "coordinates": [[-121.8920379346036, 37.44722918774562], [-121.89202672273055, 37.44722288390489], [-121.89201545785687, 37.447220160251874], [-121.89201471405181, 37.447220018328075], [-121.89200420645793, 37.44721652086931], [-121.89199298021182, 37.4472112347425], [-121.89199236486586, 37.44721079470741], [-121.89198174677921, 37.447206307347365], [-121.89197048819373, 37.44720322424846], [-121.89195919277738, 37.447202504644785], [-121.89194785963174, 37.447204445221246], [-121.89193650672316, 37.44720767808895], [-121.89192521579837, 37.44720675380118], [-121.89191393475502, 37.44720508708779], [-121.89190261867739, 37.44720587301766], [-121.89189363193131, 37.44720986899323], [-121.8918912280396, 37.447211703305015], [-121.89187985087653, 37.447216572931836], [-121.8918775520877, 37.44721873174254], [-121.89187582193247, 37.4472277292827], [-121.89187682445234, 37.44723675107005], [-121.89187851687832, 37.44724578070133], [-121.89187937746436, 37.447248631300305], [-121.89188150557328, 37.447254821742504], [-121.89188566567135, 37.447263874193524], [-121.89188958052935, 37.4472729237907], [-121.8918902937917, 37.44727498774631], [-121.89189303365332, 37.447281969820864], [-121.8918955776822, 37.447291007291724], [-121.89189921675742, 37.447300054746094], [-121.89190113466056, 37.44730648766663], [-121.89190193955103, 37.44730909292798], [-121.89190556515152, 37.44731814109331], [-121.89190942611062, 37.447327189970714], [-121.89191205188621, 37.447332737114614], [-121.89191399314552, 37.447336245978896], [-121.89191828619428, 37.44734529984643], [-121.89192172764012, 37.44735434515469], [-121.89192299875624, 37.44735702387224], [-121.89192591738262, 37.447363398306805], [-121.89192948099934, 37.44737244503924], [-121.89193203401138, 37.44738148178603], [-121.89193388454088, 37.447385417131635], [-121.89193690377853, 37.447390541353506], [-121.89194255418165, 37.4473996073386], [-121.89194492303906, 37.4474035198614], [-121.891950567154, 37.44740869614443], [-121.89195605765704, 37.44741503206271], [-121.89195778242237, 37.447417777104164], [-121.89196214194645, 37.44742683096185], [-121.89196707818893, 37.44743439997171], [-121.89196795943622, 37.447435899082066], [-121.89197309061312, 37.44744496006934], [-121.89197717076114, 37.4474540117842], [-121.89197806458485, 37.447455935950984], [-121.8919815177088, 37.44746306635062], [-121.89198676656501, 37.44747212804782], [-121.89198904379425, 37.447478058159945], [-121.89199566168296, 37.447472212203344], [-121.89200053953493, 37.447465093215456], [-121.89200108121905, 37.44746324892538], [-121.89200442564686, 37.44745426710356], [-121.89200622946396, 37.44744527101701], [-121.89201017216975, 37.44743629418533], [-121.89201234070283, 37.44743150587568], [-121.89201540485627, 37.44742733018988], [-121.89202328757288, 37.44741839115472], [-121.8920238696812, 37.44741629368349], [-121.89202577051634, 37.4474094007693], [-121.89202506623717, 37.447400381142366], [-121.89202984796941, 37.447391412150296], [-121.89203563042489, 37.44738535722423], [-121.89203958480878, 37.44738249022723], [-121.89204704801215, 37.447377800333456], [-121.892058387446, 37.44737537408355], [-121.89206292483648, 37.447373695963], [-121.89206975742252, 37.44737099585049], [-121.89208110224628, 37.447364853201215], [-121.89208115345023, 37.44736481468928], [-121.89209118942858, 37.44735593412773], [-121.89209128285337, 37.447346922339335], [-121.89209189101281, 37.44733791411576], [-121.8920928881428, 37.447335766719405], [-121.8920979079286, 37.4473289572403], [-121.89210211653571, 37.44731998396062], [-121.89210294208743, 37.44731097787333], [-121.89210259623607, 37.44730196108724], [-121.89210477015905, 37.44729665000503], [-121.89210699438769, 37.44729298923066], [-121.89211116885882, 37.44728401523344], [-121.89210758008926, 37.44727496777714], [-121.89210512140032, 37.44727274192869], [-121.89209808220176, 37.4472658661177], [-121.89209395803628, 37.44726317384637], [-121.89208452303085, 37.44725672523204], [-121.89208276862111, 37.44725531027392], [-121.89207157381603, 37.44724790099928], [-121.89207091804587, 37.44724758505844], [-121.89206036104466, 37.44724165920717], [-121.89205319338701, 37.44723840494543], [-121.89204914108677, 37.447235861015486], [-121.8920380289267, 37.44722924979269], [-121.8920379346036, 37.44722918774562]]}, "properties": {"elev": 8.0, "Shape_Leng": 102.164666306, "GlobalID": "{761B89C7-9DAB-453C-969F-E56C6D5354F4}"}}, {"type": "Feature", "geometry": {"type": "LineString", "coordinates": [[-121.89551964474487, 37.4472444677284], [-121.89552375723224, 37.44724385225003], [-121.89553096800901, 37.447243216089326], [-121.89554148548437, 37.4472440177089], [-121.8955422571372, 37.44724432223874], [-121.89554426487184, 37.44725305732389], [-121.89554572104093, 37.44726208410046], [-121.89555040665346, 37.447271140829706], [-121.89555313393865, 37.447273425872496], [-121.89556435209991, 37.447279336031215], [-121.8955756591944, 37.447279169146064], [-121.89558700042487, 37.44727668869098], [-121.8955982823665, 37.44727824200648], [-121.8956008030392, 37.447280626181644], [-121.89559872523594, 37.447289620148425], [-121.89559809821188, 37.447290826142954], [-121.89558672284545, 37.44729560019792], [-121.89557549390439, 37.44729043389163], [-121.89557025313302, 37.44728935270433], [-121.89556425238693, 37.44728603425805], [-121.89556066092243, 37.44728926426949], [-121.89555284737608, 37.44729285586517], [-121.89554153758665, 37.44729321031771], [-121.89553022420397, 37.447293837919794], [-121.89551889375328, 37.44729548965436], [-121.8955077618303, 37.44728876931964], [-121.89550769086337, 37.44728858317854], [-121.89549910207093, 37.44727967479375], [-121.89549653288924, 37.447278592179956], [-121.89548529047345, 37.44727432377163], [-121.8954757018561, 37.44727945584617], [-121.89547629384586, 37.44728847477458], [-121.89547370579955, 37.44729332086127], [-121.89546244002757, 37.44729069420388], [-121.89546038378387, 37.447288327145415], [-121.89546249572312, 37.44728690220331], [-121.89547243198847, 37.44727942589247], [-121.89547316591205, 37.44727041908709], [-121.8954711123633, 37.447261387319244], [-121.89546906420446, 37.44725235412391], [-121.8954743615697, 37.447248726867016], [-121.89548567854564, 37.447247896720135], [-121.8954970018098, 37.44724671782591], [-121.895508322379, 37.44724558600192], [-121.89551964474487, 37.4472444677284]]}, "properties": {"elev": 9.0, "Shape_Leng": 45.2295612897, "GlobalID": "{989E1ABB-C795-40C0-8599-5886F091C4E4}"}}, {"type": "Feature", "geometry": {"type": "LineString", "coordinates": [[-121.89452578195213, 37.44717816220849], [-121.89453260645335, 37.44718050502217], [-121.89452962224999, 37.44718948972959], [-121.89452557264468, 37.44719235816031], [-121.89452110891602, 37.447198423799776], [-121.89452067053817, 37.44720743275335], [-121.8945178911507, 37.44721642102343], [-121.89451389454597, 37.44721767979478], [-121.89451307438411, 37.44721637609275], [-121.89451215181433, 37.44720735430299], [-121.89451025367413, 37.44719832324069], [-121.89450525185462, 37.447189262223496], [-121.89450310218616, 37.447182864238954], [-121.89450113307905, 37.44718021118985], [-121.89450314979688, 37.44717962994384], [-121.89451453504476, 37.44717420973553], [-121.89452578195213, 37.44717816220849]]}, "properties": {"elev": 9.0, "Shape_Leng": 15.3507166534, "GlobalID": "{FE050793-51F7-481C-97CB-3CAA1C36F39B}"}}, {"type": "Feature", "geometry": {"type": "LineString", "coordinates": [[-121.8940511480886, 37.44716623418363], [-121.89405357892977, 37.44716701012936], [-121.89406236984314, 37.447171864069], [-121.89406401465843, 37.44717612107223], [-121.89406711474446, 37.44718516283496], [-121.89406279474628, 37.44719413613083], [-121.8940620042288, 37.44719675209387], [-121.89405787557176, 37.44719408977381], [-121.89405076540629, 37.44719216417395], [-121.89404498205249, 37.44718495601125], [-121.89404539797248, 37.447175946341794], [-121.8940495257312, 37.44716697233053], [-121.8940511480886, 37.44716623418363]]}, "properties": {"elev": 8.0, "Shape_Leng": 10.5847130968, "GlobalID": "{A38F6D07-645C-4D75-92D1-95C3EC698AFA}"}}, {"type": "Feature", "geometry": {"type": "LineString", "coordinates": [[-121.89613096716035, 37.447186388800375], [-121.89613056920668, 37.447186428738725], [-121.89612236040162, 37.447195365662026], [-121.89613079558212, 37.44719807005993], [-121.89614211974461, 37.44719674496201], [-121.89614430175243, 37.44719557105932], [-121.8961421610671, 37.447193947849954], [-121.8961310938228, 37.447186433731], [-121.89613096716035, 37.447186388800375]]}, "properties": {"elev": 8.0, "Shape_Leng": 6.14191511961, "GlobalID": "{CF59028D-DBD3-498D-B825-63DDDC5479F8}"}}, {"type": "Feature", "geometry": {"type": "LineString", "coordinates": [[-121.89609734771084, 37.447166259858314], [-121.89609445154235, 37.44716806493055], [-121.89609728842203, 37.44717028365023], [-121.89610138114647, 37.4471681298304], [-121.89609734771084, 37.447166259858314]]}, "properties": {"elev": 8.0, "Shape_Leng": 1.91973264427, "GlobalID": "{C76FDFB5-FDD9-4B74-B2CF-44A864A159DE}"}}, {"type": "Feature", "geometry": {"type": "LineString", "coordinates": [[-121.8960527715098, 37.4471224317499], [-121.89605120305133, 37.44712259435629], [-121.89604502803205, 37.44713154983006], [-121.89605104045627, 37.44714062012562], [-121.8960524885405, 37.44714172485017], [-121.89606372556636, 37.447146311346835], [-121.89607499223666, 37.447149017886126], [-121.89607773119998, 37.44714086902741], [-121.89607521591718, 37.44713377924857], [-121.89607380286724, 37.447131818701074], [-121.8960640732144, 37.44712274697803], [-121.89606262962175, 37.447122701334166], [-121.8960527715098, 37.4471224317499]]}, "properties": {"elev": 8.0, "Shape_Leng": 11.4468508608, "GlobalID": "{B25FA690-AFDD-4645-8C2D-F488E5DA2C19}"}}, {"type": "Feature", "geometry": {"type": "LineString", "coordinates": [[-121.89456084768926, 37.44709993501309], [-121.89456943558338, 37.447108742860046], [-121.89457196703583, 37.44711252488505], [-121.89457335583128, 37.44711779318921], [-121.89457419036617, 37.44712681427662], [-121.8945716894564, 37.447131400774204], [-121.89456034463268, 37.44713406380969], [-121.89455154383785, 37.44712660174728], [-121.8945501065334, 37.447117575667505], [-121.89455058443711, 37.447108566703115], [-121.89456084768926, 37.44709993501309]]}, "properties": {"elev": 9.0, "Shape_Leng": 11.8407729636, "GlobalID": "{E1854E1A-0581-4E37-B056-FF337D89530B}"}}, {"type": "Feature", "geometry": {"type": "LineString", "coordinates": [[-121.89951188363179, 37.44713670830223], [-121.89951194022564, 37.44713684594707], [-121.8995118782419, 37.44713714120593], [-121.89951179469858, 37.44713684523392], [-121.89951188363179, 37.44713670830223]]}, "properties": {"elev": 8.0, "Shape_Leng": 0.126404642934, "GlobalID": "{45AE4D4C-336D-4F4D-9C89-25787F25CB74}"}}, {"type": "Feature", "geometry": {"type": "LineString", "coordinates": [[-121.89457995395703, 37.44708180225604], [-121.8945762025924, 37.447090779843464], [-121.8945722167675, 37.4470955310892], [-121.89456085487578, 37.447099452186144], [-121.89454977775, 37.447090533081024], [-121.89454968522352, 37.44709025208571], [-121.89454508944253, 37.44708147490355], [-121.89453859013146, 37.44707597909045], [-121.89452848138959, 37.44708132014214], [-121.89452716445936, 37.44709032126478], [-121.89452706474636, 37.44709096812457], [-121.89452601910736, 37.44709932381267], [-121.89452290824154, 37.447108307816656], [-121.89451837264765, 37.44711727898221], [-121.89451924850506, 37.447126300069684], [-121.89452228391244, 37.44713534183849], [-121.8945180636272, 37.44714431585355], [-121.89451491413382, 37.44714843307393], [-121.89451096693645, 37.44714424881407], [-121.89450516741299, 37.44713518208491], [-121.894504437981, 37.44712616171164], [-121.89450397085704, 37.44712385312925], [-121.89450339863019, 37.44711713919775], [-121.89450128399602, 37.447108105985016], [-121.89450192179987, 37.44709909773271], [-121.89450269524932, 37.44709009233202], [-121.89450448289675, 37.4470810962017], [-121.89450460416933, 37.44708081306676], [-121.89451183650564, 37.447072150706475], [-121.8945160639774, 37.44707029499574], [-121.89452733963083, 37.44707224484708], [-121.89453866469164, 37.44707091618102], [-121.89454995741306, 37.447071689274935], [-121.89455409684989, 37.447072545811714], [-121.89456122767662, 37.447074099844656], [-121.89457249883849, 37.44707636421102], [-121.89457995395703, 37.44708180225604]]}, "properties": {"elev": 9.0, "Shape_Leng": 38.216783883, "GlobalID": "{2E40D7EB-5567-40B9-8D14-8A55B596D3EF}"}}, {"type": "Feature", "geometry": {"type": "LineString", "coordinates": [[-121.89476482544589, 37.447066722645395], [-121.89476860555659, 37.44707455271791], [-121.89476459637547, 37.4470822957809], [-121.89476241706261, 37.4470835081974], [-121.89475325783998, 37.44708457298439], [-121.89475074345549, 37.44708339907992], [-121.89474363688328, 37.447074318792815], [-121.89475350308004, 37.44706791580616], [-121.89476482544589, 37.447066722645395]]}, "properties": {"elev": 9.0, "Shape_Leng": 8.19002138345, "GlobalID": "{8266B0EB-0910-4BB2-915C-1D1CC2AFC023}"}}, {"type": "Feature", "geometry": {"type": "LineString", "coordinates": [[-121.89829151513175, 37.447097978743756], [-121.89829009938686, 37.44709842234548], [-121.89829148548735, 37.44709995212957], [-121.89829564289046, 37.44709847298172], [-121.89829151513175, 37.447097978743756]]}, "properties": {"elev": 8.0, "Shape_Leng": 1.40550649468, "GlobalID": "{D07CD86D-698E-443E-A9BC-BB0E9A63DB59}"}}, {"type": "Feature", "geometry": {"type": "LineString", "coordinates": [[-121.89476501948198, 37.44705354510009], [-121.89476755003612, 37.44705651623484], [-121.89476487305659, 37.447063476934275], [-121.89475626899281, 37.44705641068327], [-121.89476501948198, 37.44705354510009]]}, "properties": {"elev": 9.0, "Shape_Leng": 3.95516255829, "GlobalID": "{DA9C5322-BB51-4B33-BE76-07C91B9EF292}"}}, {"type": "Feature", "geometry": {"type": "LineString", "coordinates": [[-121.8949528401399, 37.44703120880952], [-121.89494616206409, 37.447035666939385], [-121.89494079013869, 37.44704011009206], [-121.89493470584927, 37.447045928981304], [-121.89492994837153, 37.44704902207134], [-121.89492329005864, 37.44705349802976], [-121.89491842388473, 37.44705792691765], [-121.89491184013201, 37.447063320746395], [-121.89490828819339, 37.447066846026615], [-121.89490079175233, 37.44707578866973], [-121.8949003425947, 37.44707637134289], [-121.89489379567293, 37.4470847370172], [-121.89488880283656, 37.447092378093544], [-121.89488760178904, 37.44709369178229], [-121.89488182652006, 37.44710265082546], [-121.89487840483714, 37.44711163268951], [-121.89487715168734, 37.44711588327747], [-121.89487584104533, 37.44712062168429], [-121.89487408843219, 37.44712961923627], [-121.89487343535701, 37.447138626058496], [-121.89487264663619, 37.44714763216652], [-121.89487618689671, 37.44715667892503], [-121.89487654262958, 37.44715729369091], [-121.89488117793643, 37.447165739232986], [-121.8948823996452, 37.44717476316736], [-121.89488680049179, 37.447183817767645], [-121.89488744278721, 37.447184804815976], [-121.89489249760732, 37.44719288377773], [-121.89489677987626, 37.44720193766262], [-121.89489844714944, 37.447205281787326], [-121.89490104507726, 37.447210990833234], [-121.89490530219338, 37.447220044002755], [-121.89490846246656, 37.44722908718656], [-121.89490937605319, 37.447230830923395], [-121.89491292709351, 37.44723814178028], [-121.89491465814707, 37.44724717069817], [-121.89491360262662, 37.447256174653596], [-121.89491031748761, 37.447265157212335], [-121.89490882718255, 37.447268156152965], [-121.89490749677762, 37.447274144049146], [-121.89490556989135, 37.44728314015629], [-121.89489913975052, 37.4472920927581], [-121.89489714279567, 37.44729391066458], [-121.89489444335823, 37.44730106176205], [-121.89489313271623, 37.44731006285826], [-121.8948919622114, 37.44731906609287], [-121.89488537396713, 37.44732541628242], [-121.89488437414221, 37.44732800799264], [-121.89488357643825, 37.44733701407784], [-121.89488513860852, 37.44734140372382], [-121.8948915265285, 37.447337088248936], [-121.89489661278965, 37.44732994499998], [-121.89489770064945, 37.44732813279979], [-121.89490389094007, 37.447319177349584], [-121.89490816602252, 37.44731306892888], [-121.89490985395693, 37.447310219758734], [-121.89491226862842, 37.44730122864715], [-121.89491676649303, 37.44729225821686], [-121.89491981717174, 37.44728955382228], [-121.89492667580893, 37.44728333699517], [-121.89493066522712, 37.44727436085721], [-121.89493139915069, 37.44727072932231], [-121.89493256965552, 37.447265366175436], [-121.89493604523736, 37.44725638504304], [-121.89493794158092, 37.447247388932695], [-121.89494023138658, 37.44723839710038], [-121.8949425777861, 37.447229405980195], [-121.8949434231008, 37.44722182125946], [-121.89494359917057, 37.447220402021564], [-121.89494899445218, 37.447211438713374], [-121.89494879861944, 37.44720242405485], [-121.8949487599919, 37.44719341010838], [-121.89494392076746, 37.4471879913275], [-121.89494050986433, 37.44718431985004], [-121.89494231098647, 37.44717532373107], [-121.89494415253279, 37.4471722342122], [-121.89494688520787, 37.44716635328558], [-121.89494874561883, 37.44715735716442], [-121.8949523918806, 37.44714837815867], [-121.89495589710683, 37.44714239025234], [-121.89495813301356, 37.447139417694586], [-121.8949673155924, 37.44713465931975], [-121.89497665357976, 37.44713057775785], [-121.89497869455211, 37.44712961495713], [-121.89499006093538, 37.4471254770533], [-121.89500140486078, 37.44712280902521], [-121.89501267871762, 37.44712492433429], [-121.89502398581209, 37.447124746037865], [-121.89503531177121, 37.44712333535637], [-121.89504650837289, 37.44713069614674], [-121.89504678146075, 37.44713123388875], [-121.89505769149986, 37.447138957689894], [-121.89506178871588, 37.447140386913865], [-121.89506890786451, 37.44714500906994], [-121.89507525715695, 37.44714952710061], [-121.89508004338079, 37.44715652630337], [-121.89508093900112, 37.44715859311484], [-121.89508037845238, 37.447167600646864], [-121.8950820834548, 37.44717663028649], [-121.89508109440965, 37.447185634963596], [-121.89507957266356, 37.44718851266586], [-121.89507473523575, 37.447194588290216], [-121.8950724921425, 37.447203580841006], [-121.89507138092648, 37.44721258408847], [-121.89507052123876, 37.447221588761195], [-121.89506769064731, 37.4472277742133], [-121.89506614195176, 37.4472305613395], [-121.8950626942177, 37.44723954176185], [-121.8950561356178, 37.44724477582416], [-121.89504478091261, 37.447248159885255], [-121.89504389697035, 37.447248380259325], [-121.89503343608888, 37.44725088924279], [-121.89502279644265, 37.44725719593383], [-121.89502198346734, 37.447260891656], [-121.89502088842102, 37.447266191329845], [-121.89502185680489, 37.44726947411775], [-121.8950234980269, 37.44727522880262], [-121.89502363816409, 37.44728424416557], [-121.89503284769236, 37.44729082400343], [-121.89503758271223, 37.447284373965076], [-121.89504434792465, 37.44727761868334], [-121.89504572594029, 37.44727543705238], [-121.89504980159673, 37.44726646233987], [-121.89505590115752, 37.4472607547246], [-121.89505947645235, 37.447257538975606], [-121.89506736006729, 37.447250263779864], [-121.89506902823877, 37.44724861489704], [-121.89507879023095, 37.44724176903763], [-121.89508216250654, 37.44723972433709], [-121.89509018805528, 37.447235418840954], [-121.89509844986094, 37.44723086301669], [-121.8951015903712, 37.447228737725986], [-121.89511016479057, 37.44722196033054], [-121.89511301963655, 37.44722031002068], [-121.89512436446027, 37.4472175870808], [-121.89513227592298, 37.44721315321002], [-121.89513577935259, 37.44721015712001], [-121.89514089256318, 37.4472042198548], [-121.89514730114442, 37.44719542984865], [-121.89514740894225, 37.447195267955664], [-121.89515296412397, 37.44718630607086], [-121.8951565448087, 37.447177327068516], [-121.89515896307343, 37.447171193674734], [-121.89516015513782, 37.44716834735195], [-121.8951634339886, 37.447159364068376], [-121.8951666427708, 37.44715038078373], [-121.89517009858969, 37.44714140035072], [-121.89517068249464, 37.44713239210236], [-121.8951709034802, 37.44712791686183], [-121.89517113075397, 37.447123383139754], [-121.89517100588813, 37.447121026773836], [-121.89517065374854, 37.447114364904685], [-121.89516831992543, 37.447105330265224], [-121.89516709372508, 37.44709630489612], [-121.89516491800543, 37.447087271680815], [-121.89516030964805, 37.44707958567328], [-121.89515917417754, 37.447078204944724], [-121.89515410049279, 37.44706914391298], [-121.89514922174249, 37.447064826996076], [-121.8951383206865, 37.447059983034094], [-121.8951379901065, 37.44705987890887], [-121.8951267476907, 37.44705558980564], [-121.8951201280054, 37.447050800045275], [-121.89511553402103, 37.44704939720741], [-121.8951042951985, 37.44704496118714], [-121.89509778061606, 37.44704157783006], [-121.8950930752406, 37.447039143011025], [-121.8950845646016, 37.44703244119614], [-121.89508189480857, 37.447030648958005], [-121.89507066766416, 37.447025352833414], [-121.89505939111241, 37.44702343293463], [-121.89505836703299, 37.44702318189292], [-121.89504811635726, 37.44702135114251], [-121.89503683441562, 37.44701977214695], [-121.8950255614571, 37.44701762188874], [-121.89501429748175, 37.447014812645826], [-121.89500299667549, 37.44701457087548], [-121.89499167700458, 37.4470156078491], [-121.89498033667243, 37.44701797420298], [-121.89497157989507, 37.44702237099958], [-121.8949689487296, 37.44702360195997], [-121.89495757515978, 37.44702830471326], [-121.8949528401399, 37.44703120880952]]}, "properties": {"elev": 8.0, "Shape_Leng": 179.909861829, "GlobalID": "{43271BD6-F425-4A33-9E84-AB64E2F5899B}"}}, {"type": "Feature", "geometry": {"type": "LineString", "coordinates": [[-121.90079030396045, 37.44707124495989], [-121.90079311838223, 37.44706764978762], [-121.90079041984309, 37.44706334428159], [-121.90077918012227, 37.447058903983006], [-121.90076784248508, 37.44706106493786], [-121.90075651472935, 37.44706262467651], [-121.90074519595676, 37.447063625276975], [-121.90073388077744, 37.447064270710705], [-121.90072299768777, 37.44706699793533], [-121.90072253415707, 37.44706717195281], [-121.90071121448618, 37.447068124056536], [-121.90069989122203, 37.44706945914136], [-121.90068853292358, 37.44707309211242], [-121.90067913295245, 37.4470756032413], [-121.90068845477016, 37.447078378249], [-121.90069972683033, 37.447080611235045], [-121.90071102045009, 37.44708140429816], [-121.90072233023952, 37.44708108835662], [-121.90073366338515, 37.44707910070663], [-121.9007435223954, 37.44707620231776], [-121.90074503066676, 37.447074900039645], [-121.90075636381238, 37.447073003677325], [-121.9007676619237, 37.447073438007735], [-121.9007789582384, 37.447074094852304], [-121.90079030396045, 37.44707124495989]]}, "properties": {"elev": 7.0, "Shape_Leng": 26.877862724, "GlobalID": "{3BD705CA-CBE0-47AE-8EC1-146EE5A3F0AC}"}}, {"type": "Feature", "geometry": {"type": "LineString", "coordinates": [[-121.8968462003997, 37.446980728012406], [-121.89685063987385, 37.446985847269715], [-121.89684608002544, 37.4469889831534], [-121.89684024007778, 37.446985750276255], [-121.8968462003997, 37.446980728012406]]}, "properties": {"elev": 8.0, "Shape_Leng": 3.30310932553, "GlobalID": "{52DBB08E-0F48-47D6-8C94-1828BBA80A21}"}}, {"type": "Feature", "geometry": {"type": "LineString", "coordinates": [[-121.89678975655546, 37.44697521935449], [-121.89679094592488, 37.44697627629795], [-121.89678973679253, 37.44697663289157], [-121.89678885554522, 37.44697625704188], [-121.89678975655546, 37.44697521935449]]}, "properties": {"elev": 8.0, "Shape_Leng": 0.630395630539, "GlobalID": "{C978EB7A-D4C7-486F-A44F-8DB36EB220CA}"}}, {"type": "Feature", "geometry": {"type": "LineString", "coordinates": [[-121.9010512897033, 37.44700484229306], [-121.90106251864435, 37.44700706173079], [-121.90105120795663, 37.44701044294989], [-121.90103995116779, 37.44700715801098], [-121.90103860279656, 37.447006839929664], [-121.90103995835432, 37.447006630252666], [-121.9010512897033, 37.44700484229306]]}, "properties": {"elev": 7.0, "Shape_Leng": 5.56502180482, "GlobalID": "{291D314B-4C71-46FB-AF15-F1A01DEF1756}"}}, {"type": "Feature", "geometry": {"type": "LineString", "coordinates": [[-121.89405446646526, 37.446940820187315], [-121.89405241650978, 37.4469416660278], [-121.89405087949233, 37.44695066502761], [-121.89405430117525, 37.4469520643014], [-121.8940656235411, 37.44695084189813], [-121.89406577176311, 37.446950804099195], [-121.89406562623604, 37.44695074704419], [-121.89405896343159, 37.44694172664874], [-121.89405446646526, 37.446940820187315]]}, "properties": {"elev": 8.0, "Shape_Leng": 5.24910298514, "GlobalID": "{63E3D643-8B3C-47D6-874D-FB2D0BE9D2AD}"}}, {"type": "Feature", "geometry": {"type": "LineString", "coordinates": [[-121.9008099438275, 37.44698668669097], [-121.90081203600379, 37.44697769268775], [-121.90080304296947, 37.44697327306655], [-121.90079173138342, 37.44697366817228], [-121.9007804099159, 37.44697484921034], [-121.9007691136012, 37.44697420591545], [-121.90075783974439, 37.44697211199771], [-121.90074654612462, 37.446971328918075], [-121.90073520309753, 37.44697394274939], [-121.90072387803674, 37.446975304223805], [-121.9007175565921, 37.4469768140411], [-121.9007124550596, 37.44698337678949], [-121.90070526314746, 37.44698571319053], [-121.90071240924553, 37.446986554751334], [-121.90072370735685, 37.44698694272511], [-121.90073499019684, 37.4469885038917], [-121.90074629100309, 37.446988784887395], [-121.90075759899587, 37.446988592326896], [-121.90076887914091, 37.44699026189788], [-121.90078017276066, 37.446991052109134], [-121.90079147895682, 37.446990948697014], [-121.90080281479739, 37.446988866190694], [-121.9008099438275, 37.44698668669097]]}, "properties": {"elev": 7.0, "Shape_Leng": 25.8735264555, "GlobalID": "{4A4C1BBF-8E1C-4443-BD18-C2BD8C4B3420}"}}, {"type": "Feature", "geometry": {"type": "LineString", "coordinates": [[-121.89403217836474, 37.446918930318695], [-121.8940411219917, 37.44691452067868], [-121.89404356451097, 37.44691347015302], [-121.8940465585958, 37.44691457131502], [-121.89405481770655, 37.44691697903695], [-121.89406604574926, 37.44692218673391], [-121.89407734655555, 37.44692248769918], [-121.8940781298865, 37.446923879841584], [-121.89407729086, 37.44692627329951], [-121.89407111673904, 37.44693282820722], [-121.8940770680778, 37.44694139430334], [-121.8940771920453, 37.44694189781372], [-121.8940786724689, 37.44695092534105], [-121.89407980793943, 37.44695994930132], [-121.89407790710428, 37.446968944733065], [-121.89407664137804, 37.44697031690539], [-121.89407068015782, 37.44696887698025], [-121.8940654187252, 37.446964759036796], [-121.89405407749473, 37.4469672359363], [-121.89404987517584, 37.44696868228013], [-121.8940540047312, 37.44697219900654], [-121.89405652720052, 37.44697775830097], [-121.89405608792434, 37.44698676728108], [-121.89405373523661, 37.446990497249594], [-121.89404631515238, 37.446995689251324], [-121.8940453521584, 37.44700469323698], [-121.89404220356332, 37.44700591207344], [-121.89404112019508, 37.44700465401171], [-121.8940399937077, 37.446995630056804], [-121.89403868037078, 37.44698660396123], [-121.89403815844962, 37.44697758570967], [-121.89403999460603, 37.446968590279], [-121.89403801921071, 37.44695955776148], [-121.8940316699183, 37.44695353703345], [-121.89402505921613, 37.446950423257086], [-121.89402046882503, 37.44694646078749], [-121.89401242710659, 37.446941292317504], [-121.89400934408853, 37.446934208225315], [-121.8940077370025, 37.446932234835124], [-121.89400939798746, 37.44693055813102], [-121.89401234895315, 37.44692326507377], [-121.8940208739652, 37.44691896312533], [-121.89403217836474, 37.446918930318695]]}, "properties": {"elev": 8.0, "Shape_Leng": 37.7862780962, "GlobalID": "{9C886B17-8A75-4350-8830-41F120C8FC81}"}}, {"type": "Feature", "geometry": {"type": "LineString", "coordinates": [[-121.89581835703471, 37.44691907366945], [-121.89581650021704, 37.44692210899647], [-121.89581830762738, 37.44692244704747], [-121.89582119481271, 37.44692215321409], [-121.89581835703471, 37.44691907366945]]}, "properties": {"elev": 8.0, "Shape_Leng": 1.53889446885, "GlobalID": "{1F997EA4-E15A-4CD6-9D48-928A9AEEB0EF}"}}, {"type": "Feature", "geometry": {"type": "LineString", "coordinates": [[-121.89387428777545, 37.4468932740979], [-121.89388037386152, 37.44689498931504], [-121.89387422669, 37.44689741415413], [-121.89386738512081, 37.44689486807306], [-121.89387428777545, 37.4468932740979]]}, "properties": {"elev": 8.0, "Shape_Leng": 3.12439657894, "GlobalID": "{07CB8548-50A6-4F8E-882A-86DE08AB4A42}"}}, {"type": "Feature", "geometry": {"type": "LineString", "coordinates": [[-121.89614653676085, 37.44689613398173], [-121.89613866123074, 37.44689807884535], [-121.89614650621814, 37.44689828709619], [-121.8961534457037, 37.44689821720375], [-121.89614653676085, 37.44689613398173]]}, "properties": {"elev": 8.0, "Shape_Leng": 3.38718435716, "GlobalID": "{85C75C6A-C33F-42C1-85C8-FD639C72ED8C}"}}, {"type": "Feature", "geometry": {"type": "LineString", "coordinates": [[-121.89911943483695, 37.44691668021132], [-121.89911938093803, 37.44691686991924], [-121.89911942944707, 37.44691698331609], [-121.89911978158668, 37.446916874198386], [-121.89911943483695, 37.44691668021132]]}, "properties": {"elev": 8.0, "Shape_Leng": 0.133361056658, "GlobalID": "{F3824F9E-BE7A-49B1-85D6-83363A9949D1}"}}, {"type": "Feature", "geometry": {"type": "LineString", "coordinates": [[-121.90114296816796, 37.44692019694015], [-121.90113167364989, 37.44691944809302], [-121.90112030008008, 37.446924170109], [-121.90111543570282, 37.446926435193106], [-121.90110891573049, 37.446929546830916], [-121.90110132676296, 37.44693531723204], [-121.90109747748197, 37.446938634267504], [-121.90108610840372, 37.44694302179727], [-121.90108281158662, 37.446944157905016], [-121.90107475549515, 37.44694630174665], [-121.90106342414617, 37.44694815532094], [-121.90105211974664, 37.446948108963724], [-121.90104083780497, 37.44694653424578], [-121.90102952891387, 37.44694677387679], [-121.90101822720928, 37.44694658202934], [-121.90100692640301, 37.44694623969934], [-121.90099559864727, 37.44694785435584], [-121.90098428167131, 37.44694866524996], [-121.90097446847517, 37.44695216414766], [-121.9009729134914, 37.446953007848386], [-121.90096153722664, 37.44695787606563], [-121.90095021306416, 37.44695918333809], [-121.90093891585116, 37.446958686959704], [-121.90092765906233, 37.44695537135149], [-121.90091637891732, 37.44695364615111], [-121.90090505116159, 37.446955285769], [-121.90089372610078, 37.44695663868551], [-121.90088239205686, 37.44695862990473], [-121.90087844216454, 37.44696028378624], [-121.90087100770725, 37.44696404299669], [-121.90086262462901, 37.44696915013097], [-121.90086084416812, 37.44697814698798], [-121.90086440868316, 37.44698719305377], [-121.90087062682159, 37.446990023693395], [-121.90088189349188, 37.446992626113], [-121.90089317902677, 37.44699397974199], [-121.90090449600272, 37.44699318097252], [-121.90091579411406, 37.446993683056185], [-121.90092707066583, 37.44699556515674], [-121.90093837596368, 37.44699555873808], [-121.90094967766825, 37.4469957876711], [-121.900959660646, 37.44699709209021], [-121.90096095960992, 37.446997360248474], [-121.90097226311113, 37.44699750217271], [-121.9009835450528, 37.44699906191268], [-121.9009948009433, 37.44700237894534], [-121.90100608647822, 37.447003693348904], [-121.90101735853841, 37.4470059520119], [-121.9010213254987, 37.4470066787494], [-121.90102776282603, 37.447015751912836], [-121.9010171411461, 37.44702085191176], [-121.90100578823753, 37.44702456119612], [-121.90100578194934, 37.44702456190931], [-121.90100574691502, 37.44702456119612], [-121.9009944892279, 37.447023746023675], [-121.90098320189635, 37.44702251720286], [-121.90097843543545, 37.44702430730163], [-121.90097184449621, 37.44702602822127], [-121.90096052752027, 37.44702689474317], [-121.90094917101844, 37.44703044427341], [-121.90093782978798, 37.447032906907005], [-121.90093757646306, 37.44703293971359], [-121.90092650921878, 37.44703399665623], [-121.90091513475063, 37.44703870796715], [-121.90090381957134, 37.447039391199965], [-121.90089249720548, 37.44704059077985], [-121.90088862995817, 37.44704149795318], [-121.90088114968681, 37.447043504146976], [-121.90086981474457, 37.44704555527157], [-121.90085848339554, 37.44704734323021], [-121.90084715563981, 37.44704890296914], [-121.90084400614644, 37.44705009684336], [-121.90083700288048, 37.44705904519391], [-121.90083661211335, 37.447068054164255], [-121.90084431247195, 37.447077138731245], [-121.90084672894005, 37.44707810866455], [-121.90085800998341, 37.447079743287425], [-121.90086932156946, 37.447079239777935], [-121.90088062956227, 37.44707906790007], [-121.90089193575842, 37.447078943092485], [-121.90089743793955, 37.447077633682554], [-121.90090328237879, 37.447076066812365], [-121.90091462720251, 37.44707339165062], [-121.900925917229, 37.44707444573995], [-121.90093719378078, 37.44707635707915], [-121.9009484811123, 37.44707758304634], [-121.90095977922363, 37.44707803734593], [-121.9009710872164, 37.44707783979336], [-121.9009823925143, 37.447077762056075], [-121.9009937014054, 37.44707752670462], [-121.90100499143186, 37.447078542994994], [-121.90101636769666, 37.44707368120427], [-121.90102204864249, 37.44706977864882], [-121.90102776641928, 37.44706724969012], [-121.90103909507333, 37.44706565928452], [-121.90105040845603, 37.447065045231085], [-121.90106171195724, 37.4470652199617], [-121.90107301096688, 37.4470655836868], [-121.90108427673887, 37.44706823673998], [-121.90109044546993, 37.447070414811], [-121.90109551017152, 37.4470731919585], [-121.90110676516369, 37.44707661881849], [-121.90111806686828, 37.44707678998325], [-121.90112936138634, 37.4470775003167], [-121.90114070082019, 37.44707516177896], [-121.90115206091525, 37.44707138831031], [-121.90115484569264, 37.44707101388756], [-121.9011633895693, 37.4470697223071], [-121.90117210951577, 37.44707117435443], [-121.90117466971432, 37.447071466047674], [-121.90118591392672, 37.44707560466764], [-121.90119580347971, 37.44708040797699], [-121.90119713837622, 37.447081109039054], [-121.90120833946952, 37.44708817386133], [-121.9012098980465, 37.44708955173693], [-121.90121577752005, 37.447098619898036], [-121.90121937706938, 37.447106536975916], [-121.9012203472499, 37.44710767593387], [-121.90122390637504, 37.44711672269722], [-121.9012249367427, 37.44712574592436], [-121.90122666689793, 37.44713477485582], [-121.90122877973548, 37.4471438080654], [-121.90123006342803, 37.447148791093085], [-121.90123850938832, 37.44714389792676], [-121.90123807999362, 37.44713488112049], [-121.90124167505137, 37.4471278640861], [-121.90124231824512, 37.447125907104315], [-121.90124176937448, 37.4471213398624], [-121.9012408126687, 37.44711688031131], [-121.9012407533799, 37.44710786635457], [-121.90124151245631, 37.44709886024176], [-121.90123851387989, 37.447089819181755], [-121.90123314644606, 37.44708075529865], [-121.90123114859288, 37.447074614765086], [-121.90123011103871, 37.447071714236515], [-121.90122817067768, 37.44706268173144], [-121.90122085210308, 37.4470536007286], [-121.90122016040031, 37.447052925341], [-121.90121132996109, 37.447044499042235], [-121.90120900691775, 37.44704259911327], [-121.90119778156996, 37.447037163204925], [-121.90119404996827, 37.44703532532298], [-121.90118656610365, 37.447031056187576], [-121.90117696490988, 37.447026153028936], [-121.901175349739, 37.44702495986751], [-121.90116411001817, 37.44702053097769], [-121.90115339940502, 37.447016920826066], [-121.90115286490744, 37.447016460107406], [-121.90114162788156, 37.4470117573533], [-121.9011303585163, 37.44700929685854], [-121.90112633675878, 37.447007655815476], [-121.9011304348731, 37.44700412411382], [-121.90114178239176, 37.447001199334046], [-121.90114495703799, 37.44699881586319], [-121.90115317572452, 37.446995185028065], [-121.90116208072394, 37.44698996093293], [-121.90116456815898, 37.44698920281503], [-121.90117594711867, 37.44698415915579], [-121.90118727038282, 37.44698288469036], [-121.9011985532228, 37.44698439308113], [-121.90120985043579, 37.446984878761604], [-121.90122114944545, 37.446985321650814], [-121.90123245204836, 37.446985507792625], [-121.90124372949842, 37.446987325706594], [-121.90125503479628, 37.44698731572196], [-121.90126633111099, 37.44698798112553], [-121.90127760856106, 37.446989828993324], [-121.90128304067358, 37.44699108634211], [-121.90128887253641, 37.446992596872306], [-121.90130011854545, 37.44699663779008], [-121.90130910439323, 37.44700034208337], [-121.90131135197808, 37.44700157375724], [-121.90132258002083, 37.447006839929664], [-121.90132461650155, 37.447009498690456], [-121.90133055167064, 37.4470185682876], [-121.90133360953587, 37.44702561671251], [-121.90133406138845, 37.44702761434852], [-121.90133834455573, 37.447036666827074], [-121.90133757559785, 37.44704567294731], [-121.90134005764298, 37.447054709020385], [-121.90134206178438, 37.44706374081322], [-121.90133901469893, 37.44707272624782], [-121.90133694138724, 37.44708172023961], [-121.90133443508762, 37.44709070995121], [-121.90133257377835, 37.44709642899047], [-121.9013315236478, 37.44709969680896], [-121.90133085080963, 37.44710870434806], [-121.90133230518207, 37.447114856289794], [-121.90133355114538, 37.44711774183978], [-121.90133541514959, 37.44712677291183], [-121.90133639071999, 37.447135794711365], [-121.9013370914059, 37.44714481508346], [-121.90133890510448, 37.44715384472583], [-121.90134115358762, 37.44716287864625], [-121.90134286757319, 37.44716559089039], [-121.90134896174408, 37.44716295210437], [-121.90135424293963, 37.447160761198695], [-121.90135760982531, 37.44715401874314], [-121.90135938579463, 37.447145021907296], [-121.90135899592579, 37.447136005101136], [-121.90135840483433, 37.44712698615444], [-121.9013563737435, 37.447117953656026], [-121.90135538918996, 37.44710893185436], [-121.90136199899379, 37.44709997994382], [-121.90136649416347, 37.44709609593258], [-121.90137098214664, 37.447091050141], [-121.90137355043002, 37.4470820611426], [-121.90137077463581, 37.44707302222013], [-121.90137330968155, 37.44706403179324], [-121.90137834114545, 37.447059023798346], [-121.90138199189875, 37.44705509913338], [-121.9013832585233, 37.44704609800651], [-121.90138336721945, 37.447037084754406], [-121.90138266294028, 37.44702806579577], [-121.90138037313463, 37.44701903114586], [-121.90137897715266, 37.44701554223591], [-121.90137641515749, 37.447009980804765], [-121.90136786139934, 37.44700253370686], [-121.90136551140655, 37.44700086627578], [-121.90135666749258, 37.44699495110275], [-121.90135427977056, 37.446991748179684], [-121.90135255051364, 37.44698271923095], [-121.90134998941676, 37.44697368172284], [-121.90134575206358, 37.44696838630743], [-121.90134314784757, 37.44696460498831], [-121.9013353217248, 37.44695551898129], [-121.90133464798834, 37.446954628210236], [-121.90132617418028, 37.44694642084896], [-121.90132349899734, 37.44694401027519], [-121.90131226197146, 37.44693931892757], [-121.9013097835196, 37.44693725496271], [-121.90130507365255, 37.44692819819301], [-121.90130115609962, 37.4469257626571], [-121.90128992715856, 37.446920550681284], [-121.90128471064168, 37.44691899521878], [-121.9012786685731, 37.4469173042506], [-121.90126740908931, 37.44691428176078], [-121.90125616487691, 37.44691010889879], [-121.90125420385465, 37.446909698102594], [-121.90124488652852, 37.44690824533895], [-121.90123357584076, 37.44690869179458], [-121.90122965918613, 37.446909469882506], [-121.9012222391019, 37.446910862025156], [-121.90121088888827, 37.44691390020526], [-121.90119956113253, 37.44691553625808], [-121.90118825493637, 37.4469156061505], [-121.90117698736778, 37.446912960936956], [-121.9011656991379, 37.44691188473649], [-121.90115434173777, 37.44691546707886], [-121.90114894735447, 37.44691773287642], [-121.90114296816796, 37.44692019694015]]}, "properties": {"elev": 7.0, "Shape_Leng": 263.106594302, "GlobalID": "{BB19B87B-BD4E-401A-89CF-7AACB93566A4}"}}, {"type": "Feature", "geometry": {"type": "LineString", "coordinates": [[-121.89281482101754, 37.446803890905365], [-121.89282426770106, 37.446802475938675], [-121.89282621704521, 37.446803997883706], [-121.89283541759036, 37.44681296979896], [-121.89283553167641, 37.446813098886125], [-121.8928354148954, 37.44681319017425], [-121.89282404222392, 37.44681775386906], [-121.892812807893, 37.44681294269776], [-121.89281276118058, 37.44681288492947], [-121.89281283214748, 37.44681135799229], [-121.89281482101754, 37.446803890905365]]}, "properties": {"elev": 8.0, "Shape_Leng": 7.17056096132, "GlobalID": "{8EB9903C-1633-47F9-918C-7B5CAE571D88}"}}, {"type": "Feature", "geometry": {"type": "LineString", "coordinates": [[-121.89237224622985, 37.4467906177464], [-121.89237177820758, 37.44679072615116], [-121.89237223006019, 37.44679169680136], [-121.89237254716548, 37.44679073399621], [-121.89237224622985, 37.4467906177464]]}, "properties": {"elev": 8.0, "Shape_Leng": 0.376163478258, "GlobalID": "{50CEE7D2-8200-46D2-844B-518E05DEABCF}"}}, {"type": "Feature", "geometry": {"type": "LineString", "coordinates": [[-121.89285845039424, 37.446784214735445], [-121.8928615091578, 37.446786302239765], [-121.89286297790328, 37.446795329072664], [-121.89285819886597, 37.446801356945315], [-121.89284695016198, 37.44679753995833], [-121.89284288618363, 37.446795140790776], [-121.89283581195077, 37.44678624518463], [-121.89283561791468, 37.446786059755475], [-121.89283581554406, 37.44678597773879], [-121.89284717024923, 37.44678262575025], [-121.89285845039424, 37.446784214735445]]}, "properties": {"elev": 8.0, "Shape_Leng": 8.80705755174, "GlobalID": "{5E1EB97E-6482-41D8-97EC-4440254BC6CA}"}}, {"type": "Feature", "geometry": {"type": "LineString", "coordinates": [[-121.90041847868791, 37.44685685799645], [-121.90040900415661, 37.4468616342187], [-121.90040093099715, 37.44686570866337], [-121.90039895739847, 37.44687470267999], [-121.9003974904496, 37.446875798137036], [-121.90038617886356, 37.446876293089666], [-121.90037489692192, 37.44687471908333], [-121.90037484481961, 37.44687447873894], [-121.90037490500673, 37.44687416279653], [-121.90038628666137, 37.44686892585554], [-121.90038859173839, 37.44686559384002], [-121.90039146455068, 37.44685660695415], [-121.90039782641952, 37.44685284417232], [-121.90040919639608, 37.44684839815577], [-121.90041847868791, 37.44685685799645]]}, "properties": {"elev": 8.0, "Shape_Leng": 13.5984525074, "GlobalID": "{9A629B6D-5BD0-498F-B389-6140C1713C87}"}}, {"type": "Feature", "geometry": {"type": "LineString", "coordinates": [[-121.90038705382263, 37.44681652789762], [-121.9003884390248, 37.44682052603353], [-121.9003869738726, 37.446821995202214], [-121.90038649147728, 37.44682050820382], [-121.90038705382263, 37.44681652789762]]}, "properties": {"elev": 8.0, "Shape_Leng": 1.62107488635, "GlobalID": "{F42C8AA2-6814-40C8-81C8-A7714DFC51AC}"}}, {"type": "Feature", "geometry": {"type": "LineString", "coordinates": [[-121.90039859897067, 37.446800105298834], [-121.90040168378536, 37.446802622142386], [-121.9003985244105, 37.446805186769495], [-121.90039651937079, 37.44680257364557], [-121.90039859897067, 37.446800105298834]]}, "properties": {"elev": 8.0, "Shape_Leng": 1.84081707377, "GlobalID": "{3FEA5D6D-816E-4DE8-80BA-1D37C6AA7F63}"}}, {"type": "Feature", "geometry": {"type": "LineString", "coordinates": [[-121.89909890384116, 37.44677478209659], [-121.89910656287726, 37.44677253769037], [-121.89911024956318, 37.446771975697324], [-121.89912158360713, 37.44677002583813], [-121.89913288710837, 37.446770164196835], [-121.89914418881294, 37.44677035176557], [-121.89915549411077, 37.446770301842335], [-121.89916679940863, 37.44677028401261], [-121.8991781056048, 37.44677019201119], [-121.89918938844477, 37.446771669026006], [-121.89920069464092, 37.44677162623462], [-121.89921199005731, 37.4467723123226], [-121.89922328816864, 37.44677272882507], [-121.89923459166988, 37.4467728329507], [-121.89924589337447, 37.44677304976018], [-121.89925373746351, 37.44677390915311], [-121.89925717172284, 37.44677485270236], [-121.89926836742625, 37.446782267016175], [-121.89927966643589, 37.4467827263099], [-121.89929098880172, 37.44678151317535], [-121.89930238662606, 37.44677520430459], [-121.89930417068018, 37.44677437914474], [-121.89931377277227, 37.446769610762075], [-121.89932035113512, 37.44676551634284], [-121.89932514993534, 37.446764743245694], [-121.89933646241973, 37.44676420193511], [-121.899347763226, 37.44676449434266], [-121.89935909547332, 37.446762582282346], [-121.8993703908897, 37.44676323413731], [-121.8993750639258, 37.446766024846745], [-121.89938157491497, 37.44677153565959], [-121.89939283619537, 37.446774546744194], [-121.89940413610333, 37.44677486197381], [-121.89940854952633, 37.44677535122156], [-121.89941521053416, 37.446784425839446], [-121.89940392949084, 37.446788930341285], [-121.89939262059971, 37.44678919065526], [-121.89938126050463, 37.44679297483594], [-121.89938079158406, 37.44679311890015], [-121.89937923210871, 37.446802117917855], [-121.89938062809067, 37.44681114403564], [-121.89938091105998, 37.4468168260105], [-121.89938099639993, 37.44682016088096], [-121.89938183093483, 37.44682918200426], [-121.89938069187104, 37.446831792274516], [-121.89937658657021, 37.44683814607138], [-121.89936920241858, 37.44684436721463], [-121.89936441978799, 37.446847045950506], [-121.8993632735377, 37.446856049240886], [-121.89936214166045, 37.44686505181694], [-121.89936488691195, 37.446874090051395], [-121.89936871912495, 37.446877414934605], [-121.89937329154974, 37.44688318177379], [-121.89936855742818, 37.44688837378298], [-121.89936559837766, 37.44689212372565], [-121.89935707516223, 37.446900547188804], [-121.89935636100157, 37.44690105069949], [-121.89934565488002, 37.4469084022403], [-121.89934291591672, 37.44690993916009], [-121.8993351149468, 37.44691887968238], [-121.89933418608878, 37.44691955221845], [-121.89932282150214, 37.44692362380721], [-121.89931147937334, 37.44692611211907], [-121.89930670392931, 37.44692762835611], [-121.89930011209174, 37.44693046969575], [-121.89928883194672, 37.44692871097496], [-121.89927747185163, 37.44693248017167], [-121.89927120250927, 37.44693631070234], [-121.89926793803153, 37.44694529401271], [-121.89926594556823, 37.446947578352244], [-121.89925696600865, 37.44695420529005], [-121.8992545010315, 37.44695716216505], [-121.89924796488951, 37.446963135109264], [-121.89924304840994, 37.44696718530001], [-121.8992317898245, 37.44696402088789], [-121.89922853792316, 37.446962953959655], [-121.89922054112051, 37.44696021032792], [-121.89920922055131, 37.44696124017046], [-121.89920015924503, 37.44696268865396], [-121.89919788920228, 37.446963063077355], [-121.89918657312465, 37.44696384900978], [-121.89917525794536, 37.44696450728164], [-121.8991639418677, 37.44696525612836], [-121.89915260423052, 37.44696756114974], [-121.8991412665933, 37.44696972995227], [-121.89913361384541, 37.44697108286851], [-121.89912993524433, 37.44697158923144], [-121.8991185724543, 37.44697546469093], [-121.89910731566546, 37.44697219330106], [-121.89909772345487, 37.44697976164377], [-121.89909588370514, 37.44698085567288], [-121.89908515782068, 37.44698865794011], [-121.89908446072802, 37.446988956765516], [-121.89907312937899, 37.446990677685896], [-121.8990617908435, 37.44699304689336], [-121.89905045140965, 37.446995346208354], [-121.89903912814549, 37.44699662566586], [-121.89902781835606, 37.44699689525059], [-121.89902462394693, 37.44699710706711], [-121.89901650407506, 37.4469975849024], [-121.89900517811598, 37.446999059773134], [-121.89899385754676, 37.44700005181623], [-121.89898253338428, 37.44700136907257], [-121.89897123437464, 37.44700096683515], [-121.89895995512795, 37.44699928371385], [-121.89894866779639, 37.44699804490801], [-121.89893737417664, 37.44699730319357], [-121.89892606618383, 37.44699748434303], [-121.89891472405506, 37.44700000474588], [-121.89890535462666, 37.4470050091788], [-121.89890331904422, 37.44700685276699], [-121.89889200745816, 37.447007255004415], [-121.89888825789016, 37.44700485013809], [-121.89888079468679, 37.44700097396699], [-121.89886953699964, 37.44699781882772], [-121.89885822361695, 37.44699830308172], [-121.89884692101404, 37.44699817684759], [-121.89883560044484, 37.446999215961064], [-121.89882901040392, 37.447004298131404], [-121.89882419004411, 37.44700649617353], [-121.89881288294961, 37.44700662526039], [-121.89880154980399, 37.4470085423068], [-121.89879019959037, 37.447011589754354], [-121.89878155600071, 37.447012869211626], [-121.89877885746161, 37.44701408590839], [-121.89876755306207, 37.447014137971045], [-121.89875867860538, 37.44701265596877], [-121.89875627381535, 37.44701237782583], [-121.89874497121245, 37.44701218669179], [-121.89873367310113, 37.447011768051105], [-121.89873094761255, 37.4470123970819], [-121.8987223462437, 37.447013228657795], [-121.89871103286103, 37.44701378423034], [-121.89869972486822, 37.44701401173697], [-121.89868841687542, 37.44701420572378], [-121.89867710349272, 37.44701476700182], [-121.89866579100837, 37.44701532471396], [-121.89865447762566, 37.44701582394472], [-121.89864311124238, 37.4470200602744], [-121.89864213657029, 37.44702058304031], [-121.89863238176461, 37.44702950571971], [-121.89863165862083, 37.4470301390295], [-121.89862031649203, 37.44703262020598], [-121.89861031554798, 37.44703831286178], [-121.89860891866772, 37.447038993955], [-121.89860170699261, 37.44704724623683], [-121.89859744358827, 37.447050616043164], [-121.89858606462856, 37.44705563188367], [-121.89858447101726, 37.44705609902077], [-121.89857470812674, 37.44705920494773], [-121.89856809922121, 37.44706495964869], [-121.89856324652204, 37.447069852107035], [-121.89855773535777, 37.44707387590412], [-121.89855184600277, 37.44707635565278], [-121.89854905044561, 37.4470737953141], [-121.89854657199375, 37.44706475924334], [-121.898541216238, 37.447055696070414], [-121.89854084613212, 37.44705560121666], [-121.89854051465377, 37.44705568893857], [-121.89852951747807, 37.447057156676266], [-121.89851820140045, 37.44705792477806], [-121.89850684040704, 37.44706170823199], [-121.89849551085466, 37.44706341132111], [-121.89848421184504, 37.4470630490224], [-121.89848306918799, 37.447064167298656], [-121.89847281941059, 37.44706893994169], [-121.89846152848578, 37.44706798569839], [-121.89845028337507, 37.44706391411747], [-121.8984501504244, 37.447063859915346], [-121.89843909485819, 37.44705601201204], [-121.89842771320355, 37.44706126676963], [-121.89842376870112, 37.447063613866014], [-121.89841631987079, 37.44706729390767], [-121.89840496247065, 37.44707078424156], [-121.89840011875465, 37.44707240674036], [-121.89839360686716, 37.44707427814121], [-121.89838230695919, 37.44707397432386], [-121.89837454461681, 37.44707216924936], [-121.89837104747542, 37.44707082631951], [-121.89836680742727, 37.44707209721751], [-121.89835970624495, 37.44707334885948], [-121.89834840454037, 37.447073077135464], [-121.89833704893685, 37.44707653466254], [-121.89833174708005, 37.44708078311291], [-121.8983255900271, 37.44708708268653], [-121.89832315020277, 37.44708971576976], [-121.89831412662575, 37.44709787105272], [-121.89831097803068, 37.4470986163321], [-121.8983141059645, 37.447099278168736], [-121.898316967997, 37.44710768520532], [-121.8983139245048, 37.447111582053275], [-121.89830459190733, 37.447116582912805], [-121.8983025275788, 37.44711790230663], [-121.89829116748372, 37.44712166507518], [-121.89827988284713, 37.44712027578915], [-121.89827622221235, 37.447116319034016], [-121.89827857220514, 37.44710732718595], [-121.89826881919608, 37.44710386894714], [-121.89825751659319, 37.44710364714632], [-121.8982523872129, 37.44710708327636], [-121.89824607924298, 37.44711271887166], [-121.89824260545778, 37.447116005232246], [-121.89823459787533, 37.447124693262104], [-121.89822340037531, 37.44711737169635], [-121.89821904803776, 37.44711578628414], [-121.89821214538311, 37.44711394412498], [-121.89820082211897, 37.44711522999922], [-121.89819950788369, 37.447115603708596], [-121.8981963341358, 37.44712458699743], [-121.89819150569114, 37.44713355602149], [-121.89818922666528, 37.44713500806757], [-121.89817788184155, 37.44713774598741], [-121.89816660259484, 37.44713596516276], [-121.89815531167002, 37.44713505513785], [-121.89814399559239, 37.447135789719084], [-121.89813270736254, 37.44713463792419], [-121.89812942671512, 37.447132976914666], [-121.8981214730316, 37.447129853874365], [-121.8981101946832, 37.44712798176174], [-121.89809883548644, 37.44713169531993], [-121.89809749789498, 37.44713267880306], [-121.89809156901411, 37.44714163712834], [-121.89808734064405, 37.44714466674086], [-121.89807604522767, 37.44714404912213], [-121.89806477676075, 37.447141537282356], [-121.89806164882692, 37.447141358272745], [-121.89805347954773, 37.44714095817558], [-121.89804221197913, 37.447138474863195], [-121.89803820998453, 37.44714114003792], [-121.89803078810367, 37.44714654027942], [-121.89802611686419, 37.44715003988099], [-121.89801938578775, 37.44715317290508], [-121.89800951869267, 37.44715889907143], [-121.89800798796345, 37.447159550209804], [-121.8979965946307, 37.44716555523119], [-121.89798531897726, 37.447163549753725], [-121.89797710118901, 37.44715859596765], [-121.89797414124017, 37.44715492734146], [-121.89796411693992, 37.447149462200684], [-121.89796292577383, 37.44714878895357], [-121.89795169413783, 37.44714375671603], [-121.89794522536948, 37.447140272091005], [-121.89794049124794, 37.44713680672188], [-121.89793473214863, 37.44713116114379], [-121.89793070140796, 37.4471221101031], [-121.8979295165301, 37.4471142579268], [-121.89792932608728, 37.447113084022796], [-121.89792819690494, 37.447104060080996], [-121.89792736596331, 37.447095038990824], [-121.89792888411614, 37.447086040008365], [-121.89792996119616, 37.44708399316403], [-121.89793387874913, 37.44707707311813], [-121.89793684408788, 37.447068087684045], [-121.89793273878702, 37.44705903592249], [-121.8979304220319, 37.44705262009718], [-121.89792983094046, 37.44704999628407], [-121.89793050557522, 37.44704683829415], [-121.89793342959148, 37.44704101583903], [-121.8979386910241, 37.44703205179621], [-121.89793782055658, 37.44702302998415], [-121.89793734355116, 37.44701401316331], [-121.89793663388208, 37.44700499277551], [-121.89793118200663, 37.44700077427464], [-121.89792231922804, 37.44699584615249], [-121.89792133108124, 37.44698682290965], [-121.89793132214382, 37.44697790307796], [-121.89793152785802, 37.44697717919298], [-121.89793297953554, 37.44696890479461], [-121.89793379161254, 37.4469599000914], [-121.89793225818836, 37.44695087185198], [-121.89793196443925, 37.446947442133464], [-121.89793115595549, 37.44694184789059], [-121.89792659880206, 37.44693279326107], [-121.89792091605958, 37.4469299647589], [-121.89791052524667, 37.44692362879951], [-121.89790971137305, 37.4469230561098], [-121.89789967808962, 37.446914514973145], [-121.89789858124668, 37.44691121790589], [-121.89789665705531, 37.4469054731777], [-121.89789579287601, 37.44689645206359], [-121.89789572550237, 37.44688743808023], [-121.89789679359926, 37.44687843479369], [-121.89789823719192, 37.44686943507197], [-121.89789923252523, 37.44686679270948], [-121.89790254910528, 37.44686046173709], [-121.8979106896384, 37.44685639299763], [-121.89791914548013, 37.44685160322451], [-121.89792208117449, 37.44685058978379], [-121.89793342240496, 37.44684801873954], [-121.89794475375396, 37.446846227923366], [-121.89795606623832, 37.44684577076954], [-121.8979674029772, 37.446843597684314], [-121.89796834351333, 37.44684304924234], [-121.89797878014029, 37.44683870021888], [-121.89798945661745, 37.44683423209264], [-121.89799015191348, 37.44683408374941], [-121.89800147068605, 37.4468331359218], [-121.89801278856031, 37.446832272963604], [-121.89802408936657, 37.44683253684339], [-121.89803540005434, 37.44683218024914], [-121.89804673319995, 37.446830226825554], [-121.89805806904053, 37.446828145027986], [-121.89806938691478, 37.44682724569714], [-121.8980766048781, 37.44682603185005], [-121.89808071646715, 37.44682553190485], [-121.89809203973131, 37.44682430022802], [-121.8981033351477, 37.44682500485844], [-121.8981146323607, 37.4468254463222], [-121.89812594394677, 37.44682506904539], [-121.89813726182102, 37.44682411693856], [-121.89814857250877, 37.446823731103464], [-121.89815987870493, 37.44682362697795], [-121.89817117951122, 37.44682392865677], [-121.89818248301243, 37.446824079139574], [-121.8981938179547, 37.44682202729572], [-121.89820514211715, 37.44682070433074], [-121.89821645280492, 37.4468203192088], [-121.89822777337412, 37.44681918523879], [-121.8982387040745, 37.44681852981835], [-121.89823908855344, 37.4468185077095], [-121.8982439646088, 37.4468185790284], [-121.89825039115635, 37.44681868101436], [-121.8982616847761, 37.44681947978574], [-121.89827232442231, 37.44681884290821], [-121.8982729990571, 37.44681881224107], [-121.89828432950777, 37.44681704424627], [-121.89829565816183, 37.446815485215666], [-121.89830697513777, 37.44681464222659], [-121.89831828852047, 37.446814058125], [-121.89832958214022, 37.44681488399755], [-121.89834086408186, 37.446816395957676], [-121.89835215500668, 37.44681739513511], [-121.89836345940623, 37.44681736589436], [-121.8983747952468, 37.44681531690313], [-121.89838610952779, 37.44681462368368], [-121.89839740853743, 37.44681505088375], [-121.89840872102181, 37.446814516705366], [-121.89841587520473, 37.446811168284114], [-121.89842009459161, 37.44680981322536], [-121.89843143222885, 37.4468076451314], [-121.89844274920476, 37.44680683209616], [-121.89845405090935, 37.44680699327685], [-121.89846535890214, 37.44680680071584], [-121.89847666240337, 37.44680689200402], [-121.89848797578608, 37.446806342135424], [-121.89849927299906, 37.44680686918196], [-121.89851055583904, 37.44680837115764], [-121.89852190245941, 37.44680550485173], [-121.89852804064775, 37.44680319982536], [-121.89853325896122, 37.44680202876925], [-121.89854457054727, 37.44680149886991], [-121.89855589920133, 37.446799981203945], [-121.89856721887223, 37.44679892996353], [-121.89857852866166, 37.446798547694286], [-121.89858981958648, 37.44679954330599], [-121.89860114644388, 37.44679803419826], [-121.89861246791139, 37.44679691377851], [-121.89862052669783, 37.44679504878944], [-121.89862380914185, 37.44679446682724], [-121.89863513510097, 37.44679305186037], [-121.89864268723754, 37.44679525632743], [-121.89864638200831, 37.446797002213884], [-121.89865766394998, 37.446798522732685], [-121.89866897194278, 37.44679833730355], [-121.89868027993558, 37.4467981269128], [-121.898691589725, 37.44679775890731], [-121.8987029156841, 37.44679636319664], [-121.89871422277858, 37.446796229117126], [-121.89872552448317, 37.44679641383305], [-121.89872735614804, 37.44679604511435], [-121.89873684864564, 37.44679506590594], [-121.89874817011317, 37.44679403178199], [-121.89875950056386, 37.44679223311947], [-121.8987708471842, 37.446789443124175], [-121.89878209948145, 37.44679295272709], [-121.89879335267702, 37.44679651795864], [-121.89880465797489, 37.44679647088818], [-121.89881596417105, 37.446796448066124], [-121.89882733324929, 37.446792041271614], [-121.89883864214038, 37.446791760275126], [-121.89884996001464, 37.44679085309875], [-121.8988565868865, 37.44678823498196], [-121.89886131471987, 37.44678747686209], [-121.89887263079748, 37.44678667880357], [-121.89888392890883, 37.446787148081945], [-121.89889523420666, 37.44678718873374], [-121.89890654309777, 37.446786904884476], [-121.89891788792148, 37.446784136997884], [-121.8989292327452, 37.44678142830584], [-121.89893650909903, 37.44677996698142], [-121.89894056678915, 37.446779471315], [-121.89895191340953, 37.44677654581329], [-121.89896322858883, 37.446775898237604], [-121.89897450693722, 37.446777689768666], [-121.89898580145531, 37.44677842934572], [-121.89899712022789, 37.44677753999897], [-121.89900843271224, 37.44677694519921], [-121.89901975148483, 37.446775990952176], [-121.8990310639692, 37.44677553593752], [-121.89904237286031, 37.44677522783981], [-121.89905366737838, 37.44677590322993], [-121.89906497267623, 37.44677589395846], [-121.89907626000779, 37.44677709425578], [-121.89908756171236, 37.44677735100384], [-121.89909890384116, 37.44677478209659]]}, "properties": {"elev": 8.0, "Shape_Leng": 422.889554877, "GlobalID": "{2A50029B-88E4-47DD-A0A9-7217C82DE81F}"}}, {"type": "Feature", "geometry": {"type": "LineString", "coordinates": [[-121.89943820111723, 37.446764616298054], [-121.89944162190183, 37.44676664532136], [-121.89943805379352, 37.446774620202696], [-121.89943111969785, 37.44676654832762], [-121.89943820111723, 37.446764616298054]]}, "properties": {"elev": 8.0, "Shape_Leng": 3.86550385028, "GlobalID": "{CB63AC62-734E-4988-8911-658C46BC435F}"}}, {"type": "Feature", "geometry": {"type": "LineString", "coordinates": [[-121.89227199693907, 37.446689222887116], [-121.89227359773693, 37.446690659964844], [-121.89228170323574, 37.44669974885678], [-121.89227173552933, 37.44670688574727], [-121.89226086411779, 37.44669955415594], [-121.8922664965546, 37.44669059292496], [-121.89227199693907, 37.446689222887116]]}, "properties": {"elev": 8.0, "Shape_Leng": 6.95853300624, "GlobalID": "{E36BB8A9-DB00-4A32-A9B7-71878A724D36}"}}, {"type": "Feature", "geometry": {"type": "LineString", "coordinates": [[-121.89968712338415, 37.44674993030398], [-121.89969459107911, 37.446750973700034], [-121.89969533218922, 37.4467599948317], [-121.89968693294131, 37.44676296883088], [-121.89968102651832, 37.44675986075213], [-121.89968481112061, 37.44675088312501], [-121.89968712338415, 37.44674993030398]]}, "properties": {"elev": 8.0, "Shape_Leng": 5.54168833771, "GlobalID": "{85B64423-3A71-44C4-A9D6-FCAC46FFCC51}"}}, {"type": "Feature", "geometry": {"type": "LineString", "coordinates": [[-121.89970972858997, 37.446750256231525], [-121.8997115171357, 37.44675113202805], [-121.89970962079214, 37.44675762989602], [-121.89970294002136, 37.44675105215088], [-121.89970972858997, 37.446750256231525]]}, "properties": {"elev": 8.0, "Shape_Leng": 3.11784628955, "GlobalID": "{39BB3976-A506-44A8-9AE4-2D0AB3DC65BE}"}}, {"type": "Feature", "geometry": {"type": "LineString", "coordinates": [[-121.89279234157587, 37.44666747914879], [-121.89279360460715, 37.44666849330517], [-121.8927975751607, 37.4466775429744], [-121.8927961234832, 37.4466865427192], [-121.89279203075877, 37.446688620954745], [-121.89278495293266, 37.446686439306674], [-121.89278531495373, 37.44667742886401], [-121.89279127886888, 37.44666847119629], [-121.89279234157587, 37.44666747914879]]}, "properties": {"elev": 8.0, "Shape_Leng": 7.06918825224, "GlobalID": "{12166417-3CCF-49AB-886D-581396D7974C}"}}, {"type": "Feature", "geometry": {"type": "LineString", "coordinates": [[-121.8965462394516, 37.446621765785466], [-121.89655471685293, 37.44662255172152], [-121.89655189344799, 37.446631539348715], [-121.89654607416158, 37.446633109081], [-121.89653474460921, 37.4466347622565], [-121.89652346356588, 37.44663310622824], [-121.8965157659022, 37.44663120129639], [-121.89652282306709, 37.446622254321056], [-121.89652362616094, 37.44662207602339], [-121.89653493595036, 37.446621760793164], [-121.8965462394516, 37.446621765785466]]}, "properties": {"elev": 8.0, "Shape_Leng": 10.4811473917, "GlobalID": "{125B7CEE-FC07-4379-951C-8D2E5090B04F}"}}, {"type": "Feature", "geometry": {"type": "LineString", "coordinates": [[-121.89673854090616, 37.44661373668539], [-121.8967272185403, 37.44661494197761], [-121.89672661038087, 37.44661514309736], [-121.89671587820816, 37.44661741389639], [-121.8967045657238, 37.44661788032305], [-121.89669326042593, 37.44661788174944], [-121.89668192278874, 37.446620129726284], [-121.89667058065994, 37.44662265584736], [-121.89666890350533, 37.44662361794141], [-121.89665924302275, 37.4466249430495], [-121.89664790089398, 37.44662745633299], [-121.89663656595171, 37.4466295110349], [-121.89662524987408, 37.446630222799044], [-121.89661395176276, 37.44662978133414], [-121.89660266802449, 37.44662832428588], [-121.8965921945666, 37.446622901898074], [-121.8966027866021, 37.4466202787831], [-121.8966141242393, 37.44661809927256], [-121.89662548074112, 37.44661451620281], [-121.89663678514064, 37.44661458324269], [-121.89663767806606, 37.44661431294348], [-121.8966481084048, 37.44661327311146], [-121.89665942448244, 37.44661251213699], [-121.89667075403482, 37.446610916016255], [-121.8966766892039, 37.44660566407981], [-121.89668214736756, 37.44660481324325], [-121.89669345266542, 37.44660482394108], [-121.89670476245485, 37.44660443311256], [-121.89671607314258, 37.446604085788685], [-121.89672738113539, 37.446603876110544], [-121.89673868912818, 37.44660371635584], [-121.896748270559, 37.44660633233952], [-121.89673854090616, 37.44661373668539]]}, "properties": {"elev": 8.0, "Shape_Leng": 36.3351707712, "GlobalID": "{2468EC61-57D4-48FB-B85B-6855FE9F35CD}"}}, {"type": "Feature", "geometry": {"type": "LineString", "coordinates": [[-121.89335801649365, 37.446626121482055], [-121.8933581939666, 37.44662627528948], [-121.89336103982944, 37.44662874078914], [-121.893369355534, 37.446635998928755], [-121.89337148184629, 37.44663785322389], [-121.89338051889804, 37.44664565267415], [-121.89338203705088, 37.44664696494439], [-121.89339168046544, 37.446655344930534], [-121.89339252218687, 37.44665607595055], [-121.89340284652444, 37.446664754049216], [-121.89340328849556, 37.44666518980841], [-121.89341005370795, 37.44667426729241], [-121.89341387873445, 37.44668325277377], [-121.89341390837886, 37.44668331624769], [-121.89342505916647, 37.44669177610705], [-121.8934307742483, 37.446692487870585], [-121.89343634290475, 37.446693153989976], [-121.89344762843967, 37.44669446911214], [-121.89345891397458, 37.44669580135088], [-121.8934701995095, 37.44669709721689], [-121.89348148594271, 37.44669837026082], [-121.8934928622075, 37.44669356407421], [-121.89349311912565, 37.446693071259986], [-121.89349769065214, 37.44668410075669], [-121.89350232416238, 37.446675130965595], [-121.89350450167862, 37.44667081188635], [-121.89350609079835, 37.446666153328316], [-121.89350910374782, 37.44665716784484], [-121.8935123044452, 37.446648183786685], [-121.89351580697648, 37.44663920400658], [-121.89351628757515, 37.44663815133751], [-121.89352358908178, 37.446630262737706], [-121.89352776714617, 37.44662632806557], [-121.89353081153666, 37.446621317901794], [-121.89353353193444, 37.446616647608074]]}, "properties": {"elev": 8.0, "Shape_Leng": 93.1898989785, "GlobalID": "{0B720659-DA57-47FC-802C-BCDA9629B5FC}"}}, {"type": "Feature", "geometry": {"type": "MultiLineString", "coordinates": [[[-121.89268077158704, 37.44666267741641], [-121.89267931375016, 37.44666610625776], [-121.89267882776161, 37.44666741781447], [-121.89267591901671, 37.44667640400988], [-121.89266772907627, 37.44668509280396], [-121.89266734908891, 37.446685336715], [-121.89265633394689, 37.446691224811254], [-121.89265119019359, 37.446694198100026], [-121.89264492444447, 37.44669829323629], [-121.8926384314216, 37.44670309229072], [-121.89264094311112, 37.446712129118296], [-121.89264342335963, 37.44672116594485], [-121.89264345390234, 37.446730179235004], [-121.89264433514964, 37.44673828534709], [-121.89264533317791, 37.44673921035381], [-121.89265557576879, 37.4467426208258], [-121.89266682447278, 37.44674644066834], [-121.89266967123392, 37.44674845114922], [-121.8926780040065, 37.446754949730575], [-121.89268018242106, 37.446757562856234], [-121.89268828522493, 37.44676665316644], [-121.89268912784465, 37.446767227283765], [-121.89270031905649, 37.44677494898287], [-121.89270199441445, 37.44677579411199], [-121.89271152104806, 37.446781941801966], [-121.892716452799, 37.44678494290146], [-121.8927162309151, 37.446793954044374], [-121.89271128209619, 37.446798186820686], [-121.89270803109319, 37.44680289101457], [-121.89269978006729, 37.44681151489381], [-121.89269971269364, 37.44681182584415], [-121.8926978945035, 37.446820822006835], [-121.89269159102517, 37.446829776803526], [-121.8926881675456, 37.446832369244106], [-121.89267681912864, 37.44683533468218], [-121.89266550664425, 37.44683581822402], [-121.8926541833801, 37.44683706487759], [-121.89264287359067, 37.44683738224649], [-121.89263523791075, 37.44683826232111], [-121.89263154493662, 37.4468390111691], [-121.8926201830449, 37.44684289234087], [-121.89261054681687, 37.446847043810955], [-121.89260881396666, 37.44684728486863], [-121.89260431340712, 37.446846985329465], [-121.89259753292333, 37.44684563526372], [-121.89258623301536, 37.44684530577067], [-121.89257492681921, 37.446845360686204], [-121.89256738097083, 37.44684663871992], [-121.8925635999618, 37.44684689903369], [-121.89255227040942, 37.44684849229665], [-121.89254093995875, 37.446850263856675], [-121.8925296283727, 37.446850713878604], [-121.89251831678664, 37.446851188862055], [-121.8925070249635, 37.44685026813585], [-121.89249575919152, 37.446847640749695], [-121.89248447994484, 37.44684589272476], [-121.89248387987021, 37.44684585706537], [-121.89247318542677, 37.446845141737356], [-121.89246190258677, 37.44684368184054], [-121.89245063950975, 37.44684080412502], [-121.89243938451757, 37.446837395797026], [-121.89243319871854, 37.446836368805535], [-121.89242810796581, 37.44683551083974], [-121.89241683141404, 37.44683356026899], [-121.89240627710775, 37.4468271030594], [-121.89240563301571, 37.4468263998554], [-121.89239866837728, 37.44681801774887], [-121.89239450917752, 37.44681413586254], [-121.89238320477801, 37.44681404172164], [-121.89237189948015, 37.44681406383049], [-121.89236064358965, 37.446810726820225], [-121.8923493266137, 37.44681155697199], [-121.89233802041751, 37.44681165967116], [-121.89233091384533, 37.44680836973122], [-121.89232681303604, 37.446805084783534], [-121.89232086618885, 37.44679926230953], [-121.89231716962146, 37.446790214081446], [-121.89231576016478, 37.446787993924104], [-121.89230448451134, 37.44678596276179], [-121.8922981361172, 37.44679003578423], [-121.89229310195839, 37.4467912710275], [-121.89229106278268, 37.44678997017084], [-121.89229026957028, 37.44678094904276], [-121.89229332474058, 37.44677611219431], [-121.89229692788317, 37.446771997806174], [-121.89229940274177, 37.44676300805631], [-121.89229362837112, 37.4467555366854], [-121.89228234463285, 37.446754086058306], [-121.89227100609732, 37.44675640107086], [-121.89225967474832, 37.446758161935236], [-121.89225458848719, 37.446753574701575], [-121.89224850599442, 37.44674895680049], [-121.89224494507262, 37.44674447083915], [-121.89224501244627, 37.44673545826389], [-121.89224878447214, 37.4467300636983], [-121.89225604106299, 37.44672654767367], [-121.89226025775497, 37.446718631982], [-121.89226480682355, 37.44671761711308], [-121.89227164659613, 37.446712952852465], [-121.89227358875377, 37.4467176998431], [-121.89228026593128, 37.44672677518119], [-121.89228238775198, 37.44673580915316], [-121.89228261053417, 37.44673605021122], [-121.89228265904319, 37.44673581129273], [-121.89228354837532, 37.44672680584833], [-121.89228865709434, 37.446717841054664], [-121.89228785849207, 37.44670881991794], [-121.89229440361723, 37.44670291613282], [-121.89229894370267, 37.4466999107509], [-121.89230577539041, 37.44669840805986], [-121.89231516817502, 37.446700062660305], [-121.89231705194217, 37.446700387161684], [-121.89232832849393, 37.44670222005958], [-121.89233965984293, 37.446700447069645], [-121.89234049707278, 37.44670030015255], [-121.89235101454813, 37.44669704800679], [-121.89236192009567, 37.44669148797834], [-121.89236240518592, 37.446691303262156], [-121.89237376617932, 37.44668751479717], [-121.89238512357946, 37.44668387610188], [-121.89239070121906, 37.44668274426931], [-121.89239646301328, 37.44668161101037], [-121.89240779705725, 37.4466796290553], [-121.89241911942307, 37.44667839095737], [-121.89241962892089, 37.44667677321961]], [[-121.89245967132294, 37.44667461183487], [-121.89246142737801, 37.446683406822814], [-121.89246218465779, 37.44669242724947], [-121.89246368753925, 37.4467014548069], [-121.89246165914335, 37.44671044884332], [-121.89245248195441, 37.446715908310594], [-121.8924412098942, 37.446713613979306], [-121.89243535647181, 37.44671020207962], [-121.89243055048505, 37.446701143856124], [-121.89243014444656, 37.446697376074134], [-121.8924189038274, 37.446693017057534], [-121.89240749252836, 37.44670025165563], [-121.89240659960295, 37.44670091991449], [-121.8923960695512, 37.44670823866826], [-121.89239378244048, 37.44670981267803], [-121.89238463579426, 37.446717022312924], [-121.89238249960052, 37.44671871970432], [-121.8923828804862, 37.44672773727392], [-121.8923844615211, 37.44672878780212], [-121.89239263259691, 37.44673684185156], [-121.89239561590198, 37.446739027777305], [-121.89240325158188, 37.44674595498637], [-121.8924067918424, 37.44674775578959], [-121.89241742699707, 37.44675510092674], [-121.89241798485087, 37.44675534626389], [-121.89242923355486, 37.44675913401223], [-121.89243784480517, 37.44676430606069], [-121.89244044542791, 37.44676544288432], [-121.89245169682685, 37.44676912294064], [-121.89246275239304, 37.44677355184535], [-121.89246293564938, 37.446773615319195], [-121.89247419782808, 37.44677650302196], [-121.89248547348151, 37.446778485687666], [-121.89249674913496, 37.44678048618307], [-121.89250802209347, 37.44678263288215], [-121.8925099220303, 37.446783008019615], [-121.89251930044186, 37.44678439517231], [-121.89253058867172, 37.44678555695726], [-121.89254187959654, 37.446786494800826], [-121.89255317321627, 37.44678733779023], [-121.89256446683603, 37.446788081646346], [-121.89257576854064, 37.44678827919971], [-121.89258708102501, 37.446787789952054], [-121.89259840159421, 37.44678669306737], [-121.89260973204489, 37.44678496287079], [-121.89261958117369, 37.44678403501182], [-121.89262105620737, 37.44678370409213], [-121.8926324198957, 37.44677970167509], [-121.8926437629228, 37.44677706786776], [-121.89265008706242, 37.44677530771702], [-121.89265092339394, 37.44676630227732], [-121.89264671658347, 37.446757249766094], [-121.89264475017131, 37.44674821793632], [-121.89264425160633, 37.446743908132746], [-121.89264166894988, 37.446739176120715], [-121.89263302266527, 37.44673878315331], [-121.89262172545226, 37.44673824398207], [-121.89261043542577, 37.4467371991595], [-121.89259914180603, 37.446736473132574], [-121.89258783021995, 37.44673696665971], [-121.8925765249221, 37.44673695168275], [-121.89256525465854, 37.44673463025088], [-121.89255768455564, 37.446729374757155], [-121.89255475694614, 37.446720335078886], [-121.89255417304119, 37.446719459995194], [-121.89254405621448, 37.446711221227815], [-121.89254299620242, 37.44671078118976], [-121.89253174749844, 37.446706942089264], [-121.89252045298036, 37.44670626313257], [-121.89250918271681, 37.44670392101727], [-121.89250441805257, 37.44670183565028], [-121.89249793580946, 37.44669995068951], [-121.89248880802788, 37.446692676865915], [-121.89248679220836, 37.44668905314791], [-121.89248024259163, 37.44668358298076], [-121.8924756980146, 37.446674742277025], [-121.89247531353567, 37.44667452404082], [-121.89247477808085, 37.44667379641134]]]}, "properties": {"elev": 8.0, "Shape_Leng": 350.027594976, "GlobalID": "{EECD6C01-5768-49F8-8EAF-9DBF1FE9E60E}"}}, {"type": "Feature", "geometry": {"type": "LineString", "coordinates": [[-121.90033738417395, 37.446348250988486], [-121.90034114542004, 37.44635139331763], [-121.90033872446035, 37.446360383830175], [-121.90033717935806, 37.44636219034826], [-121.90033520575938, 37.44636035102334], [-121.90032596748502, 37.446355875023414], [-121.90031821143083, 37.44635118007289], [-121.90032609324913, 37.44634730886025], [-121.90033738417395, 37.446348250988486]]}, "properties": {"elev": 8.0, "Shape_Leng": 7.12793280785, "GlobalID": "{FB45D6F4-DEA8-44AF-A8D8-23491A7E383D}"}}, {"type": "Feature", "geometry": {"type": "LineString", "coordinates": [[-121.90121906804893, 37.44635478027192], [-121.9012077286151, 37.44635706035037], [-121.90119642601219, 37.4463569419603], [-121.90118518718968, 37.44635244099845], [-121.90117577643876, 37.44635014380319], [-121.90118523659702, 37.44634906474192], [-121.90119663172639, 37.44634284926301], [-121.90119843195023, 37.446341340859306], [-121.90120798463495, 37.44633956714762], [-121.90121928903449, 37.44633964488567], [-121.90122649352307, 37.44634160188804], [-121.90122679895026, 37.446350618076664], [-121.90121906804893, 37.44635478027192]]}, "properties": {"elev": 7.0, "Shape_Leng": 13.4546913934, "GlobalID": "{079197F7-66D7-472C-8DB7-6850AA228154}"}}, {"type": "Feature", "geometry": {"type": "LineString", "coordinates": [[-121.9004168680086, 37.44632434617509], [-121.90041555377334, 37.44632504581781], [-121.90041584213255, 37.44633406200845], [-121.90041672158321, 37.44633435798369], [-121.90042799544004, 37.446336411267275], [-121.90043228669215, 37.44633421534505], [-121.90042813198396, 37.44632712121065], [-121.90042514149236, 37.446325134966976], [-121.9004168680086, 37.44632434617509]]}, "properties": {"elev": 7.0, "Shape_Leng": 5.86163165706, "GlobalID": "{CA66AC5E-041B-4D4F-8DBE-8128D1B4A2A0}"}}, {"type": "Feature", "geometry": {"type": "LineString", "coordinates": [[-121.90136470921101, 37.44632485967432], [-121.90136648787526, 37.4463234989013], [-121.9013778515636, 37.44631948576173], [-121.90138918560756, 37.44631749809145], [-121.90139528067675, 37.44632514423847], [-121.90140034986992, 37.44632709268291], [-121.90140591852635, 37.446325242659185], [-121.90141174679592, 37.446320790192544], [-121.90142310868764, 37.44631686620203], [-121.9014343852394, 37.44631888667919], [-121.90144438079356, 37.44631658805657], [-121.90144572646987, 37.446316341291634], [-121.90145711171778, 37.44631083829037], [-121.90146842599877, 37.446310210680046], [-121.90147970524548, 37.446311990097946], [-121.90149097011914, 37.44631472234233], [-121.90149661962396, 37.44631707302816], [-121.90150217390737, 37.446321591108806], [-121.90150974760353, 37.446326208323065], [-121.90150203287187, 37.446331251313495], [-121.90149201036824, 37.4463350569132], [-121.90149067008184, 37.4463352423434], [-121.90147933873284, 37.446337016768396], [-121.90146801457037, 37.446338321912116], [-121.90145667962811, 37.44634042012676], [-121.90144537792352, 37.44634023113054], [-121.90143408610041, 37.44633934320492], [-121.90142277271774, 37.44633987382072], [-121.9014114225041, 37.44634297407182], [-121.90140011540961, 37.44634309032231], [-121.90138881190839, 37.44634306821331], [-121.90138863673693, 37.44634310886533], [-121.90137747157625, 37.446345456697465], [-121.90136613483736, 37.446347674728386], [-121.90135483043782, 37.446347607688224], [-121.90134551041677, 37.44634270805076], [-121.90134839580544, 37.44633372181527], [-121.901355087356, 37.44632998682167], [-121.90136470921101, 37.44632485967432]]}, "properties": {"elev": 7.0, "Shape_Leng": 40.9956689086, "GlobalID": "{C9EAA619-4907-45BC-AB52-9BA2421CB9CC}"}}, {"type": "Feature", "geometry": {"type": "MultiLineString", "coordinates": [[[-121.89604237612784, 37.44647812038], [-121.89604340836961, 37.446482577240744], [-121.89604418092074, 37.44649159697841], [-121.89604505048995, 37.446500618854536], [-121.89604539813796, 37.44650963502408], [-121.89604622189306, 37.4465186561848], [-121.89604677166201, 37.44652767520493], [-121.89604811284676, 37.44653670135582], [-121.89604924292736, 37.44654572393971], [-121.89604981066265, 37.44655470729696], [-121.89604981605251, 37.44655474295656], [-121.89605060567166, 37.44656376411186], [-121.8960515201566, 37.44657278597928], [-121.89605522840212, 37.44658183423365], [-121.89605784249957, 37.446590871075905], [-121.89605876866266, 37.446599892940036], [-121.89605914505674, 37.44660890981083], [-121.89606028322221, 37.44661132824044], [-121.89607156246892, 37.446613017076], [-121.89608289291961, 37.44661131968218], [-121.89609417935284, 37.446612540664624], [-121.89610549902372, 37.44661159711339], [-121.89611681240642, 37.44661094097793], [-121.89612811500933, 37.44661116135386], [-121.8961394041375, 37.44661222828714], [-121.89615070584209, 37.44661246221365], [-121.89616201652981, 37.44661204998941], [-121.89617333260745, 37.44661128830178], [-121.89618463610869, 37.44661138672214], [-121.89619594589811, 37.44661104082463], [-121.89620583095947, 37.44661027985013], [-121.89620726736564, 37.44660989829313], [-121.89621857985, 37.44660940191238], [-121.89622988874113, 37.44660916299349], [-121.89624121200528, 37.44660789921955], [-121.89624517716895, 37.44661064785654], [-121.89625244813286, 37.446612597719884], [-121.89626373187114, 37.446613989868055], [-121.89627503357572, 37.446614200259305], [-121.89628635594157, 37.44661304132449], [-121.89629767471415, 37.446612111323866], [-121.89630898450356, 37.44661175615489], [-121.89632028620818, 37.446611988655036], [-121.89633159599761, 37.446611669145625], [-121.89633278806197, 37.4466114658863], [-121.89634294890615, 37.44660834068461], [-121.89635422635625, 37.44661017429792], [-121.8963655496204, 37.44660896116051], [-121.89637688546097, 37.44660683014663], [-121.89638819794533, 37.446606380836464], [-121.89639948258194, 37.44660771378999], [-121.8964107995579, 37.446606917869076], [-121.89642212911025, 37.44660525827427], [-121.89643343171316, 37.446605420168574], [-121.89643877758743, 37.446603441777405], [-121.89644486816505, 37.446596439670124], [-121.89644615275589, 37.446594497651496], [-121.89645632707479, 37.44658594221357], [-121.89646763147432, 37.446585947919104], [-121.89646930773065, 37.44658570115498], [-121.8964789843829, 37.44658272286961], [-121.89649029686726, 37.44658221008529], [-121.89650157252072, 37.44658418919022], [-121.89651287242869, 37.44658450584701], [-121.89652422713387, 37.44658118808264], [-121.89653554410982, 37.446580342238164], [-121.89654620172236, 37.44657740603082], [-121.89654689612007, 37.446577135018195], [-121.89655824902863, 37.44657387002966], [-121.89656955073322, 37.446574059025295], [-121.89658081381025, 37.446576916781765], [-121.89659214875249, 37.446574881334556], [-121.89660346213519, 37.44657430935533], [-121.89661477192463, 37.44657398128747], [-121.89662611585001, 37.446571294696774], [-121.89663380363223, 37.446569210039236], [-121.89663746965691, 37.446567946977765], [-121.89664207172609, 37.446569287063845], [-121.89664873453057, 37.44657066566222], [-121.89665843274237, 37.44657845370838], [-121.89665990597945, 37.4465797609875], [-121.89667117803963, 37.44658200825228], [-121.8966824797442, 37.44658222292272], [-121.89669377156734, 37.446583077325506], [-121.89670508045845, 37.446582789196384], [-121.89671639473946, 37.44658218013128], [-121.89672770363056, 37.446581911258306], [-121.89673901341999, 37.4465815411122], [-121.89675032500605, 37.44658117667162], [-121.89676163389716, 37.44658089567435], [-121.89677293650007, 37.446580979117705], [-121.89678424808612, 37.44658056190099], [-121.89679555787556, 37.44658023882543], [-121.89680684790206, 37.44658124585113], [-121.89681815499654, 37.44658108966226], [-121.89682674199231, 37.44658002486817], [-121.89682948814213, 37.446579164046646], [-121.89684085272883, 37.44657505891917], [-121.89685215712835, 37.44657514164929], [-121.89686349656218, 37.446572746040545], [-121.89686681044725, 37.44657138598521], [-121.89687492492924, 37.446564366045166], [-121.89688623651527, 37.446563878935606], [-121.89689753013504, 37.44656471907483], [-121.89690882555142, 37.44656531316298], [-121.89692012635768, 37.44656557989648], [-121.89693144602857, 37.4465646156621], [-121.89693661583304, 37.446563023819465], [-121.89694281510683, 37.44656023524199], [-121.89695417969348, 37.4465561408113], [-121.89696509242756, 37.44655427581625], [-121.89696551463572, 37.446554131751626], [-121.89696616681262, 37.44655428580093], [-121.89697679837403, 37.44655552889324], [-121.89698808390894, 37.446556888948905], [-121.8969993658506, 37.446558413038474], [-121.89701068641982, 37.446557359655095], [-121.89701827269236, 37.44655477291056], [-121.89702208693909, 37.44655087603362], [-121.89702510348181, 37.446545823073265], [-121.89703359076461, 37.44653731683999], [-121.89703472264185, 37.446536900336234], [-121.89704493738495, 37.44653441129821], [-121.89705624358112, 37.4465343349867], [-121.89706014137113, 37.446537137115754], [-121.89706192901855, 37.44654616683151], [-121.89706724884167, 37.446554807143734], [-121.89707063998188, 37.446555260733376], [-121.8970785415631, 37.446555576677056], [-121.89708982440308, 37.44655707223906], [-121.89710112341271, 37.4465574837504], [-121.89711242601562, 37.446557647784346], [-121.89712373760167, 37.44655717208583], [-121.89713502583153, 37.446558363115116], [-121.89714632394285, 37.44655878389792], [-121.89715764361378, 37.44655778899619], [-121.89716896238636, 37.4465568219089], [-121.89717372884724, 37.44655622282832], [-121.89718030002354, 37.44655460673701], [-121.89719160621972, 37.44655456394555], [-121.89720264741288, 37.44655649312779], [-121.89720288187316, 37.44655651880267], [-121.89721416650976, 37.44655790025406], [-121.89722548438401, 37.446556970252686], [-121.89722652553144, 37.446556716356646], [-121.8972368426825, 37.446553375768914], [-121.8972481578618, 37.446552649027055], [-121.89725946854956, 37.44655225891144], [-121.897270792712, 37.44655098229911], [-121.89728210519637, 37.446550478072844], [-121.89729340779928, 37.44655059289667], [-121.89730471579209, 37.446550423157134], [-121.89731602917477, 37.44654986187562], [-121.8973273380659, 37.44654954022633], [-121.89733864066882, 37.44654970925263], [-121.89734995674644, 37.4465489290214], [-121.89735054963452, 37.44654885984186], [-121.8973612916887, 37.44654684079728], [-121.89737263920736, 37.44654403795543], [-121.89738392653891, 37.44654513912282], [-121.89739522105695, 37.446545863725184], [-121.8974065362363, 37.44654518476709], [-121.89741784243245, 37.44654508991262], [-121.89742914144209, 37.44654549286569], [-121.89744044673995, 37.44654548929978], [-121.89745176191927, 37.446544788945886], [-121.89746308159016, 37.44654372771718], [-121.89747439766779, 37.44654301095989], [-121.89748571194882, 37.44654237265361], [-121.89749703161971, 37.446541340665725], [-121.8974987429103, 37.446541228694706], [-121.89750834949398, 37.44654046130078], [-121.8975196826396, 37.44653849289258], [-121.89753098703913, 37.44653857704919], [-121.8975423291679, 37.44653606233633], [-121.89755365063543, 37.446534872019846], [-121.89756497300127, 37.44653369668037], [-121.89756872706086, 37.446532868665116], [-121.89757632051996, 37.446530791851636], [-121.89758765636053, 37.4465286708202], [-121.89759900477749, 37.446525686827], [-121.8976069108503, 37.44652421194696], [-121.89761034690626, 37.44652321133926], [-121.89762173215419, 37.446517723330224], [-121.89763304374024, 37.446517226235656], [-121.89764434724147, 37.446517351044236], [-121.89765564445447, 37.44651786810813], [-121.89766691202308, 37.44652041634157], [-121.8976782209142, 37.446520121080276], [-121.89768958100929, 37.44651637825088], [-121.89769140369098, 37.44651598670869], [-121.89770091864648, 37.44651416165138], [-121.89771226796181, 37.44651109920652], [-121.89772362715857, 37.44650744195964], [-121.8977241230286, 37.44650727935195], [-121.89773502588119, 37.44650104391679], [-121.89773876916098, 37.446498402254555], [-121.89773692761466, 37.446489371106686], [-121.89773522979877, 37.44648711385443], [-121.89773250071691, 37.44648031713554], [-121.89773112809118, 37.44647129097783], [-121.89773287800934, 37.446462294059906], [-121.89772440959116, 37.44645404100034], [-121.89772371609176, 37.44645319515441], [-121.89771978596241, 37.44644414474488], [-121.8977166948595, 37.446435102892536], [-121.89771344565312, 37.44643084370759], [-121.89771175951533, 37.44642604392252], [-121.89770587375358, 37.44641697496666], [-121.89770238559534, 37.44641414073947], [-121.89769114317956, 37.44640992577126], [-121.89768992865731, 37.44640781329473], [-121.89768517297617, 37.44639875574775], [-121.89768006066389, 37.44639472692201], [-121.89767446954959, 37.44638964185752], [-121.89766890718134, 37.4463844790546], [-121.89765764769756, 37.44638137523925], [-121.89765679339973, 37.44638046377871], [-121.89765777166507, 37.446371459717945], [-121.89765779591959, 37.44637125217879], [-121.8976580086433, 37.44637112086274]], [[-121.89773239462785, 37.44636619445137], [-121.89773307024882, 37.44637216221301], [-121.89773682341007, 37.44637848680801], [-121.89773769657253, 37.44638121905002], [-121.89774113801839, 37.44639026376158], [-121.89774784753523, 37.446397628903256], [-121.89774862008639, 37.44639934698452], [-121.89775107069049, 37.44640838384881], [-121.89775271011587, 37.4464174121537], [-121.89775275054005, 37.44642642619364], [-121.89775121711588, 37.446435425255466], [-121.89775021369769, 37.44644442930857], [-121.89775210105812, 37.446453459748675], [-121.89775260141971, 37.44646247806344], [-121.89775438457556, 37.446471507788225], [-121.89775435852444, 37.44648052110843], [-121.89775622342695, 37.44648955083105], [-121.89775778020733, 37.4464911712029], [-121.89776502781507, 37.446498646879334], [-121.89776622257438, 37.446507670894185], [-121.89776883038365, 37.44650849177782], [-121.89778013118992, 37.44650879631066], [-121.897791425708, 37.446509503796754], [-121.89780268519176, 37.44651262971579], [-121.89781394198059, 37.44651589114104], [-121.89781692438734, 37.446517157769286], [-121.89782519697279, 37.44651927880103], [-121.89783647981277, 37.4465207508284], [-121.89784778690722, 37.446520610329685], [-121.89785908951013, 37.4465207458361], [-121.89787041546926, 37.44651932373211], [-121.89788173963171, 37.44651799933535], [-121.89788288857697, 37.44651777325361], [-121.89789310870995, 37.44651364030832], [-121.89790445353366, 37.44651090521838], [-121.89791322109085, 37.446509041648596], [-121.89791580015404, 37.44650810308836], [-121.8979271180283, 37.446507200900875], [-121.8979383963767, 37.44650897032939], [-121.89793958574612, 37.44650928769969], [-121.89794966484361, 37.44651151571041], [-121.89796096744651, 37.44651164622452], [-121.89797229340562, 37.4465101863212], [-121.8979816197149, 37.446509679955085], [-121.89798360768661, 37.44650955372017], [-121.8979949264592, 37.446508620865515], [-121.89800625241833, 37.44650715882254], [-121.89801757478415, 37.446505987761775], [-121.89802888996348, 37.446505322353936], [-121.89804020963436, 37.44650429607107], [-121.89805151044065, 37.44650452286604], [-121.89806282292501, 37.44650407498168], [-121.89807413810433, 37.44650338033292], [-121.89808545418197, 37.44650263076844], [-121.8980959932169, 37.44650173286004], [-121.89809677295453, 37.4465016679596], [-121.89810808274395, 37.446501314216455], [-121.89811938085529, 37.446501764240466], [-121.8981306888481, 37.44650157381832], [-121.89814199504426, 37.446501498219966], [-121.89815332100335, 37.446500006222834], [-121.8981646298945, 37.44649977372233], [-121.89817593609065, 37.4464996688831], [-121.89818724408346, 37.44649946704988], [-121.89819854488972, 37.446499713101005], [-121.89820986276399, 37.44649883730153], [-121.89822117973993, 37.44649799216933], [-121.89823253624174, 37.44649449610314], [-121.89823958711843, 37.446494058916585], [-121.89824385321772, 37.446493717297685], [-121.89824495994213, 37.44649410884002], [-121.89825510461665, 37.4464972911018], [-121.89826637847345, 37.44649938075365], [-121.8982776837713, 37.44649936007109], [-121.89828897739105, 37.446500133170986], [-121.8983002880788, 37.44649979583125], [-121.89831158978339, 37.44649997412918], [-121.89832290855597, 37.44649904769309], [-121.89833426954938, 37.44649518005407], [-121.89833493070942, 37.446494948266746], [-121.89834561796634, 37.44649226880512], [-121.89835695470524, 37.44649008001937], [-121.89836827347781, 37.44648910508614], [-121.89837959045377, 37.44648827493078], [-121.8983909119213, 37.44648717376255], [-121.89839897160603, 37.44648653117666], [-121.89840223159217, 37.44648613820794], [-121.89841353689005, 37.44648616031691], [-121.89841760356335, 37.44648670519547], [-121.89842481973001, 37.44648759169298], [-121.89843610885818, 37.446488717822916], [-121.89844739708805, 37.44648984965841], [-121.8984587077758, 37.44648946025567], [-121.89847000678543, 37.4464898339682], [-121.89848130220182, 37.446490540741294], [-121.89849261468618, 37.44648994023379], [-121.89850393615373, 37.4464888433447], [-121.89851525043474, 37.44648819291371], [-121.89851901886735, 37.4464876501747], [-121.89852657998709, 37.44648655328564], [-121.89853790594618, 37.446485052016705], [-121.89854922921035, 37.44648384173006], [-121.89856053720315, 37.446483649881436], [-121.89857184968751, 37.44648309287853], [-121.89858315318874, 37.44648317632196], [-121.89859445668995, 37.44648329685142], [-121.89860576737772, 37.446482836842655], [-121.8986170942351, 37.446481394055375], [-121.89862841749928, 37.44648011815502], [-121.8986397147123, 37.44648062024214], [-121.89864719498367, 37.44647983216504], [-121.89865103707814, 37.44647944632821], [-121.8986624016648, 37.44647533976885], [-121.89867107669549, 37.44647104064747], [-121.89867378062449, 37.446470301780494], [-121.89868510388865, 37.44646907081102], [-121.89869641547473, 37.44646862007365], [-121.89870772795909, 37.44646813510305], [-121.8987190368502, 37.44646781416659], [-121.89873034663962, 37.4464674661289], [-121.89874165103916, 37.446467546719624], [-121.89875296442185, 37.44646690413354], [-121.89876428499107, 37.446465880702924], [-121.89877559657712, 37.44646537576295], [-121.8987869270278, 37.446463662675534], [-121.89878958783767, 37.44646313206062], [-121.89879825658018, 37.446461936750666], [-121.89880957445443, 37.44646105881114], [-121.89882087166744, 37.44646163293083], [-121.89883216708382, 37.446462269811384], [-121.89884092745447, 37.44646360989935], [-121.89884344273727, 37.44646427388115], [-121.89885466988169, 37.44646953367269], [-121.89886058888109, 37.44647280722407], [-121.89886588265306, 37.44647580619641], [-121.89887718705262, 37.44647589320585], [-121.89888437177825, 37.446473028313584], [-121.8988885597241, 37.446471238914796], [-121.89889994676862, 37.44646565533424], [-121.89890275669885, 37.44646418615853], [-121.8989015367867, 37.446455162138456], [-121.89891146047563, 37.44645136866914], [-121.89892271367121, 37.44645494033571], [-121.89892429201115, 37.4464553739565], [-121.8989339686634, 37.44645832015336], [-121.89894530989386, 37.44645581898847], [-121.89894696099735, 37.44645558506139], [-121.89895665112431, 37.446453402693294], [-121.8989679761851, 37.44645201482131], [-121.89897927519475, 37.44645242633318], [-121.89899059486565, 37.446451342281065], [-121.89900192082474, 37.4464499223153], [-121.89901319378325, 37.44645208828009], [-121.89902444518218, 37.44645578332885], [-121.89902628044031, 37.446456323928494], [-121.89903572083563, 37.446457723211516], [-121.89904703870991, 37.446456838140044], [-121.89905571374061, 37.4464565977943], [-121.89905835119426, 37.446456400240024], [-121.8990696735601, 37.4464551008039], [-121.89908102107877, 37.44645224803515], [-121.89909235152946, 37.4464504657678], [-121.89910097266123, 37.44644800668096], [-121.89910371611612, 37.4464464483559], [-121.89911145420398, 37.44644810367515], [-121.89911498907463, 37.446448649980354], [-121.89912623777862, 37.446452454860875], [-121.89913753588993, 37.44645289276092], [-121.89914886813726, 37.446451079826275], [-121.89915444487853, 37.44644850520237], [-121.89916022913064, 37.446447187936265], [-121.89917154341165, 37.4464464997057], [-121.8991828603876, 37.44644567668189], [-121.89919418275345, 37.44644451917079], [-121.89920549613613, 37.44644394219822], [-121.89921680502724, 37.44644366619282], [-121.8992281166133, 37.44644322615318], [-121.89923942011451, 37.44644334169037], [-121.89925075595511, 37.44644123135435], [-121.89925436808085, 37.44644042188107], [-121.89926208640576, 37.44643945693182], [-121.89927337912722, 37.44644027995579], [-121.89928468442506, 37.44644023003232], [-121.8992960067909, 37.44643904613306], [-121.89930732466516, 37.44643814180518], [-121.89931863445459, 37.44643780731798], [-121.89932995771873, 37.44643655780499], [-121.89934126481323, 37.44643640304222], [-121.89935184606897, 37.44644132977483], [-121.89935249195767, 37.44644174413958], [-121.89936372808523, 37.44644643266567], [-121.89937499206057, 37.44644922124734], [-121.89937791068692, 37.44645058629731], [-121.89938623896794, 37.44645319800719], [-121.89939751462138, 37.44645511934694], [-121.89940882441081, 37.44645481481387], [-121.89942014318339, 37.446453884098055], [-121.89943145656608, 37.446453297140884], [-121.89944276455888, 37.44645307391172], [-121.89945408153481, 37.446452265864984], [-121.89945756520149, 37.44645132801717], [-121.89946542096865, 37.44644993016046], [-121.8994767496227, 37.44644826699613], [-121.89948805042897, 37.44644855084664], [-121.89949935842178, 37.44644830479532], [-121.89951067000783, 37.4464479032681], [-121.89952199237366, 37.44644667229825], [-121.89953331204457, 37.44644566598398], [-121.89954462902053, 37.44644489502315], [-121.899555936115, 37.44644472100421], [-121.89956724680275, 37.446444298081225], [-121.8995712299327, 37.446443373070835], [-121.89957858264331, 37.4464421456669], [-121.89958991668726, 37.44644016869775], [-121.89960121210362, 37.44644084908325], [-121.89961253177452, 37.44643983635014], [-121.89962386761509, 37.44643773100637], [-121.89963516482814, 37.44643824807082], [-121.89964649258387, 37.446436674768485], [-121.89965348776497, 37.44643512571469], [-121.89965783111936, 37.446434403250834], [-121.89966914270543, 37.44643394110214], [-121.89968044710494, 37.44643396677708], [-121.89969105890343, 37.44643547589214], [-121.8996917281483, 37.44643560569317], [-121.89970301458153, 37.446436853779765], [-121.8997143153878, 37.44643711980055], [-121.89972322757373, 37.44643577471975], [-121.89972564583849, 37.446435338246026], [-121.89973700323863, 37.44643182006798], [-121.89974152895103, 37.44642693184711], [-121.89974407208159, 37.44641794205576], [-121.89974855287822, 37.44641509998344], [-121.89975990219354, 37.44641205465119], [-121.89976708152928, 37.44640914268577], [-121.89977127576334, 37.44640731976541], [-121.89978262687526, 37.446404186710105], [-121.89979393935965, 37.446403649676014], [-121.89980524016593, 37.446403994861285], [-121.89981655265028, 37.44640340505093], [-121.89982787681276, 37.446402122017304], [-121.89983918570387, 37.446401835313836], [-121.89985048651015, 37.446402080652135], [-121.89986180618104, 37.44640113424541], [-121.89986263352944, 37.446401020134594], [-121.89987313303847, 37.44639962085053], [-121.89988446169251, 37.44639793272335], [-121.89989576968532, 37.44639772589748], [-121.89990705971181, 37.446398735778395], [-121.8999183389585, 37.44640050592269], [-121.89992962898499, 37.446401513663965], [-121.89994102411437, 37.446395410873855], [-121.89994634573412, 37.44639278632451], [-121.89995242822691, 37.44638862627092], [-121.89995675181838, 37.44638386927469], [-121.8999639185777, 37.44637589221218], [-121.89996558495255, 37.44637493796003], [-121.89997533257173, 37.44636845574906], [-121.89998227475222, 37.446366080103154], [-121.89998668637858, 37.44636511087377], [-121.89999789914998, 37.44635721226051], [-121.89999810935574, 37.44635703467541], [-121.90000943621317, 37.4463555719163], [-121.90001758842436, 37.44634838221606], [-121.90002089242797, 37.4463452220569], [-121.90002717794003, 37.446339458028994], [-121.90003237110069, 37.446333368071386], [-121.90003821015003, 37.44633956072888], [-121.90004356051587, 37.44634124386501], [-121.90005484874571, 37.44634238069504], [-121.90006611092444, 37.44634531976438], [-121.90007058273794, 37.44634887503255], [-121.90007518570543, 37.44635793187233], [-121.90007702186188, 37.44636696232292], [-121.90007709013385, 37.44636755783909], [-121.90007938712603, 37.446375997051504], [-121.90008237402434, 37.44638503819779], [-121.90008671917538, 37.44639409218047], [-121.90008797412182, 37.446396323047374], [-121.90009924169044, 37.44639883277259], [-121.9001072681375, 37.4463942833161], [-121.90011064759959, 37.44639188199605], [-121.90011749186372, 37.44638536484012], [-121.90012214693355, 37.44637865369517], [-121.90012379264715, 37.44637641070343], [-121.90013002515859, 37.4463674551393], [-121.90013368669169, 37.4463625861704], [-121.9001401051544, 37.44635853594691], [-121.90014516266946, 37.44635090977266], [-121.9001468470106, 37.44634958465974], [-121.9001565434258, 37.44634569205128], [-121.90016787567309, 37.446343822771794], [-121.90017695674231, 37.44634085232188], [-121.9001792375648, 37.446339912333166], [-121.90018291796252, 37.446340907951004], [-121.90019050693006, 37.446342374989484], [-121.9002017250913, 37.446348310183495], [-121.90020495363643, 37.44635012597338], [-121.90021294594753, 37.44635403427193], [-121.90022133980554, 37.44635929193158], [-121.90022414883744, 37.44636101500606], [-121.90023136859737, 37.446368397980414], [-121.90023528794696, 37.44637232196823], [-121.90023959177549, 37.44637748833792], [-121.90024641986996, 37.446384130303265], [-121.90024929717381, 37.446386592245005], [-121.90025759311547, 37.446393152192364], [-121.9002620092334, 37.44639572396547], [-121.90026879959863, 37.44639981198619], [-121.90028005459082, 37.44640323602427], [-121.90029072567808, 37.44640500402889], [-121.9002913329392, 37.446405064650264], [-121.90029149912755, 37.44640501116079], [-121.90029162219675, 37.446395999257845], [-121.90029146768651, 37.4463958409291], [-121.9002848021871, 37.446386921740086], [-121.90028130504571, 37.446377876314884], [-121.9002837197172, 37.44636888580445], [-121.90028336578096, 37.446359868904786], [-121.90028262467085, 37.44635084915129], [-121.9002815044717, 37.44634182511748], [-121.90028106160226, 37.446334422884334], [-121.90028081456558, 37.44633280464862], [-121.90028112358603, 37.44633023216019], [-121.90028154669251, 37.446323799155714], [-121.9002834214765, 37.44631480293324], [-121.90028528637905, 37.44630580670966], [-121.90028724201143, 37.44629681191141], [-121.90028643712094, 37.44628779072389], [-121.90028660690253, 37.44627877880683], [-121.90029151619555, 37.44626981181986], [-121.90029339187787, 37.44626440081721], [-121.90029489206438, 37.446260829854786], [-121.90029347003127, 37.446259106777994], [-121.90028845922863, 37.446251757312965], [-121.90028335949276, 37.446242696181166], [-121.90028245938086, 37.44623894905868], [-121.90028159609984, 37.44623366571557], [-121.9002825563989, 37.446232312072816], [-121.90029298583934, 37.44622475934477], [-121.90029398835921, 37.446223628931676], [-121.9003009071835, 37.44621581873954], [-121.90030030351566, 37.446206799681846], [-121.90029821762757, 37.446197767785556], [-121.90029769722805, 37.44619630020669]], [[-121.90034667492208, 37.44619305651998], [-121.90034908023897, 37.44619824134679], [-121.90035079602114, 37.446204322757154], [-121.9003515038936, 37.44620727680899], [-121.90035815591827, 37.446216352208985], [-121.9003618075699, 37.44622429434203], [-121.90036259269746, 37.44622540692522], [-121.90037300237496, 37.446231812123614], [-121.90037632164993, 37.44623454793691], [-121.90037885310242, 37.44624358482115], [-121.90038402021194, 37.44625145919782], [-121.90039535874743, 37.446249137037746], [-121.90040669009643, 37.446247364037085], [-121.90041547561992, 37.446243925014755], [-121.90041806366625, 37.44624267692492], [-121.90042938693043, 37.446241378198216], [-121.90044072277097, 37.44623930494263], [-121.90045202986545, 37.4462391230781], [-121.9004553006314, 37.44624429587572], [-121.90045680800445, 37.44625332277402], [-121.90045662205318, 37.44626233469416], [-121.90045620882815, 37.44627134376043], [-121.9004556887036, 37.44628035282563], [-121.90046260752794, 37.4462887991799], [-121.90046371784564, 37.446289441054255], [-121.90047382658751, 37.446294653787305], [-121.90048186740762, 37.446298622710145], [-121.9004819545442, 37.44630763676444], [-121.9004799324365, 37.44631663227457], [-121.90047912215611, 37.44632563705514], [-121.90048457043832, 37.44633299293165], [-121.90048671741184, 37.44633472099912], [-121.90049580656587, 37.44633765935553], [-121.90050703999852, 37.44634260677729], [-121.90050838387816, 37.446343936169534], [-121.90051621808577, 37.446353022250825], [-121.90051814766699, 37.44635605118205], [-121.90052138070372, 37.44635307003476], [-121.9005295670509, 37.44634824670934], [-121.9005363187886, 37.44634419577185], [-121.90052973862912, 37.44633648329979], [-121.90052908196066, 37.446335114681816], [-121.90052976737522, 37.446334517025846], [-121.90054109692757, 37.44633286669643], [-121.9005434208692, 37.446335248762175], [-121.90055224951183, 37.446343250077604], [-121.90055419077115, 37.44634436194586], [-121.9005615767194, 37.44635344374798], [-121.90056338053651, 37.44635507981307], [-121.9005746588849, 37.44635694623945], [-121.90058597496254, 37.44635615102915], [-121.90059725870081, 37.44635762377288], [-121.9006085604054, 37.44635780706354], [-121.90061988905946, 37.44635619310751], [-121.90062258041206, 37.44635401216292], [-121.90063028166898, 37.44634507014679], [-121.900631375817, 37.44634379281771], [-121.90063670911485, 37.44633611671845], [-121.90064288862568, 37.446329518966806], [-121.90064594738922, 37.446327188964], [-121.90065406546444, 37.44631825193699], [-121.9006543628068, 37.44631798021029], [-121.90065742875686, 37.44631828331751], [-121.90066565373161, 37.4463189608513], [-121.90067662036459, 37.446327474954565], [-121.90067682967204, 37.4463277723562], [-121.90068402697413, 37.446336556758716], [-121.90068666891935, 37.44634559505693], [-121.90068786457701, 37.44634621125592], [-121.90069914202708, 37.44634810121792], [-121.90071045001989, 37.446347847321135], [-121.90072174723291, 37.44634839790632], [-121.90073304085267, 37.44634914675914], [-121.90074436591344, 37.44634779097888], [-121.90075567300792, 37.44634761695972], [-121.90076696572933, 37.44634843927147], [-121.90077821712829, 37.44635215500796], [-121.90078950176489, 37.446353505082634], [-121.90080082592736, 37.446352150015585], [-121.90081216805612, 37.44634960890834], [-121.90081930247614, 37.44634682816808], [-121.90082354342256, 37.44634477488478], [-121.90083491339912, 37.44634029103879], [-121.90084620612059, 37.44634122674835], [-121.90085366393406, 37.446347147678615], [-121.90085739823068, 37.446348927095656], [-121.9008686666976, 37.4463513362622], [-121.90087996480894, 37.44635183906336], [-121.9008913051411, 37.44634945129262], [-121.90090262660863, 37.44634823601143], [-121.90091393639803, 37.446347900810636], [-121.90091515810683, 37.44634771965957], [-121.90092526056051, 37.44634656428657], [-121.90093656406174, 37.44634669979324], [-121.90094791247873, 37.44634373290947], [-121.90095270858403, 37.44633905578804], [-121.90095935791376, 37.446334156863166], [-121.90097059404135, 37.446338836124504], [-121.900971390847, 37.44633922980717], [-121.90098181669417, 37.4463444047375], [-121.90099153736386, 37.44634842999997], [-121.90099305461838, 37.44634902266352], [-121.90100431859373, 37.44635177986835], [-121.90101563916294, 37.44635075572295], [-121.90102692379955, 37.44635214716283], [-121.90103823269067, 37.44635185831959], [-121.90104953709019, 37.446351886134124], [-121.90106084148972, 37.446351891839655], [-121.90106636343377, 37.446358140124715], [-121.90107198958239, 37.446362576898906], [-121.9010751821949, 37.44635822214194], [-121.90107750613656, 37.44634923020272], [-121.90108352844221, 37.446346607078134], [-121.90109482296027, 37.446347330969225], [-121.90110615341098, 37.446345542993875], [-121.90111746140379, 37.44634535114488], [-121.90112879724435, 37.44634330428028], [-121.90113835262402, 37.446340781715755], [-121.90114014566133, 37.446340273208975], [-121.90114441445556, 37.44634083877124], [-121.9011514285013, 37.44634175379817], [-121.90116268888339, 37.446344794854156], [-121.90117350549772, 37.44635012169421], [-121.90116887019084, 37.446359092950686], [-121.9011623726764, 37.44636643669964], [-121.90115106558193, 37.44636657077992], [-121.90113975848742, 37.446366697015094], [-121.90113523546998, 37.446367793192756], [-121.9011284190536, 37.44636913970116], [-121.90111709758608, 37.446370230173216], [-121.90110577522024, 37.446371473268584], [-121.9010944411763, 37.446373468069325], [-121.90108733370579, 37.446376360779894], [-121.90108307658964, 37.44637749404346], [-121.90107174524064, 37.44637938115189], [-121.90106043185796, 37.44637989679039], [-121.90104912206853, 37.44638025766599], [-121.90103782665214, 37.44637958726469], [-121.90102648991328, 37.446381813139695], [-121.90101654376646, 37.44638471583463], [-121.90101512802156, 37.446385672939435], [-121.90100377151974, 37.446389206809854], [-121.90099240423812, 37.44639347384234], [-121.90098110343185, 37.44639317430134], [-121.90096979723569, 37.446393287699], [-121.90096962386083, 37.44639329269138], [-121.90096979723569, 37.44639332407188], [-121.9009810890588, 37.44639415779419], [-121.90099240244147, 37.44639358723998], [-121.90100363317917, 37.446398663745875], [-121.90101492140904, 37.44639977204736], [-121.90102618718102, 37.44640251997882], [-121.90102788679353, 37.446402848047434], [-121.90103746283445, 37.44640443204837], [-121.90104875375927, 37.44640540270361], [-121.90106004558238, 37.4464063248617], [-121.9010713544735, 37.446405993227124], [-121.90108267683934, 37.446404859250805], [-121.90109399112035, 37.446404210958654], [-121.90110528384179, 37.44640500331571], [-121.90111658374975, 37.446405367043944], [-121.90112787108129, 37.44640656734719], [-121.90113915481959, 37.44640802297336], [-121.90115043945617, 37.44640933310821], [-121.90116169804163, 37.44641257670812], [-121.90117300154284, 37.44641259810389], [-121.90118138462105, 37.44641328918751], [-121.90118429336596, 37.446413536665325], [-121.90118842292132, 37.44641335408807], [-121.90119560495201, 37.44641306809784], [-121.90119798279258, 37.44641344323711], [-121.90120687970716, 37.446415119952846], [-121.9012181841067, 37.446415217660224], [-121.90122947772643, 37.44641592871317], [-121.9012407767361, 37.446416333093424], [-121.90125206137269, 37.44641769172519], [-121.90126337655201, 37.44641700492079], [-121.90127463693409, 37.44642009304441], [-121.90128207947622, 37.44642323822333], [-121.90128588114649, 37.446424245251116], [-121.9012971891393, 37.44642398422263], [-121.90130846299613, 37.44642615732011], [-121.90131974314116, 37.44642780978699], [-121.90133102777774, 37.446429181969215], [-121.90134231151603, 37.446430639734544], [-121.90135359166105, 37.44643232500821], [-121.90135864648116, 37.44643296402862], [-121.90136486821282, 37.44643425205403], [-121.90136984218455, 37.44643306815466], [-121.90137620674831, 37.446431974830745], [-121.90137822346614, 37.446433145892684], [-121.9013874186214, 37.4464383336539], [-121.9013986736136, 37.44644174485276], [-121.90140313015571, 37.44644239029186], [-121.90140995914848, 37.446443040010024], [-121.90142123839522, 37.4464447588034], [-121.9014325230318, 37.44644621514203], [-121.90144380497347, 37.44644777988586], [-121.901455109373, 37.4464477720407], [-121.90146640478939, 37.44644842603803], [-121.90147771547711, 37.44644799384348], [-121.90148900550362, 37.44644900087098], [-121.90150029822505, 37.44644990020635], [-121.90151161609933, 37.44644901870076], [-121.90152291690559, 37.446449244782706], [-121.90153420783041, 37.44645020687899], [-121.90154550953498, 37.44645040514646], [-121.90155682112105, 37.446450027154604], [-121.90156814169028, 37.44644891029557], [-121.90157001433057, 37.446448828361895]], [[-121.90157091616963, 37.44649775324611], [-121.90156742483465, 37.4464979458118], [-121.9015670205928, 37.44649799430888], [-121.90155607462104, 37.446500998985755], [-121.90154473698385, 37.446503298315875], [-121.90153340922812, 37.44650484023637], [-121.90152461382318, 37.4465066132309], [-121.90152206709932, 37.44650741699793], [-121.90151073754697, 37.44650906732346], [-121.9014994178761, 37.44651007435012], [-121.90148809640854, 37.44651118478952], [-121.90147676146628, 37.4465132309363], [-121.90146790946748, 37.44651509878515], [-121.90146541754086, 37.44651594819632], [-121.90145406553063, 37.44651916183765], [-121.90144275124965, 37.44651983223769], [-121.9014314118158, 37.4465221629477], [-121.90142773950292, 37.44652373910094], [-121.90142000860159, 37.44652888121168], [-121.9014086952189, 37.446529530929105], [-121.90139738542948, 37.446529794809955], [-121.90139193804559, 37.446532420067705], [-121.90138601006304, 37.44653465021733], [-121.90137467422244, 37.446536756271584], [-121.90136381808223, 37.44654117092619], [-121.90136330244928, 37.44654132283597], [-121.90135198098174, 37.446542444685925], [-121.90134133684394, 37.44654997598619], [-121.90134055980124, 37.446550411746045], [-121.90132922755392, 37.446552226817815], [-121.90131791147628, 37.4465530120414], [-121.90130664121271, 37.44655070629408], [-121.90129529010079, 37.44655382721896], [-121.90128562422832, 37.44655847080699], [-121.90128390305627, 37.44655947426698], [-121.90127252948643, 37.44656412712612], [-121.90126119903576, 37.446565905111655], [-121.90125179547137, 37.4465671703127], [-121.90124987217834, 37.4465674491704], [-121.90123849411694, 37.446572402995685], [-121.90122713941176, 37.44657579778502], [-121.90122689866328, 37.4465759518343], [-121.90121573619754, 37.446582541005924], [-121.90120976240091, 37.446584806100375], [-121.9012043787974, 37.4465861190849], [-121.9011930582282, 37.446587240221035], [-121.90118170262468, 37.44659066211099], [-121.90117035959759, 37.446593226745385], [-121.90116911543092, 37.44659344070264], [-121.90115903453682, 37.446594618180754], [-121.90114769779791, 37.446596851181226], [-121.90113635566914, 37.446599388000976], [-121.90112585166852, 37.4466020517686], [-121.90112500815047, 37.44660226929177], [-121.90111366961496, 37.44660459215409], [-121.90110234814743, 37.44660572113507], [-121.90109101679846, 37.44660752479443], [-121.90107968904272, 37.44660910522508], [-121.90107150269552, 37.44661056013409], [-121.90106835050719, 37.446611380303395], [-121.90105703353123, 37.44661221331008], [-121.90104571475865, 37.44661317825709], [-121.90103439418945, 37.44661426088053], [-121.9010230430775, 37.44661738679511], [-121.90101172071168, 37.44661859993241], [-121.90100845803057, 37.44661898719488], [-121.90101170723693, 37.44661951709555], [-121.9010229945685, 37.44662067175114], [-121.90103427471352, 37.44662241193614], [-121.90104557192652, 37.44662290332449], [-121.90105687452942, 37.4466230809089], [-121.90106818342055, 37.44662275569403], [-121.90107950488807, 37.44662166879158], [-121.90109080210108, 37.44662221295601], [-121.90110209482253, 37.44662305523409], [-121.9011134082052, 37.44662249680584], [-121.90112471889294, 37.44662202966602], [-121.90113600891945, 37.446623068784675], [-121.90114732499708, 37.44662230567076], [-121.90115864466797, 37.44662127724995], [-121.90116994008436, 37.44662198901415], [-121.9011812211277, 37.446623600824864], [-121.90119250486596, 37.44662503719066], [-121.90120379040091, 37.44662631808089], [-121.90121507413917, 37.44662780508315], [-121.9012223406115, 37.44662998887256], [-121.90122632643643, 37.446631331097066], [-121.90123761466629, 37.44663252212523], [-121.9012462375947, 37.4466302106748], [-121.90124897386305, 37.446628807115864], [-121.90126030880533, 37.44662674028973], [-121.90127160152674, 37.446627594691954], [-121.90127809993952, 37.44663050807523], [-121.9012828592139, 37.446630836856095], [-121.90129413756229, 37.44663263908842], [-121.90130544375846, 37.44663253781541], [-121.90131675354789, 37.44663218264656], [-121.90132806513394, 37.446631798950044], [-121.90133936324526, 37.446632254678796], [-121.9013506676448, 37.44663224112816], [-121.90136198372244, 37.4466315158134], [-121.90136614741378, 37.446631326104765], [-121.90137330608827, 37.44663031408743], [-121.90138221468094, 37.44663147587474], [-121.90138459162318, 37.44663158784564], [-121.90138622386205, 37.44663151296064], [-121.90139591578567, 37.44663031622697], [-121.90140723365992, 37.44662943115756], [-121.90141852997463, 37.44662999101213], [-121.90142984605227, 37.44662923503018], [-121.90144116841812, 37.44662804186242], [-121.90145248449574, 37.44662723809671], [-121.90146378260705, 37.44662774303559], [-121.90147509598977, 37.44662716392491], [-121.90148641116907, 37.44662647569603], [-121.9014977326366, 37.44662533173834], [-121.90150904781592, 37.446624630672055], [-121.90152034502893, 37.44662515415393], [-121.9015316557167, 37.44662474834848], [-121.90154196388457, 37.44662394672232], [-121.90154297448925, 37.44662376913783], [-121.90155430943153, 37.446621757940385], [-121.9015656282041, 37.4466208578939], [-121.90157317254972, 37.446620162013694]]]}, "properties": {"elev": 7.0, "Shape_Leng": 99569.3690517, "GlobalID": "{376C3ED7-90EC-42FC-8971-5F6C3703EBE3}"}}, {"type": "Feature", "geometry": {"type": "MultiLineString", "coordinates": [[[-121.89389578214866, 37.44659709426545], [-121.89389575122252, 37.446597694172816], [-121.89389489063652, 37.44660669891954], [-121.89389064160521, 37.44661567299803], [-121.89388965974659, 37.4466170601538], [-121.89387830144814, 37.44662066889836], [-121.89387535048245, 37.446624542949635], [-121.89387779300169, 37.44663357907352], [-121.89387808675079, 37.44663527290087], [-121.89388077451011, 37.44664262090187], [-121.89388583022856, 37.446651681272016], [-121.89388807511843, 37.44666071596628], [-121.89388890067018, 37.44666858601994], [-121.89388940013349, 37.44666974067477], [-121.89389511072373, 37.44667880817353], [-121.89389761612507, 37.446687845004135], [-121.89389979723458, 37.446696358352156], [-121.89390006493252, 37.44669688112036], [-121.89390285060821, 37.44670592008827], [-121.89390229904265, 37.44671492767477], [-121.89389943251857, 37.44672110603692], [-121.8938983401672, 37.44672390530622], [-121.8938913521726, 37.44673285298257], [-121.8938879134217, 37.44673564725911], [-121.89387845685668, 37.446741745029186], [-121.89387650212262, 37.446742883992684], [-121.89386512675618, 37.44674764167927], [-121.89385466587471, 37.44675053580175], [-121.89385377564425, 37.446750783278446], [-121.89384244968515, 37.44675225815409], [-121.89383113989574, 37.44675254271661], [-121.89381984088608, 37.44675217114495], [-121.89380855085959, 37.44675116269518], [-121.89380197159845, 37.4467500429879], [-121.89379727700276, 37.446749083035], [-121.8937860229089, 37.446745616221364], [-121.89377477600154, 37.44674170295098], [-121.89376824884269, 37.4467407137572], [-121.89376349944976, 37.446739701028186], [-121.8937610254895, 37.446740646004216], [-121.89375214564289, 37.4467430523054], [-121.8937407855478, 37.44674679084431], [-121.89372944880893, 37.44674899032044], [-121.89372776177282, 37.44674934834143], [-121.89371811745994, 37.446750714812296], [-121.89370679419578, 37.44675203064665], [-121.89369546913498, 37.44675336502391], [-121.89368413509104, 37.446755398326665], [-121.89367280553869, 37.44675700300263], [-121.89366762315782, 37.44675779820873], [-121.89366147239306, 37.4467588950938], [-121.89365015990867, 37.446759447102295], [-121.8936388626957, 37.44675890793123], [-121.8936275385332, 37.446760220199494], [-121.89361622694716, 37.44676071729243], [-121.89360491985265, 37.44676086278301], [-121.89359361455482, 37.446760852085205], [-121.89358230746033, 37.446761001141745], [-121.8935709913827, 37.44676172217611], [-121.8935596833899, 37.44676195966811], [-121.89354837000721, 37.44676260082526], [-121.89353704764136, 37.44676371126089], [-121.89352572707216, 37.44676479388214], [-121.89351982603905, 37.446765427907366], [-121.89351440650294, 37.446765842983496], [-121.89350309312027, 37.4467664827142], [-121.89349178063588, 37.44676693487619], [-121.89348046276162, 37.44676786487493], [-121.89346914668398, 37.44676858590917], [-121.89345783779287, 37.44676886833209], [-121.89344653069838, 37.44676898529514], [-121.89343522180728, 37.44676925987293], [-121.89342390662794, 37.44676993668952], [-121.89341260851661, 37.44676948880666], [-121.8934013211851, 37.44676834913033], [-121.89339456944742, 37.4467642547111], [-121.89339011021036, 37.446761966800025], [-121.89337885970973, 37.44675822612226], [-121.89336754363208, 37.446759000645876], [-121.8933577708601, 37.44676391024072], [-121.89335613412968, 37.44676611399538], [-121.89334826039621, 37.44677283509022], [-121.89334470845756, 37.44677431923688], [-121.89333339776984, 37.44677466869954], [-121.89332209516692, 37.44677455530243], [-121.89331080154716, 37.44677379005052], [-121.89330520144968, 37.44677243071198], [-121.89329955823307, 37.44676965711935], [-121.89328950698334, 37.44676327122313], [-121.89328835893642, 37.44676241610925], [-121.8932772198269, 37.44675414311346], [-121.89327717670777, 37.44675410602763], [-121.89326600166562, 37.44674524322332], [-121.89326566749233, 37.4467450207082], [-121.89325481764033, 37.4467370422578], [-121.89324984636356, 37.44673585978963], [-121.89324355635995, 37.44673408894006], [-121.8932334808557, 37.44672669316438], [-121.89323237952117, 37.44672543081879], [-121.89322914648447, 37.44671763922196], [-121.89322362364209, 37.446708573867454], [-121.89322137156569, 37.44670526466687], [-121.89321856073715, 37.446699514217336], [-121.89321371702114, 37.44669045527931], [-121.8932103761866, 37.446684269069564], [-121.89320909968058, 37.446681397766575], [-121.89320572471007, 37.4466723530902], [-121.89320203892245, 37.446663306273116], [-121.89319943740139, 37.44665939870396], [-121.89319548391582, 37.446654230927315], [-121.89318831895312, 37.44664678379402], [-121.89318589979004, 37.44664512776604], [-121.8931861081992, 37.446636115892], [-121.89318790982513, 37.44663530340323]], [[-121.89179525589579, 37.446710475243904], [-121.89179628599554, 37.44671322529092], [-121.8917968195948, 37.44671435284386], [-121.89180011641187, 37.446722274241495], [-121.89180422171276, 37.44673132604381], [-121.89180470949795, 37.44674034289868], [-121.8918017091249, 37.446749329085385], [-121.89180027271874, 37.44675832810833], [-121.89179966635595, 37.44676733568849], [-121.89179820839024, 37.44677633613571], [-121.89179580449853, 37.44678318132453], [-121.89179507506651, 37.44678532017847], [-121.89179110541129, 37.446794295661924], [-121.89178764240584, 37.4468032768498], [-121.89178409675546, 37.44681049931301], [-121.89178347422295, 37.44681225090467], [-121.89178404375483, 37.446814078807435], [-121.89179322094375, 37.446821354758775], [-121.89179523317, 37.44682192174382], [-121.89180651511168, 37.44682350074355], [-121.89181780873143, 37.44682424602567], [-121.89182909246969, 37.446825613921554], [-121.89184035015685, 37.4468289281091], [-121.89184510404132, 37.44683085514472], [-121.89185159347095, 37.446833018245705], [-121.89186283139514, 37.446837586218415], [-121.8918741061503, 37.44683963734858], [-121.89188541863466, 37.44683912670562], [-121.89189675537352, 37.446836942922346], [-121.8919081073838, 37.44683371217818], [-121.89191518520991, 37.44683151199142], [-121.89191946837718, 37.44682993013911], [-121.89193084374364, 37.44682516175993], [-121.89193932473822, 37.44682272479428], [-121.89194220743198, 37.44682118216712], [-121.89195356393378, 37.4468138463079], [-121.89195362142598, 37.44681380993528], [-121.89195398524365, 37.446813849873855], [-121.8919649132491, 37.446814757763164], [-121.891976198784, 37.44681600370389], [-121.8919807721071, 37.446814100916285], [-121.89198761008305, 37.44680885897875], [-121.8919907209489, 37.446805181063986], [-121.89199751850063, 37.44679623125667], [-121.89199911570522, 37.44679516503925], [-121.89200024039596, 37.44679625693148], [-121.89200818689297, 37.44680534509743], [-121.8920102278653, 37.44680828628815], [-121.89201258055301, 37.44681439902919], [-121.89201562224858, 37.446823440835686], [-121.89201810249706, 37.446832476935555], [-121.89202053154159, 37.44684151374751], [-121.89202040398082, 37.44685052631002], [-121.89201896308312, 37.44685952532085], [-121.8920207318659, 37.4468625663558], [-121.8920252171541, 37.446868597075806], [-121.89202560163307, 37.446877613914104], [-121.89202660505121, 37.44688663717005], [-121.8920316697528, 37.446887453057236], [-121.89204296067761, 37.44688838020167], [-121.89205426867039, 37.446888191206824], [-121.89206557756152, 37.446887905218475], [-121.89207048775287, 37.44688704796639], [-121.89207691789365, 37.44688553672088], [-121.8920882995483, 37.44688032902135], [-121.89209446378779, 37.44687826006256], [-121.89209969647433, 37.446874065802945], [-121.89210727466207, 37.44686936731905], [-121.89210803284016, 37.44686035975118], [-121.89211124701224, 37.446857445663674], [-121.89211529482093, 37.44685141494275], [-121.89211367515847, 37.44684238669023], [-121.892113035558, 37.44683336699492], [-121.89211192524027, 37.446824343732544], [-121.89211174917048, 37.446823388772934], [-121.89210974682572, 37.44681530977123], [-121.89211061010671, 37.4468063050496], [-121.89211201776676, 37.4468051817772], [-121.89211645813921, 37.44680635996513], [-121.89212328174212, 37.44680791828273], [-121.89213448553033, 37.44681480626001], [-121.89213551320304, 37.44681555225542], [-121.8921456740472, 37.44682268699527], [-121.89214859716513, 37.446824688202696], [-121.89215683202134, 37.446832653806354], [-121.8921580698998, 37.44683378991575], [-121.89216371491304, 37.4468428559683], [-121.89216797741908, 37.44684342295311], [-121.89217924408936, 37.44684606674275], [-121.89218749152198, 37.44685209175858], [-121.89219041104664, 37.4468554651396], [-121.8921960560599, 37.44686118633643], [-121.8921957964468, 37.446870196756976], [-121.89220141540889, 37.446875761764446], [-121.89221268836742, 37.44687797193456], [-121.89222399995346, 37.44687750693589], [-121.89223528908164, 37.44687859882693], [-121.89224105177418, 37.44687963366294], [-121.89224656383675, 37.44688064924283], [-121.89225783499863, 37.44688297994159], [-121.89226911514365, 37.446884606723586], [-121.89228038810218, 37.44688680833519], [-121.8922916682472, 37.446888475768894], [-121.89229974679654, 37.446889198228405], [-121.89230295647704, 37.44688954412454], [-121.89231424380857, 37.4468907622497], [-121.89232553293677, 37.446891849148265], [-121.89233683464136, 37.44689207522886], [-121.89234811478637, 37.446893746941576], [-121.89235940660949, 37.44689465696947], [-121.89237069573768, 37.446895728177765], [-121.89238199384901, 37.446896213145614], [-121.89239330902831, 37.44689551065546], [-121.89240461342786, 37.44689550566313], [-121.89241592681056, 37.44689497576445], [-121.89242721054883, 37.44689636576781], [-121.89243810711322, 37.446899508073955], [-121.8924384691343, 37.446899580105935], [-121.89243913658254, 37.4468995173454], [-121.89244978970348, 37.446898446850284], [-121.89246060182626, 37.44689971775121], [-121.89246107613671, 37.44689976910075], [-121.89247236975646, 37.44690050368434], [-121.89247627563134, 37.44689986466798], [-121.89248370200379, 37.4468986600935], [-121.89249411347794, 37.44690003298028], [-121.89249498484375, 37.44690016135414], [-121.89249890149841, 37.44690007719796], [-121.89250629283656, 37.44689996594063], [-121.89250753790152, 37.44690015778818], [-121.89251756489674, 37.446902148295706], [-121.89252888816091, 37.44690096083777], [-121.89254018896717, 37.44690119119749], [-121.89255146911219, 37.44690288216605], [-121.89256278698645, 37.446902016355914], [-121.89257406623317, 37.44690378791472], [-121.8925853939889, 37.4469021896606], [-121.89259653399674, 37.44690099221805], [-121.89259671635475, 37.44690097224882], [-121.8925972544456, 37.44690099934994], [-121.89260801446609, 37.446901477899075], [-121.8926193134757, 37.44690189012163], [-121.8926305981123, 37.446901311726286], [-121.8926306268584, 37.446901308873535], [-121.89263064751967, 37.446901311726286], [-121.89264191598659, 37.446902390066406], [-121.89265322218274, 37.4469022830882], [-121.89266453107386, 37.4469020541549], [-121.89267580313405, 37.44690424934728], [-121.89268707519423, 37.446906542246296], [-121.8926983876786, 37.44690596171138], [-121.89270969117982, 37.44690608366649], [-121.89272098749453, 37.44690664993769], [-121.89273226224968, 37.44690872674074], [-121.89274354778456, 37.4469100283086], [-121.89275483781105, 37.44691102391882], [-121.89276616646511, 37.44690942423847], [-121.89277746277982, 37.4469099819514], [-121.89278875280631, 37.44691101678693], [-121.89280005091763, 37.44691147893267], [-121.89280460986771, 37.446911955342124], [-121.89281133824916, 37.446912692778305], [-121.89282261569926, 37.446914517112745], [-121.89283392459036, 37.44691423469038], [-121.89284521551518, 37.44691523101371], [-121.89285649476187, 37.446916949796304], [-121.89286779916141, 37.44691702967329], [-121.89287910984916, 37.446916578225434], [-121.89289041245205, 37.44691671801025], [-121.8929016701392, 37.44692000010032], [-121.89290689384258, 37.446921927133594], [-121.89291291614825, 37.446923996804365], [-121.89292422324273, 37.446923832771176], [-121.89293552135406, 37.446924279939914], [-121.89294678083783, 37.44692734379424], [-121.89295805379632, 37.44692951901661], [-121.89296935639923, 37.44692968732889], [-121.89298065361226, 37.446930207242666], [-121.8929914711249, 37.44693173203788], [-121.8929919355539, 37.44693176627088], [-121.8930032381568, 37.44693193315679], [-121.89301453716645, 37.44693235393751], [-121.89302584605755, 37.44693212001194], [-121.8930272061069, 37.446932067236055], [-121.89303715854193, 37.44693155802009], [-121.89304284487768, 37.446932214152696], [-121.89304844677179, 37.44693271267085], [-121.89305974218819, 37.446933380927625], [-121.89307102143488, 37.44693508473288], [-121.89308228091866, 37.44693818923844], [-121.89309358441987, 37.44693827410777], [-121.89310484659859, 37.446941178207496], [-121.89310518616179, 37.446941810804866], [-121.89310479988622, 37.44694437328764], [-121.89310294396681, 37.44695080267281], [-121.8931046345962, 37.44695553395822], [-121.89310819551797, 37.446959865858425], [-121.89311111504263, 37.44696890622095], [-121.89310442169545, 37.44697003305684], [-121.89309307058355, 37.446973098335704], [-121.89308263215995, 37.446977652749275], [-121.89308169342047, 37.44697803002527], [-121.89307034859674, 37.44698071018273], [-121.89305900377302, 37.446983478062066], [-121.89304766703414, 37.44698563473996], [-121.89304189266349, 37.44698628516662], [-121.89303632580366, 37.446988055297005], [-121.89302909706056, 37.44699517789625], [-121.8930248489276, 37.4469997401535], [-121.89301350320555, 37.44700255581566], [-121.89300812409364, 37.44700399502698], [-121.89300214850036, 37.44700589709652], [-121.89299082343958, 37.44700722576377], [-121.89297948849733, 37.447009286873936], [-121.89296814367361, 37.44701197202257], [-121.8929568356808, 37.44701217385442], [-121.89295259473433, 37.44701248765664], [-121.89294552050147, 37.44701284781604], [-121.89293420801711, 37.44701343120287], [-121.89292289283779, 37.44701406879192], [-121.89291158394667, 37.44701436975677], [-121.8929002714623, 37.447014851871074], [-121.89288898592739, 37.44701357597981], [-121.89287766445986, 37.44701465289196], [-121.89286633670413, 37.44701621905024], [-121.8928550430844, 37.447015510142485], [-121.89284373239663, 37.447015818952416], [-121.8928324046409, 37.44701737726564], [-121.892821067902, 37.44701955391177], [-121.89281922276243, 37.44702025212166], [-121.89280970511197, 37.447023514238005], [-121.89279835400005, 37.44702662872447], [-121.89278703343085, 37.44702763931005], [-121.89277691480748, 37.447028868843994], [-121.89277570837005, 37.44702902289233], [-121.89276437702108, 37.44703081727004], [-121.89275303399396, 37.44703344108381], [-121.89274171072981, 37.447034614989064], [-121.89273039824545, 37.447035189817505], [-121.8927190758796, 37.44703636728867], [-121.89271538739703, 37.447037305842265], [-121.89270772207273, 37.44703968931198], [-121.89269639162202, 37.447041373858696], [-121.89268508542588, 37.4470414430378], [-121.8926737603651, 37.44704283303843], [-121.89266242182957, 37.447045093839854], [-121.89265672291741, 37.447045769227536], [-121.89265109587048, 37.447046520926115], [-121.892639788776, 37.447046650012894], [-121.8926284394607, 37.447049638264424], [-121.8926170784673, 37.44705346379682], [-121.89261307467606, 37.44705437382277], [-121.89260573454189, 37.447056091888896], [-121.892594397803, 37.447058322022926], [-121.89258307813209, 37.447059281258646], [-121.89257173959659, 37.447061547765045], [-121.89256041723074, 37.44706274520503], [-121.89255977852856, 37.447062887129114], [-121.89254906971208, 37.447065660710905], [-121.89253768715912, 37.44707089977773], [-121.8925313207987, 37.44707163364642], [-121.89252636389494, 37.44707217709439], [-121.89251503524092, 37.447073758941585], [-121.89250371916327, 37.44707449423664], [-121.89249238511931, 37.44707649615045], [-121.89248105377034, 37.447078269131474], [-121.8924755515892, 37.44708012484205], [-121.89246967750559, 37.447083110239504], [-121.8924583111223, 37.44708728380503], [-121.89245288350133, 37.447088926272684], [-121.89244696180698, 37.447090252798915], [-121.89243561877988, 37.447092840238085], [-121.89242428024437, 37.447095170217054], [-121.89241296506505, 37.44709584132514], [-121.8924080252293, 37.44709751802557], [-121.89240159958008, 37.44709992431534], [-121.89239024577321, 37.44710322707973], [-121.89238198217092, 37.447106288073975], [-121.8923788784916, 37.44710743772976], [-121.89236750671841, 37.44711201210442], [-121.8923587077202, 37.447115083082856], [-121.89235614482669, 37.44711585475003], [-121.89234480988445, 37.44711788233746], [-121.89233344799274, 37.447121797727696], [-121.89232932113232, 37.44712382103587], [-121.89232205196505, 37.44712792613325], [-121.89231068019185, 37.447132471979195], [-121.89231011515156, 37.44713265384156], [-121.89229932369003, 37.44713597229465], [-121.89228794383202, 37.44714103591287], [-121.89228699521108, 37.447141450986855], [-121.89227658643188, 37.44714457117395], [-121.89226521196375, 37.44714934595144], [-121.89226363092885, 37.447150245278465], [-121.89225376293547, 37.447159058824994], [-121.89225353835663, 37.44715916366328], [-121.89224236511112, 37.44716538406663], [-121.89223624758404, 37.44716801500757], [-121.89223097447332, 37.447171182263794], [-121.89221965480243, 37.447172147203574], [-121.89220829291072, 37.44717603335042], [-121.89220242870853, 37.447176710876455], [-121.89219696605329, 37.447177521054975], [-121.89218567512849, 37.44717661317007], [-121.89217433749128, 37.44717873418311], [-121.89216616911041, 37.44718538392239], [-121.89216290283603, 37.447187562703206], [-121.89215894485889, 37.447194330117235], [-121.89215138553578, 37.44720197831418], [-121.89215079803758, 37.4472032670396], [-121.89214900410195, 37.44721226315523], [-121.89214676370365, 37.447221255703866], [-121.89214542341725, 37.44723025680961], [-121.89214513056646, 37.447239267185736], [-121.89214197747981, 37.4472482511729], [-121.89213979816692, 37.44725724371718], [-121.89213922324515, 37.447260132827715], [-121.89213854771207, 37.44726624481866], [-121.89213848842324, 37.447275258043135], [-121.89213763502372, 37.44728426270836], [-121.89213828989556, 37.447293283062514], [-121.89213866988294, 37.44729765131557], [-121.8921390381922, 37.447302302702425], [-121.89213917114284, 37.44731131806213], [-121.8921397379798, 37.44732033627348], [-121.89214023654479, 37.44732935377056], [-121.8921402554094, 37.44733836770059], [-121.89214028685043, 37.44734738091644], [-121.892141619052, 37.447356406968474], [-121.89214441011758, 37.44736544728308], [-121.89214628939318, 37.447374476898844], [-121.89214755242446, 37.447383502947595], [-121.8921486241146, 37.4473892426468], [-121.8921503533715, 37.447392541832535], [-121.89215489345696, 37.44740159783282], [-121.89215963207008, 37.44740935369923], [-121.8921604450454, 37.44741066310336], [-121.8921674141754, 37.44741974192329], [-121.89217073524699, 37.44742307106138], [-121.89217767293594, 37.447428852122194], [-121.89218188693293, 37.44743346284947], [-121.89218592486014, 37.447437942350824], [-121.89219301885593, 37.447445218241505], [-121.8921943860918, 37.44744703471791], [-121.89220195260143, 37.44745611923889], [-121.89220413101599, 37.44745830371726], [-121.89220997455692, 37.44746520803788], [-121.89221525305754, 37.44747067886103], [-121.89221854358642, 37.44747430111484], [-121.89222637599738, 37.447483054002674], [-121.8922267757477, 37.447483392051154], [-121.89223756990415, 37.44749057665005], [-121.89224086222964, 37.447492537188175], [-121.89224877369236, 37.447497413928545], [-121.89225746579106, 37.44750170585918], [-121.89225999814185, 37.44750286905932], [-121.89227119384522, 37.44751028971964], [-121.89227947361718, 37.44750191196882], [-121.8922812477899, 37.44749291588801], [-121.8922827003657, 37.44748391624021], [-121.89228289350348, 37.447483523276695], [-121.89228499645957, 37.44747492372315], [-121.89228698802454, 37.44746592906543], [-121.89228870650169, 37.447456932267094], [-121.89229257105404, 37.44744795472361], [-121.89229482043551, 37.44744130215496], [-121.89229568371651, 37.44743897076041], [-121.89229554268101, 37.44742995612929], [-121.89229506298065, 37.44742492177114], [-121.89229470994273, 37.44742093507843], [-121.89229203745475, 37.44741189691006], [-121.89228801749387, 37.44740284590334], [-121.89228648496801, 37.44739381771736], [-121.8922870679746, 37.44738481021262], [-121.89228964883442, 37.447375821249565], [-121.89229365891384, 37.44736684583587], [-121.8922960250763, 37.447359701876564], [-121.89229715246199, 37.44735786471569], [-121.89230154881699, 37.447348892865776], [-121.89230184975263, 37.44733988178972], [-121.89230299510459, 37.44733087998397], [-121.89230686684347, 37.44732190313858], [-121.89230792685551, 37.44731920231101], [-121.89231177883143, 37.447312936276646], [-121.89231691090666, 37.447303970126846], [-121.8923195169193, 37.44729989427966], [-121.89232520954326, 37.44729503535606], [-121.89232573415939, 37.44728602712623], [-121.89231979180377, 37.447281228109226], [-121.892318088598, 37.44727694187143], [-121.89231658122495, 37.447267913670224], [-121.89232009992593, 37.44726031183702], [-121.89232183097948, 37.447258949654604], [-121.89232904445123, 37.4472500041807], [-121.89233161183628, 37.44724630417885], [-121.89233782638142, 37.44724107296937], [-121.8923430680511, 37.447236072831394], [-121.89234831870394, 37.44723215816026], [-121.89235451618109, 37.44722633571956], [-121.89235879395846, 37.44722324335009], [-121.89236589244584, 37.44722147465159], [-121.89237720582855, 37.4472209048169], [-121.89238854166912, 37.44721879093688], [-121.89239602643207, 37.44721457886674], [-121.89239995476481, 37.4472114629617], [-121.89240665440019, 37.44720566476766], [-121.8924113804369, 37.447203271318664], [-121.8924227773629, 37.44719703166244], [-121.89242321214749, 37.447196807009156], [-121.89243415722093, 37.44719201511822], [-121.8924413491331, 37.44718796422648], [-121.8924455586385, 37.44718543170577], [-121.89245695017462, 37.44717963422291], [-121.8924577362005, 37.44717910432627], [-121.89246835788042, 37.44717261719272], [-121.89247267698029, 37.44717023087452], [-121.89247975390812, 37.44716646026341], [-121.89249112478298, 37.44716193010961], [-121.89249357898032, 37.447161413050196], [-121.89250246601345, 37.44715952667467], [-121.89251376322645, 37.44716005229237], [-121.89252505954114, 37.44716058076275], [-121.89253640705982, 37.44715775084285], [-121.89254774200208, 37.447155691876326], [-121.89255907514772, 37.447153829748956], [-121.89256177638177, 37.44715303882623], [-121.89257041907314, 37.4471511709933], [-121.89258177108337, 37.44714797806153], [-121.89259311500876, 37.4471453492595], [-121.89259706939265, 37.44714435721831], [-121.8926044535443, 37.44714299503379], [-121.89261580196128, 37.44714009165504], [-121.892627146785, 37.44713734874298], [-121.89263360207862, 37.44713568630717], [-121.89263849071043, 37.447134742762444], [-121.89264981307625, 37.44713356172697], [-121.8926611246623, 37.44713310528812], [-121.89267243984163, 37.447132387823295], [-121.89268375681756, 37.447131593334376], [-121.89269510164131, 37.44712889606589], [-121.89269992918763, 37.44712729425064], [-121.89270645904145, 37.447125382199566], [-121.89271778769547, 37.44712373474038], [-121.89272912712931, 37.447121394064546], [-121.89273887295184, 37.44711864473313], [-121.89274048273283, 37.44711797219886], [-121.89275183204812, 37.4471149661204], [-121.89276316070217, 37.44711332507968], [-121.89277448396633, 37.447112089128446], [-121.89278580094228, 37.447111303910766], [-121.89279710624011, 37.44711132316679], [-121.89280840974135, 37.44711133029863], [-121.89281513902114, 37.44711034681525], [-121.89281975187012, 37.447108874086275], [-121.89283110298206, 37.44710571823842], [-121.89284240468666, 37.447105932194205], [-121.89285365967885, 37.44710933765715], [-121.89285907292674, 37.44711075832353], [-121.89286492904408, 37.44711178602446], [-121.89287624602002, 37.44711093020132], [-121.892876297224, 37.447110920216765], [-121.89288761419994, 37.447106688171345], [-121.89289894375231, 37.447104945857994], [-121.89291027420299, 37.447103239917084], [-121.89292159297557, 37.44710233274449], [-121.89292170975655, 37.447102332031335], [-121.89293291264647, 37.44710129505886], [-121.8929414610147, 37.447102516746504], [-121.8929441990797, 37.4471025987629], [-121.89295549539439, 37.44710315076886], [-121.8929667979973, 37.44710332407306], [-121.89297810060022, 37.447103453159684], [-121.89298940769467, 37.4471033333445], [-121.89299202448711, 37.44710299101519], [-121.8930007579083, 37.447100253094085], [-121.8930120775792, 37.44709924678857], [-121.89302336580906, 37.44710036007199], [-121.8930346594288, 37.44710114814253], [-121.89304595754014, 37.4471015789069], [-121.8930572394818, 37.44710318428859], [-121.89306458320925, 37.44710366996823], [-121.8930685357965, 37.44710379620218], [-121.89307983121289, 37.44710444234868], [-121.89308554270147, 37.44710386609441], [-121.89309116705346, 37.447102362698324], [-121.89310252625022, 37.44709868265839], [-121.89311382975143, 37.447098723310006], [-121.89312512606614, 37.44709933023133], [-121.89313642417746, 37.44709982803519], [-121.89314772139049, 37.447100320846715], [-121.89315904106138, 37.44709933308409], [-121.8931703625289, 37.44709816203261], [-121.89318166782675, 37.447098194125985], [-121.89319299019259, 37.447097048036], [-121.89320142896635, 37.44709593903165], [-121.89320432154157, 37.44709521372139], [-121.89321564660239, 37.447093817303056], [-121.89322696268002, 37.44709306489175], [-121.89323827246945, 37.4470927232756], [-121.89324958585213, 37.447092181967335], [-121.8932608749803, 37.44709324818053], [-121.89327220543097, 37.44709149231639], [-121.89328353588166, 37.447089790654296], [-121.8932948411795, 37.44708981204989], [-121.89330613569757, 37.447090473886576], [-121.89331741494429, 37.447092263983734], [-121.89332872653036, 37.44709174692384], [-121.89334005159112, 37.447090396149314], [-121.89335137844854, 37.447088919854], [-121.89335469502858, 37.447088360716066], [-121.89336271967902, 37.4470864536563], [-121.89337404653642, 37.447084993764214], [-121.89338536081742, 37.44708433977248], [-121.89339667240348, 37.44708388903883], [-121.89340797680302, 37.44708397105526], [-121.89341928210088, 37.44708395679151], [-121.89343061165324, 37.447082247284236], [-121.89344192773088, 37.447081517694706], [-121.89345322943547, 37.447081671029785], [-121.8934645392249, 37.44708138432891], [-121.89347585081096, 37.44708093216884], [-121.8934844818242, 37.44708056273841], [-121.89348716509197, 37.44708035306164], [-121.89349848835612, 37.44707905720227], [-121.8935098071287, 37.447078179270015], [-121.89352110613832, 37.447078525878545], [-121.8935324410806, 37.44707648188676], [-121.89354378410769, 37.44707392083487], [-121.89355510916846, 37.447072587176486], [-121.89356641177137, 37.447072677037994], [-121.89357769910292, 37.44707391726893], [-121.89358898912941, 37.44707492428796], [-121.89360030341042, 37.447074231784065], [-121.89361161858974, 37.44707357921862], [-121.89362293287073, 37.44707298085534], [-121.89362671837137, 37.447072881009255], [-121.8936342444568, 37.44707245167112], [-121.89364313867644, 37.447073035057514], [-121.89364553987318, 37.447073132050846], [-121.8936492669833, 37.44707309211242], [-121.89365684876431, 37.447072886714764], [-121.89366816394362, 37.447072214893275], [-121.89367947552967, 37.447071737058415], [-121.89369078981068, 37.44707111729958], [-121.89370210858326, 37.44707013666836], [-121.8937134255592, 37.447069359295305], [-121.8937247101958, 37.447070740737196], [-121.89373600471387, 37.44707146176853], [-121.89374730911342, 37.447071535226755], [-121.89375862788597, 37.4470705660065], [-121.89376993498047, 37.447070416950595], [-121.89378125195641, 37.447069588941275], [-121.89379255994922, 37.44706938568314], [-121.8938038796201, 37.44706837509813], [-121.89381518940952, 37.44706800281489], [-121.8938264956057, 37.44706793720175], [-121.89383780090358, 37.44706793220942], [-121.89384908194688, 37.44706958466216], [-121.89386036658348, 37.44707093401065], [-121.89387169883081, 37.447069111106444], [-121.89388300412864, 37.4470690768735], [-121.89389429146021, 37.447070223677095], [-121.89390555363892, 37.44707317626839], [-121.89391292072256, 37.44707555973689], [-121.89391680144459, 37.44707701392368], [-121.89392803218229, 37.44708210607335], [-121.89393410209865, 37.44708477196335], [-121.89393924405533, 37.44708843702699], [-121.89394692465102, 37.44709390502494], [-121.89395040562275, 37.44709813421835], [-121.89395678815285, 37.44710301098437], [-121.89396153844407, 37.44710982832906], [-121.8939625283875, 37.447112077717506], [-121.89396492778762, 37.44712111306931], [-121.89396963136645, 37.447130171242016], [-121.89397243321184, 37.44713770533585], [-121.89397287158967, 37.4471392137235], [-121.89397538597416, 37.447148251211615], [-121.89397654480089, 37.4471572751481], [-121.89397655647896, 37.44716628909894], [-121.89397857050183, 37.44717532087826], [-121.89398082078164, 37.447184354796136], [-121.8939819948797, 37.44719338015461], [-121.89398279617694, 37.44720170587748], [-121.89398297224675, 37.4472024019461], [-121.89398548213964, 37.447211438713374], [-121.89398672450969, 37.447220464068636], [-121.89398804413483, 37.4472294887096], [-121.89398996473291, 37.44723852119453], [-121.89399103013484, 37.44724754369373], [-121.89399110110175, 37.447256558346886], [-121.89399147659753, 37.447265575138445], [-121.89399241084543, 37.447274596921254], [-121.89399197965409, 37.44728360586562], [-121.89399161583641, 37.44729261623531], [-121.89399220063966, 37.44730163516206], [-121.89399256894892, 37.44730575166066], [-121.89399756537853, 37.447310698305195], [-121.8940036999736, 37.44731757482522], [-121.89400704619804, 37.44731078674003], [-121.89400832090743, 37.44730178564393], [-121.89400904584787, 37.447292778841295], [-121.89401264360058, 37.447283799851725], [-121.89401520110418, 37.44727481016338], [-121.89401445460419, 37.447265789807005], [-121.89401588651876, 37.44725770800031], [-121.89401629165896, 37.447256793697775], [-121.89401863716014, 37.44724780186658], [-121.89402049577447, 37.447238807181606], [-121.8940265809622, 37.44722985029429], [-121.89402721966438, 37.44722084276983], [-121.89402777572154, 37.447218005007166], [-121.89403052636293, 37.4472118602057], [-121.8940392633774, 37.44720557633272], [-121.8940505659803, 37.44720580811786], [-121.89406184522701, 37.447207541870625], [-121.89406324480221, 37.44721216687524], [-121.89406916739489, 37.44722123502151], [-121.89407285857239, 37.447227322054125], [-121.89407491661271, 37.44723030174026], [-121.89408242652847, 37.44723938628756], [-121.89408392940996, 37.447243223934386], [-121.89408495169275, 37.44724842305038], [-121.89408374974688, 37.44725543864711], [-121.89408337784435, 37.44725742201333], [-121.89408371291597, 37.44725795404901], [-121.89408793948938, 37.44726647802995], [-121.89409188848336, 37.44727552834], [-121.8940938351326, 37.44728455867981], [-121.89409184895749, 37.447293554072516], [-121.89409300508926, 37.44730257799147], [-121.89409430944306, 37.447306004841], [-121.89410554467231, 37.447310754646736], [-121.89410728291239, 37.44731172529019], [-121.8941055141296, 37.447312859965976], [-121.8940977266344, 37.447320648648024], [-121.89409403006701, 37.44732503972133], [-121.89409102250742, 37.447329599818985], [-121.89409210767228, 37.44733862302041], [-121.89409374619937, 37.44734437413401], [-121.8940943938847, 37.4473476583449], [-121.89409388004836, 37.4473566658541], [-121.89409461217531, 37.44736568619956], [-121.89409679687806, 37.44737472009438], [-121.89409323236302, 37.44737919817288], [-121.89409148064821, 37.44738368409616], [-121.89409280296832, 37.44739270871743], [-121.89409299610612, 37.44739531825487], [-121.894093349144, 37.447401728345355], [-121.89409287303691, 37.44740365393982], [-121.89409097220178, 37.44741071873162], [-121.89408891236482, 37.4474197126828], [-121.89408658662656, 37.44742870378013], [-121.89408697110551, 37.44743772126414], [-121.894086565067, 37.447446730902094], [-121.89408497954051, 37.44745572912796], [-121.89408399498697, 37.447464733058275], [-121.89408393479982, 37.44747374625888], [-121.89408405517409, 37.44748276088474], [-121.89408283885521, 37.44749176267222], [-121.89408036579323, 37.44750075304772], [-121.89409136386725, 37.44750616396095], [-121.89409359168916, 37.44750087571504], [-121.89409655972283, 37.447491891045026], [-121.89410300603333, 37.447483242996014], [-121.89410313898398, 37.44748293918032], [-121.89410944336065, 37.44747398517502], [-121.89411364118797, 37.44746501119946], [-121.89411463292804, 37.44746137896067], [-121.8941156579058, 37.44745601582741], [-121.89411892597678, 37.447447034004725], [-121.89412195689256, 37.44743804932828], [-121.89412207906344, 37.447429036836574], [-121.89412120500266, 37.44742001507238], [-121.89412365291182, 37.44741102468719], [-121.89412403020424, 37.44740201504496], [-121.89412367357308, 37.44739299826984], [-121.89412461500748, 37.44738399433088], [-121.89412720035888, 37.447375588751775], [-121.89412724796958, 37.44737500465454], [-121.89412960155562, 37.44736601426395], [-121.89413270343832, 37.44735703029091], [-121.8941357235743, 37.44734804489046], [-121.89413622663085, 37.44733903595383], [-121.8941370414028, 37.44733002986886], [-121.8941373710845, 37.447321020216854], [-121.89413722645575, 37.447312004858325], [-121.89413947853215, 37.44730946734957], [-121.89414211508755, 37.44730303799525], [-121.89414416504302, 37.44729404403007], [-121.8941484374305, 37.447285070032954], [-121.89415089522112, 37.447276080344686], [-121.89415063740464, 37.44726706426758], [-121.89415064908275, 37.44725805104211], [-121.89415117010559, 37.44724904280782], [-121.89414958278249, 37.447240015316495], [-121.89414202705262, 37.44723093076928], [-121.89414067418981, 37.4472283069624], [-121.89413830802737, 37.447221881880196], [-121.89413714201412, 37.44721285795145], [-121.89413833677345, 37.44720385613043], [-121.89414112155082, 37.4471979003219], [-121.8941424483625, 37.44719488069611], [-121.8941463111182, 37.44718590383441], [-121.89414671356347, 37.44717689487826], [-121.8941464925779, 37.447167878789145], [-121.89414483249126, 37.44715884986166], [-121.89414365839319, 37.44714982592533], [-121.89414184559294, 37.44714869267347], [-121.89413437250809, 37.44714072567706], [-121.89413074780593, 37.44713463792419], [-121.89412894488714, 37.44713166180019], [-121.89412613944853, 37.447122622170546], [-121.8941252626928, 37.44711360108262], [-121.89412650057128, 37.44710459924959], [-121.89412939224815, 37.4470956131056], [-121.89413139369462, 37.44709074418413], [-121.89413245460496, 37.447086627673755], [-121.89413290735587, 37.44707761870565], [-121.89413743935648, 37.44706864824849], [-121.89414309245456, 37.447064016816334], [-121.89414703695698, 37.44705972486061], [-121.89415454417781, 37.44705405431519], [-121.89416037154905, 37.44705083570459], [-121.89416593391728, 37.447048283210066], [-121.89417726885956, 37.44704628771418], [-121.89418861368327, 37.44704351698435], [-121.89419992796428, 37.44704290007799], [-121.89420462076332, 37.447042236814454], [-121.89421126200821, 37.44704095307859], [-121.89422258617068, 37.44703964295481], [-121.89423389865506, 37.4470390938011], [-121.89424523000406, 37.44703735790489], [-121.89425653081032, 37.447037635334496], [-121.89426783520986, 37.44703765601688], [-121.89427914499929, 37.44703731796644], [-121.8942904485005, 37.44703742209169], [-121.89430176817142, 37.44703644930515], [-121.89431307885914, 37.44703601069536], [-121.894324384157, 37.44703602567226], [-121.89433570203127, 37.44703514132084], [-121.89433898896691, 37.447034480909984], [-121.89434705044825, 37.44703213809178], [-121.89435839617029, 37.44702942299003], [-121.89436967901028, 37.447030899999696], [-121.89438097981653, 37.44703116601834], [-121.8943923147588, 37.4470291562582], [-121.89440364341283, 37.447027548022206], [-121.89441473580996, 37.447026175850944], [-121.89441496847364, 37.44702612592786], [-121.89441719180395, 37.44702619867287], [-121.89442626838161, 37.44702648394761], [-121.89443756649293, 37.44702697533323], [-121.89444887538401, 37.4470267100278], [-121.89445229616862, 37.447026526738796], [-121.89446019146165, 37.44702592908827], [-121.89446710309944, 37.4470266658102], [-121.89447148238646, 37.44702691114641], [-121.89447410456877, 37.44702673213652], [-121.89448280654895, 37.4470256081543], [-121.89449417472885, 37.44702131833588], [-121.89450548990818, 37.44702059231173], [-121.89451676735825, 37.447022465140236], [-121.89452810050388, 37.447020521706264], [-121.89453941747983, 37.44701972792938], [-121.894550706608, 37.447020827663366], [-121.89456201010924, 37.44702092109088], [-121.89457331989867, 37.44702057590847], [-121.8945846368746, 37.447019790689815], [-121.89458882751539, 37.4470187908019], [-121.89459599337644, 37.447016259701904], [-121.89460732921701, 37.447014232824856], [-121.89461864619294, 37.4470133869853], [-121.89462995059247, 37.44701340624134], [-121.89464127206, 37.4470122786929], [-121.89465258364608, 37.44701180513683], [-121.89466389343549, 37.447011489195006], [-121.89466760347763, 37.44701051498177], [-121.89467527688676, 37.44700619235593], [-121.8946866037442, 37.44700463689521], [-121.8946979234151, 37.44700361418513], [-121.89470920356011, 37.44700531584918], [-121.89472047292536, 37.44700776921217], [-121.89473180157941, 37.4470061666812], [-121.8947431086739, 37.447006019764686], [-121.89475440678521, 37.44700649902629], [-121.89476572465949, 37.44700560611627], [-121.8947770335506, 37.44700535293488], [-121.89478834603496, 37.44700483516117], [-121.8947996621126, 37.44700405921376], [-121.89481097190202, 37.44700377322579], [-121.89482228258977, 37.447003313933436], [-121.89483358878593, 37.44700324618065], [-121.89484299414696, 37.447003142055394], [-121.89484489767705, 37.44700302223998], [-121.89485625507717, 37.44699943276991], [-121.89486758822281, 37.44699754710349], [-121.89487890969033, 37.446996393880084], [-121.89489020510672, 37.44699702932972], [-121.89489690743707, 37.446994633021305], [-121.89490159574451, 37.4469912261268], [-121.89491291721205, 37.446990117834076], [-121.8949241757975, 37.446993273686815], [-121.89492751303878, 37.44699491900933], [-121.89493542270485, 37.446997159129786], [-121.89494673249429, 37.446996856025294], [-121.89495804497867, 37.446996373910885], [-121.89496934668324, 37.446996585727376], [-121.89498066635416, 37.446995552319386], [-121.89498224020252, 37.44699543107761], [-121.89499198871998, 37.44699436628935], [-121.89500330749257, 37.44699339207588], [-121.89501465321462, 37.446990726182634], [-121.89502596659729, 37.44699010927579], [-121.89503724853896, 37.44699162123243], [-121.89504856461659, 37.44699090804533], [-121.89505991752515, 37.44698763879571], [-121.895065615539, 37.446987197332916], [-121.8950713108579, 37.44698160808537], [-121.89508254069727, 37.44698673590084], [-121.89509389270751, 37.44698351372143], [-121.89510524381946, 37.44698040065946], [-121.89511655720213, 37.446979882172386], [-121.89512786699156, 37.446979531284306], [-121.89513916420458, 37.44698006831425], [-121.89515046590917, 37.44698024589787], [-121.89516178288511, 37.4469794542601], [-121.89516858492844, 37.44697914616323], [-121.89517310704757, 37.4469781291583], [-121.89518443210837, 37.44697675627292], [-121.89519578142367, 37.44697368600193], [-121.89520583716495, 37.44697048093843], [-121.8952071379255, 37.44697023488884], [-121.89521844052841, 37.44697039321639], [-121.89522975480939, 37.44696973993685], [-121.89523308935574, 37.446970736259466], [-121.89524103675106, 37.44697129967745], [-121.89525113650978, 37.44697090528486], [-121.89525235282869, 37.44697055368352], [-121.89526366621138, 37.446970027351334], [-121.89527495803449, 37.446970880323306], [-121.89528485567229, 37.44697121980047], [-121.89528625794244, 37.44697123834331], [-121.89528633160431, 37.446971234064165], [-121.89529762612239, 37.44696694281638], [-121.89530896016633, 37.44696494089954], [-121.8953202960069, 37.44696284698154], [-121.89532295951169, 37.44696256313301], [-121.8953316165761, 37.44696175223897], [-121.89534296409477, 37.446958875954316], [-121.89535432508816, 37.446955078944654], [-121.89535758597265, 37.44695387294473], [-121.89536566272538, 37.44695282527241], [-121.89537699317606, 37.446951140723684], [-121.89538834069472, 37.446948248035284], [-121.8953996657555, 37.44694688014172], [-121.8954109674601, 37.446947069849564], [-121.89542227185964, 37.446947111927635], [-121.8954335663777, 37.44694781513049], [-121.89544489323512, 37.44694639232144], [-121.89544790708288, 37.44694570409554], [-121.89545622548243, 37.446944456017384], [-121.89546753347523, 37.446944242061114], [-121.89547883338321, 37.44694456513504], [-121.89549014496924, 37.446944142214875], [-121.89550147182666, 37.446942683746414], [-121.89551279149757, 37.44694165675635], [-121.89552410667687, 37.44694096781716], [-121.8955354398225, 37.44693905718771], [-121.89554669840794, 37.44693761369605], [-121.8955467657816, 37.446937598005945], [-121.89555807107945, 37.44693758588177], [-121.89556938985203, 37.44693667870715], [-121.89558070682799, 37.44693586424691], [-121.89559202739719, 37.44693472385995], [-121.89560335155967, 37.446933427998005], [-121.8956146721289, 37.44693243880677], [-121.89562599359641, 37.44693125491536], [-121.89563731147068, 37.44693037912093], [-121.89564861856513, 37.44693026786363], [-121.89565992835458, 37.44692986277305], [-121.89566183098636, 37.44692967734424], [-121.89567127677157, 37.44692693085853], [-121.89568259464582, 37.446926077886076], [-121.89569390713021, 37.446925617879984], [-121.89570522859773, 37.446924424003825], [-121.89571656713325, 37.44692218673391], [-121.89572786614289, 37.44692259182454], [-121.89573916155928, 37.44692318305719], [-121.89575046685714, 37.44692317592529], [-121.89576176946002, 37.44692333995848], [-121.89577308374105, 37.44692271021374], [-121.8957835311478, 37.44692180089937], [-121.89578441598835, 37.44692088801906], [-121.89579559642038, 37.446912900315965], [-121.89578455253226, 37.446911568794306], [-121.89577324813273, 37.44691155809647], [-121.89576193564835, 37.446912060180686], [-121.89575824447085, 37.44691255085392], [-121.89575058094316, 37.44691542286121], [-121.89573924869583, 37.446917262885705], [-121.89572792004182, 37.446918894659305], [-121.89571660037092, 37.44691984319903], [-121.89570532651409, 37.446917740721524], [-121.89569403738592, 37.44691665097059], [-121.89568275454593, 37.446915216036764], [-121.89567146541776, 37.44691407208355], [-121.89566480979983, 37.446911677912034], [-121.89566021401883, 37.44691049972575], [-121.89564931655612, 37.446911533134895], [-121.89564889255134, 37.44691160231412], [-121.89563755850736, 37.44691359068177], [-121.89562627566741, 37.446912082289515], [-121.89561496048809, 37.44691278406636], [-121.89560366956327, 37.446911844798], [-121.89559234270587, 37.44691333108143], [-121.89558101764506, 37.44691467187447], [-121.89556970156742, 37.44691545281514], [-121.895558391778, 37.44691575520673], [-121.89554704695429, 37.44691848172362], [-121.89553573806317, 37.446918802658125], [-121.89552443456195, 37.446918655741406], [-121.89551312836578, 37.446918705664544], [-121.895501820373, 37.44691892675276], [-121.89549052495661, 37.44691832696185], [-121.8954792223537, 37.44691814509898], [-121.89546791885249, 37.446918045252716], [-121.89545661355463, 37.44691807520657], [-121.8954453028669, 37.44691847673127], [-121.8954340065522, 37.446917871234874], [-121.8954227219156, 37.44691651475171], [-121.89541144536383, 37.446914519965496], [-121.89540013108282, 37.44691524599067], [-121.89538882488665, 37.4469152716654], [-121.89537754563997, 37.44691353433995], [-121.89536622956231, 37.446914281047576], [-121.89535494762066, 37.44691275767839], [-121.89534363244134, 37.44691338100457], [-121.89533234151652, 37.4469124531472], [-121.89532104071027, 37.446912229206255], [-121.89530972553094, 37.44691291600613], [-121.89529841214825, 37.44691347086621], [-121.89528711044366, 37.446913246925234], [-121.8952757934677, 37.446914057106575], [-121.89526449445808, 37.446913624201585], [-121.8952531873636, 37.4469137761106], [-121.89524190362529, 37.44691238396798], [-121.89523060371734, 37.44691201168395], [-121.89521930560602, 37.4469115880504], [-121.89520802007111, 37.44691026223417], [-121.89519670309512, 37.44691106100458], [-121.89518534479672, 37.446914713952566], [-121.8951740601601, 37.44691331467809], [-121.89516275665889, 37.44691317917239], [-121.89515145136102, 37.446913236227424], [-121.89514011821541, 37.44691520605213], [-121.89513642973284, 37.44691575306716], [-121.89512879045968, 37.44691666880028], [-121.89512456747951, 37.44691564180985], [-121.8951175363658, 37.44691325334392], [-121.89510624813595, 37.44691211580938], [-121.8950949437364, 37.446912060893894], [-121.89508363394697, 37.44691241677463], [-121.89507230259797, 37.44691418904634], [-121.89506102874114, 37.44691212793358], [-121.89504972164667, 37.446912237051286], [-121.89503843521345, 37.44691102177923], [-121.89502715686505, 37.446909203863406], [-121.8950158569571, 37.446908860106895], [-121.89500452740472, 37.44691050828399], [-121.89499322120857, 37.44691060171159], [-121.8949819455551, 37.44690861833622], [-121.8949706231893, 37.446909830755565], [-121.89495937358697, 37.4469060180532], [-121.89495274581681, 37.44690502172977], [-121.89494809344194, 37.44690428714624], [-121.89493679263566, 37.44690404608874], [-121.89493049095395, 37.44690481419209], [-121.89492546667657, 37.4469054610535], [-121.89491967613624, 37.446904712919384], [-121.8949141838366, 37.446904011855665], [-121.89490709073911, 37.44690459524341], [-121.8949028641657, 37.44690500603966], [-121.89489843367473, 37.44690451394001], [-121.8948915777325, 37.446903745836615], [-121.89488028680766, 37.44690279587033], [-121.89486899318791, 37.446902007797675], [-121.89485770046647, 37.44690116409639], [-121.8948464050501, 37.44690057500311], [-121.89483511771854, 37.446899363296815], [-121.89482380343753, 37.44689996879336], [-121.894812499038, 37.4468999802044], [-121.8948012197913, 37.446898185823486], [-121.89478991988335, 37.4468978327955], [-121.89477859392424, 37.44689927200876], [-121.89476728593144, 37.44689948596513], [-121.89475599590494, 37.44689847609101], [-121.8947446663526, 37.446900117136465], [-121.89473335566484, 37.44690050083158], [-121.89472204677374, 37.44690082533213], [-121.89471074956072, 37.4469002340993], [-121.89469944516118, 37.44690024408393], [-121.8946881326768, 37.44690074616825], [-121.89467681120927, 37.44690192506786], [-121.89466550501311, 37.446902007797675], [-121.89465420241021, 37.4469017952677], [-121.89464290789215, 37.44690112487102], [-121.89463159900103, 37.44690136093624], [-121.89462318448177, 37.44690194004479], [-121.8946202775335, 37.44690249419184], [-121.89461677769715, 37.446901880137055], [-121.89460899020196, 37.44690133597466], [-121.89459768580244, 37.446901239694306], [-121.89458813671096, 37.44690161197838], [-121.89458637241972, 37.44690183877216], [-121.89457504735894, 37.446903166014856], [-121.89456373936616, 37.446903370699786], [-121.89455244754305, 37.446902481354456], [-121.89454112517718, 37.44690371873549], [-121.89452981538776, 37.44690400472385], [-121.89451848583539, 37.4469057028242], [-121.8945071886224, 37.44690516294097], [-121.8944958860195, 37.44690501174514], [-121.89448458072162, 37.44690505168364], [-121.89447327272882, 37.44690525208943], [-121.89446197012593, 37.446905120149665], [-121.89445066392975, 37.44690516508052], [-121.89443935683526, 37.446905366912716], [-121.8944280506391, 37.44690540185892], [-121.89441673276485, 37.44690630832072], [-121.8944054346535, 37.44690582834528], [-121.89439413115231, 37.446905761305594], [-121.89438282405783, 37.44690593389707], [-121.89437151965829, 37.44690582121338], [-121.89436021705538, 37.44690571780113], [-121.89434891175752, 37.446905724219846], [-121.89433761095124, 37.4469054268205], [-121.89432630745003, 37.446905331253305], [-121.8943149850842, 37.44690654081996], [-121.89430761350897, 37.446908000715524], [-121.89430365193857, 37.44690844289198], [-121.89429234484409, 37.44690856484712], [-121.89428103954624, 37.44690856769985], [-121.89426973245175, 37.446908746710015], [-121.89425843344212, 37.44690830524674], [-121.89424712904258, 37.44690830382035], [-121.89423581296492, 37.44690909474567], [-121.89422449958225, 37.44690960110906], [-121.8942132005726, 37.44690924665471], [-121.89420187910508, 37.44691041200367], [-121.89419055853587, 37.446911419024886], [-121.89418056747327, 37.446906811831305], [-121.89419068879157, 37.446902584053504], [-121.89420200576753, 37.44690176816652], [-121.89421332543843, 37.44690076399793], [-121.89422463971944, 37.44690009930678], [-121.8942359405257, 37.446900378163264], [-121.8942420526629, 37.446898374105125], [-121.89424728714606, 37.446897596017045], [-121.89425860861357, 37.44689641212503], [-121.89426992199627, 37.44689587081539], [-121.89428123088739, 37.446895584113804], [-121.8942925568465, 37.44689416415656], [-121.8943038890938, 37.446892359077715], [-121.89431520696806, 37.44689147971689], [-121.89432652124907, 37.446890827149836], [-121.89433077656857, 37.44689019098608], [-121.89433785619133, 37.446888825231014], [-121.89434919472683, 37.44688649096651], [-121.89436054404213, 37.44688351768538], [-121.8943718735945, 37.446881796762526], [-121.89437602920101, 37.44688160134897], [-121.89438318967214, 37.44688102010067], [-121.8943945309026, 37.44687857315214], [-121.8944058505735, 37.446877558285465], [-121.89441716395618, 37.44687703908444], [-121.89442849440687, 37.4468752546877], [-121.89443982395922, 37.44687357798227], [-121.8944511184773, 37.44687429616276], [-121.89446243365661, 37.44687357726906], [-121.89446335981967, 37.44687340467753], [-121.89447378836181, 37.446870196756976], [-121.89448511072764, 37.44686901500405], [-121.8944964277036, 37.44686818128703], [-121.89450775815425, 37.44686653310899], [-121.89451908321506, 37.44686511101157], [-121.89452049985826, 37.44686492629582], [-121.8945304118691, 37.446863516322594], [-121.89454175220125, 37.4468611100253], [-121.89455307366877, 37.44685994396238], [-121.89456437986496, 37.446859874069894], [-121.89457566539986, 37.44686118277046], [-121.89458700842695, 37.44685857891994], [-121.89459824724949, 37.44685663976084], [-121.8945983424709, 37.44685662121795], [-121.89460964866706, 37.44685653420891], [-121.89462097462616, 37.446855139925724], [-121.89463229160212, 37.44685426626997], [-121.8946436346292, 37.446851723040155], [-121.89464843342947, 37.4468480957639], [-121.89465507197941, 37.44684269264814], [-121.89466207704199, 37.44683921014867], [-121.89466646890544, 37.44683644725629], [-121.89467779396621, 37.4468351328498], [-121.89468914148487, 37.44683216313259], [-121.89469276169548, 37.44683048428662], [-121.89470051235973, 37.44682766219928], [-121.89471182753907, 37.44682696826675], [-121.89472317236279, 37.44682429880169], [-121.89473451089832, 37.44682202729572], [-121.89473511276952, 37.44682186682826], [-121.8947458961462, 37.44681657496805], [-121.89475724186823, 37.44681380993528], [-121.89475927295909, 37.446813080343155], [-121.89476859567512, 37.44681043227325], [-121.89477993780389, 37.44680792327501], [-121.89478758965349, 37.44680433094292], [-121.89479130778047, 37.44680349223279], [-121.89480262565473, 37.446802644251235], [-121.89481393993574, 37.446802038040694], [-121.89482529014933, 37.44679895706473], [-121.89483661251518, 37.446797716116], [-121.89484738780702, 37.44679587680179], [-121.8948479456608, 37.44679578765316], [-121.89485928958622, 37.4467931210397], [-121.89487064518971, 37.44678973481847], [-121.8948750514262, 37.44678712169395], [-121.89488202864099, 37.44678438875362], [-121.89489333483718, 37.44678426893785], [-121.89490460779567, 37.44678643489294], [-121.89491592477162, 37.44678563683439], [-121.8949272669004, 37.446783154223354], [-121.89493862519883, 37.446779504834915], [-121.89494108748106, 37.44677872674557], [-121.89494998798888, 37.446775595132216], [-121.8949613094564, 37.44677442122292], [-121.89497263182226, 37.44677324303443], [-121.89498394879818, 37.44677245210767], [-121.89499526487583, 37.446771686142505], [-121.89500100421219, 37.446770274027955], [-121.89500660251304, 37.446769404650354], [-121.89501796260812, 37.4467656518488], [-121.895029250838, 37.44676679723066], [-121.89504056511898, 37.44676621883422], [-121.89504972703656, 37.4467617157574], [-121.89505194587532, 37.44676103894076], [-121.89506328710577, 37.446758594127935], [-121.89507463192949, 37.44675584834915], [-121.89508569288559, 37.44675303909639], [-121.89508597854986, 37.44675296278511], [-121.89509731079715, 37.4467511298885], [-121.895108650231, 37.446748842690226], [-121.89511995552884, 37.44674879205376], [-121.89513128418291, 37.44674715671051], [-121.89514262541337, 37.44674467124539], [-121.89514286616186, 37.446744559987856], [-121.89515398640677, 37.44674083214663], [-121.89516533751868, 37.44673775188136], [-121.89517666257949, 37.44673632122323], [-121.89517926320222, 37.44673588689083], [-121.89518799572511, 37.44673442913145], [-121.89519931898926, 37.44673319673997], [-121.89521063776185, 37.44673227101997], [-121.89522195653441, 37.446731291810714], [-121.89523328608676, 37.446729660033014], [-121.89524459407957, 37.44672944393653], [-121.8952524121175, 37.44672755826332], [-121.89525594069993, 37.446726564790275], [-121.89526727923547, 37.44672436388714], [-121.89527861507601, 37.44672221718637], [-121.89528994193344, 37.44672070308476], [-121.89530123824814, 37.446721340676305], [-121.89531256600388, 37.446719726014926], [-121.89531542174817, 37.446719133354335], [-121.89531259744491, 37.446717552212846], [-121.89530135323248, 37.44671350486129], [-121.89528999852729, 37.446716846868206], [-121.89527870939912, 37.446715782789184], [-121.89526741218612, 37.44671530709169], [-121.89525611407478, 37.44671480999845], [-121.89524483213313, 37.44671328876481], [-121.89523349719089, 37.44671531065765], [-121.89522219997785, 37.446714805006145], [-121.8952108928834, 37.446714889875736], [-121.89519957950068, 37.44671546185386], [-121.89518826791463, 37.44671594610963], [-121.89517696441342, 37.446715834852064], [-121.89516567798019, 37.44671457607224], [-121.89515436639412, 37.44671499614097], [-121.89514306019797, 37.446715155895475], [-121.89513175669673, 37.446715041071926], [-121.8951204576871, 37.44671465808907], [-121.89510914160945, 37.44671537199192], [-121.89509783451497, 37.446715496086966], [-121.89508653909859, 37.44671493765945], [-121.89507523290243, 37.44671496333424], [-121.89506391502815, 37.446715888341316], [-121.89505261242526, 37.44671570433834], [-121.89504131072066, 37.44671550321884], [-121.8950300162026, 37.44671478931596], [-121.89501869743002, 37.44671570719114], [-121.89501695200342, 37.44671634335633], [-121.89500735350461, 37.446718383791996], [-121.89499603383372, 37.44671936799373], [-121.89498472673922, 37.446719509205266], [-121.89497346186559, 37.44671680978235], [-121.89496983357014, 37.44671590189185], [-121.89496220867001, 37.446713320858365], [-121.89495093211823, 37.44671137670315], [-121.8949396214305, 37.4467117347244], [-121.89492832781073, 37.446711015829145], [-121.89491702790278, 37.44671069632017], [-121.89490570643527, 37.44671174399587], [-121.89489439484922, 37.44671225677929], [-121.89488310122944, 37.44671151006966], [-121.89487178605015, 37.44671219401861], [-121.89486049602365, 37.44671116488584], [-121.894849162878, 37.446713061970456], [-121.89483785219028, 37.44671346706223], [-121.89482654868907, 37.44671335723101], [-121.89481523350973, 37.44671403832721], [-121.8948039353984, 37.4467135690484], [-121.89479264357529, 37.44671273532958], [-121.8947879768274, 37.446714201647644], [-121.89478125742906, 37.446718244006796], [-121.89476997908066, 37.44671642822589], [-121.89475869893565, 37.44671473796629], [-121.89474737567149, 37.446716018141785], [-121.89473604252586, 37.44671793804846], [-121.89472471117688, 37.44671976310078], [-121.89471337264135, 37.446721974701894], [-121.89470918739042, 37.44672247821375], [-121.89470204219067, 37.44672377407933], [-121.89469072521472, 37.44672457285167], [-121.89468130368402, 37.44672221718637], [-121.89467945854442, 37.44672191479396], [-121.89466819636571, 37.446719059182634], [-121.89465688388132, 37.4467195470043], [-121.89464557948179, 37.44671951633717], [-121.89463427148898, 37.446719731720435], [-121.89462295271642, 37.446720703797965], [-121.89461298860328, 37.44672157816845], [-121.89461163124889, 37.44672187485535], [-121.89460251873865, 37.4467214797483], [-121.89460033223925, 37.44672142982499], [-121.89458903322961, 37.44672107323018], [-121.89458699674886, 37.4467213349708], [-121.89457769199913, 37.44672348880348], [-121.89456636783667, 37.446724808204245], [-121.89455505984388, 37.446725030006235], [-121.89454373747806, 37.44672614900071], [-121.89453243397682, 37.446726103356596], [-121.89452113047558, 37.44672594288893], [-121.89450981978786, 37.44672639291152], [-121.89449850011694, 37.44672741990453], [-121.894487183141, 37.44672825718909], [-121.89447587155496, 37.44672863375325], [-121.89446456446045, 37.44672878922854], [-121.89445338852002, 37.44672909875279], [-121.89445325467102, 37.44672911372982], [-121.894441926017, 37.44673080898142], [-121.89443058568484, 37.446733131839736], [-121.89441926511562, 37.44673427793526], [-121.89440794005485, 37.44673564797232], [-121.89439664374014, 37.446734988985234], [-121.8943853438322, 37.44673466020488], [-121.89437402685624, 37.446735488931076], [-121.8943627224567, 37.44673541404619], [-121.89435140817571, 37.44673612866207], [-121.89434009569132, 37.4467366150573], [-121.89432878680022, 37.44673691388372], [-121.89431748240068, 37.44673682116905], [-121.89430618518766, 37.446736381844296], [-121.89429487988981, 37.4467363283551], [-121.894292481388, 37.44673660578583], [-121.89428354584588, 37.44673835310005], [-121.8942722387514, 37.44673845722574], [-121.89426092716532, 37.44673898427276], [-121.89424961108769, 37.44673969389629], [-121.8942383201629, 37.44673874392791], [-121.89423250087646, 37.44673604521887], [-121.89422708044204, 37.44673427579569], [-121.89421581646671, 37.446731519318156], [-121.89420452284695, 37.4467307733219], [-121.8941932049727, 37.44673167479349], [-121.89418188709841, 37.44673257198593], [-121.89417057551235, 37.44673295282916], [-121.89415927919767, 37.446732420076536], [-121.8941480197139, 37.44672927918978], [-121.89414256873675, 37.4467261896525], [-121.89413681951892, 37.44672217296861], [-121.8941311394714, 37.44671707009658], [-121.89412570556223, 37.44670919006341], [-121.89412475424636, 37.44670799689692], [-121.89412097054236, 37.44669894794456], [-121.89411880739917, 37.44668991468134], [-121.89411715449906, 37.446680885696146], [-121.89411604957124, 37.446671861702164], [-121.89411496799966, 37.44667073414863], [-121.8941093984449, 37.446662787070636], [-121.89410641693645, 37.44665374595792], [-121.89410480176558, 37.44664471696839], [-121.89410441908328, 37.44663570010193], [-121.89410437686244, 37.446626686800435], [-121.89410431847195, 37.44662613122501], [-121.8941013773877, 37.446617644970146], [-121.89409975682695, 37.44660861668941], [-121.89409817040216, 37.44659958912079], [-121.89409587340997, 37.44659055370596], [-121.89409658740043, 37.446586255307956]], [[-121.89523158181701, 37.44652499116229], [-121.89523541868726, 37.44652910586703], [-121.89523622447608, 37.44652982333762], [-121.89524712643038, 37.44653822901176], [-121.89524740311147, 37.44653842299984], [-121.89525852155974, 37.44654734787627], [-121.89525857545867, 37.446547400652484], [-121.89526634947914, 37.44655643464613], [-121.89526967144904, 37.446561611700915], [-121.89527317308203, 37.44656551214334], [-121.89528079079565, 37.44657424088901], [-121.89528147710853, 37.44657460319006], [-121.89529201883836, 37.44657945716809], [-121.89530076483598, 37.446583796935215], [-121.89530321094851, 37.44658715321175], [-121.89530706202612, 37.44659286872355], [-121.89531434376981, 37.446598826719814], [-121.89532565445757, 37.44659841092954], [-121.89533694089079, 37.44659975101514], [-121.89534174597925, 37.446602205817776], [-121.89534816803523, 37.44660500794431], [-121.89535794889203, 37.44661137103193], [-121.89535935924702, 37.44661276603288], [-121.89536970155089, 37.44662049416663], [-121.89537052979759, 37.4466218428101], [-121.89537880777291, 37.44662959305182], [-121.89538169585656, 37.446631301856236], [-121.89539298049317, 37.44663264265438], [-121.89539968821339, 37.446629787752826], [-121.89540424267187, 37.44662081724198], [-121.89540446545409, 37.446620432832276], [-121.89541585968513, 37.44661434004471], [-121.89542623522667, 37.44661200933755], [-121.8954272072038, 37.446611505824954], [-121.89543857807865, 37.446607021994964], [-121.8954498878681, 37.44660667467109], [-121.8954612201154, 37.446604801118994], [-121.89547086352998, 37.44660341324979], [-121.89547254966776, 37.44660312512072], [-121.89548393940727, 37.446597318321224], [-121.89548832588079, 37.446594563265045], [-121.89549536148608, 37.44658936980911], [-121.89550289206313, 37.446585686178004], [-121.89550675481884, 37.44658331695771], [-121.89551618623099, 37.446576796965665], [-121.89551816881286, 37.44657594612879], [-121.89552949656859, 37.446574369976574], [-121.89554079737486, 37.44657461816706], [-121.8955521439952, 37.44657184028791], [-121.89556198683579, 37.4465682122849], [-121.89556350858187, 37.44656771804345], [-121.89557481208308, 37.446567889922456], [-121.89557605804639, 37.44656834279884], [-121.89558605809214, 37.44657188878495], [-121.89559730320286, 37.446575941136466], [-121.89560858963608, 37.446577154274344], [-121.89561989583224, 37.446577112909274], [-121.8956265101277, 37.44657782823986], [-121.89563117957053, 37.44657849079431], [-121.89564243905431, 37.44658165664913], [-121.89565370662291, 37.446584142832826], [-121.89566497778478, 37.44658645285826], [-121.89567475145506, 37.446587292283944], [-121.89567626781127, 37.446587424937476], [-121.8956875722108, 37.44658752407104], [-121.89569059414343, 37.44658743991448], [-121.89569888110195, 37.446587210267055], [-121.89571019717958, 37.44658648923099], [-121.89572151146058, 37.44658581526557], [-121.89573282663989, 37.44658508781081], [-121.89574410319166, 37.44658705907056], [-121.89574937540405, 37.44658798907147], [-121.89575536087878, 37.446590249886626], [-121.89576480217244, 37.44658813313609], [-121.89576670121093, 37.4465878549916], [-121.89577806669591, 37.446583717771006], [-121.89578939714659, 37.4465819718795], [-121.89579235170557, 37.44657937800393], [-121.89580082641194, 37.44657352127922], [-121.8958093972381, 37.44657052373719], [-121.89581218201546, 37.44657010580725], [-121.89582352504253, 37.446567462721035], [-121.89583484471346, 37.4465664692458], [-121.89584614821467, 37.446566604752135], [-121.89585743285126, 37.446567954822896], [-121.89586874892889, 37.446567163180774], [-121.89588008117619, 37.446565346682995], [-121.89589140713531, 37.44656393527771], [-121.89590271692472, 37.44656358296133], [-121.89591401323943, 37.44656417277039], [-121.89592528619794, 37.44656632304163], [-121.89593490805295, 37.44657169622333], [-121.89593649447774, 37.446572838755415], [-121.89594157804393, 37.446580772292336], [-121.89594335311494, 37.44658980200278], [-121.89594746290734, 37.44659576927077], [-121.89595144154576, 37.446598890907026], [-121.89595864513603, 37.446604110750364], [-121.89596994863723, 37.44660419775963], [-121.89598127190139, 37.446602978203366], [-121.89599255923294, 37.44660420489156], [-121.89600384836112, 37.446605218335584], [-121.89601514287918, 37.44660592082846], [-121.89602321963193, 37.446608573898], [-121.89602639517643, 37.44660954811645], [-121.89603526154829, 37.44661769988586], [-121.89603755854046, 37.44661913981769], [-121.8960411221572, 37.44662676810414], [-121.89604867878536, 37.446631689831925], [-121.89605993287927, 37.446635182325664], [-121.89606314166146, 37.44663598680453], [-121.89607117170178, 37.44663964975061], [-121.89608247969458, 37.446639432227514], [-121.89609169281613, 37.44663625425096], [-121.89609383709472, 37.44663586912808], [-121.89610514957907, 37.4466353741739], [-121.89611645757186, 37.44663510601434], [-121.89612779251414, 37.44663310123589], [-121.89613910589681, 37.44663249787673], [-121.89615040400813, 37.44663297714075], [-121.89616172367906, 37.44663193873542], [-121.89617304245164, 37.44663098092056], [-121.89618436122421, 37.44663009585115], [-121.89619414477598, 37.446628198051144], [-121.89619569436984, 37.44662811817385], [-121.89620699787105, 37.446628257959155], [-121.89621009166889, 37.44662834710799], [-121.89621829059249, 37.44662906885681], [-121.89622034863281, 37.44662844196231], [-121.8962296165516, 37.44662765531317], [-121.89624092005282, 37.446627752307066], [-121.89624388539157, 37.446628662338185], [-121.89625212923092, 37.446634278000154], [-121.89626340937596, 37.44663593616799], [-121.89627470389402, 37.44663669928178], [-121.89628601368344, 37.44663631986446], [-121.89629731538804, 37.446636548798594], [-121.8963086269741, 37.446636115892], [-121.89632001491695, 37.44663041322094], [-121.89632646212576, 37.446629433297154], [-121.89633133548617, 37.44662937124955], [-121.89634264347897, 37.44662915016052], [-121.89635039593985, 37.446629657238944], [-121.89635392092903, 37.446631042254914], [-121.8963555360999, 37.44662970502271], [-121.89636525497298, 37.44662908526018], [-121.89637661237312, 37.4466254479884], [-121.89638796168842, 37.44662240908339], [-121.896399180748, 37.446628282920805], [-121.89641047616438, 37.44662892407911], [-121.8964218784803, 37.4466222507551], [-121.89642406947127, 37.44662133216559], [-121.89643320174444, 37.44662104688935], [-121.89643533075166, 37.44662143700464], [-121.89644441361752, 37.446627360052254], [-121.89645573149177, 37.44662646713774], [-121.89646708889191, 37.44662293898403], [-121.89647829268013, 37.4466298269783], [-121.89647966261093, 37.44663086395732], [-121.896478266629, 37.44663158784564], [-121.89646688946591, 37.446636449665085], [-121.89645802399235, 37.446639674712266], [-121.89645552937083, 37.44664025310972], [-121.89644421688644, 37.44664080583229], [-121.89643287475768, 37.446643286308486], [-121.89642156406994, 37.44664373704479], [-121.89641026416199, 37.44664340184532], [-121.89639895706749, 37.446643553754846], [-121.89638764548144, 37.44664391391605], [-121.89637633299705, 37.44664448518153], [-121.89636502410596, 37.446644766178494], [-121.89635372779126, 37.446644199905364], [-121.89634239644226, 37.44664591869414], [-121.8963367559206, 37.44664755617918], [-121.89633105521179, 37.44664846977601], [-121.8963197184729, 37.44665057083473], [-121.89630837814074, 37.44665303633357], [-121.89629703421535, 37.44665572006864], [-121.8962896374873, 37.44665612872664], [-121.89628571184953, 37.44665689897212], [-121.89627435355104, 37.446660482753046], [-121.89626303388016, 37.44666152971631], [-121.89625170792105, 37.4466629739265], [-121.89624238251008, 37.44666470127307], [-121.89625166120868, 37.44666616402615], [-121.89626293776043, 37.44666802616565], [-121.89627424036334, 37.44666820802913], [-121.89628552679655, 37.44666946110422], [-121.89629684556915, 37.44666847119629], [-121.89630812122257, 37.446670530889406], [-121.89631945077495, 37.44666884633432], [-121.89633075247954, 37.44666904032205], [-121.89634205957402, 37.446668874861935], [-121.89635336936345, 37.44666855606591], [-121.89636466388151, 37.446669260697796], [-121.896375970976, 37.44666911734661], [-121.89638726908733, 37.446669635122646], [-121.89639856989359, 37.446669839095], [-121.89640986351336, 37.44667063287562], [-121.8964211975573, 37.44666865733894], [-121.896432493872, 37.44666923217021], [-121.89644381444123, 37.446668160245366], [-121.89645508739972, 37.44667030480815], [-121.89646636664641, 37.44667205212398], [-121.89647768811393, 37.44667097021451], [-121.89648900598819, 37.44667006731586], [-121.89650027894672, 37.44667225466995], [-121.8965115501086, 37.44667455399483], [-121.89652288505083, 37.4466725149843], [-121.89653420472172, 37.44667151223905], [-121.89654549474821, 37.44667252568219], [-121.89655535106353, 37.446676637223035], [-121.89655673446907, 37.44667693533648], [-121.89655792473681, 37.4466766607583], [-121.8965681035473, 37.44667256490761], [-121.89657938459062, 37.4466742180823], [-121.89659067551543, 37.44667515735361], [-121.89660202123747, 37.44667240729265], [-121.89661329239935, 37.44667462103467], [-121.89662462464665, 37.44667281809014], [-121.8966359470125, 37.44667163918687], [-121.89664725051371, 37.44667170765312], [-121.8966585755745, 37.44667033904125], [-121.89666984853302, 37.446672475045695], [-121.89668110442351, 37.44667586483818], [-121.89669245014555, 37.44667308696279], [-121.89670375724005, 37.446672975705106], [-121.8967150993688, 37.44667038682501], [-121.89672417684476, 37.44666920007663], [-121.89672642353129, 37.44666909167175], [-121.89672757337485, 37.44666923217021], [-121.89673770008305, 37.44667101371911], [-121.89674894788872, 37.446674936264706], [-121.89675590354396, 37.44667851006012], [-121.8967601732365, 37.44668035864867], [-121.89677147763604, 37.446680345811316], [-121.89678277574737, 37.4466808022529], [-121.89679403073958, 37.44668422984411], [-121.89680535849531, 37.446682625166595], [-121.89681664492855, 37.446683905342674], [-121.89682627846166, 37.4466881802034], [-121.89682787297126, 37.446689157273596], [-121.89683912796346, 37.44669258700402], [-121.89685045841415, 37.44669081472702], [-121.89686176640696, 37.446690580800734], [-121.8968730303823, 37.44669338934263], [-121.89688432669699, 37.44669399127497], [-121.8968956176218, 37.44669493767792], [-121.89690229569763, 37.44669790312143], [-121.89690685195274, 37.44669973031384], [-121.89691815096238, 37.446700164646465], [-121.89692943200572, 37.44670174008283], [-121.89694070586253, 37.446703856117004], [-121.89695198600756, 37.4467055691989], [-121.89696216661468, 37.446707474842], [-121.89696326166101, 37.4467075440214], [-121.8969648067633, 37.44670749980365], [-121.89697458223023, 37.44670649634565], [-121.89698590818934, 37.446705106338754], [-121.89699721797876, 37.446704728348145], [-121.89700856100586, 37.44670214374825], [-121.8970198654054, 37.44670215729886], [-121.8970311698049, 37.446702163717575], [-121.89704249037413, 37.446701118894474], [-121.89705381184163, 37.446700024148086], [-121.89706511354625, 37.44670022027528], [-121.89707642423397, 37.44669982017581], [-121.89708772863352, 37.446699807338376], [-121.89709903393137, 37.446699810904335], [-121.89711032844943, 37.44670050269844], [-121.89712164093382, 37.44670001416343], [-121.897123274071, 37.44669996566649], [-121.89713295162154, 37.44669963973874], [-121.89714427308908, 37.44669848223161], [-121.89715560803133, 37.44669643323714], [-121.89716691692246, 37.44669619574487], [-121.89717822042367, 37.446696257079225], [-121.89718952212826, 37.44669649100548], [-121.8972008274261, 37.44669643965583], [-121.89721215518183, 37.446694954794495], [-121.89722346497128, 37.446694568245576], [-121.8972347639809, 37.44669501898154], [-121.8972460656855, 37.4466952079769], [-121.8972573853564, 37.4466941909681], [-121.89726870053572, 37.446693494181574], [-121.89727767290876, 37.44669239301637], [-121.8972800255965, 37.446692109879955], [-121.89729134616573, 37.446691085026], [-121.89730265775177, 37.44669060077009], [-121.8973139495749, 37.44669144518695], [-121.89732526565253, 37.4466906849265], [-121.89733658083186, 37.44669001666753], [-121.89734789780779, 37.44668923001896], [-121.89735921119049, 37.44668862309437], [-121.89737051379339, 37.446688769298284], [-121.89738182178618, 37.446688560333655], [-121.89739313067733, 37.44668830786438], [-121.89740443507684, 37.44668835921408], [-121.89741573678143, 37.44668853465882], [-121.89742704297761, 37.44668844622324], [-121.89743834558051, 37.446688626660304], [-121.89744965177667, 37.44668852324773], [-121.89746095258293, 37.44668882207432], [-121.89747226237236, 37.44668847475086], [-121.89748357395843, 37.446688066806196], [-121.89749487835796, 37.44668805468197], [-121.89750618096087, 37.44668820587824], [-121.89751748805534, 37.4466880796436], [-121.89752878886164, 37.446688352082155], [-121.8975400959561, 37.44668820587824], [-121.89755139945734, 37.446688300019325], [-121.89756270745012, 37.446688041844546], [-121.89757401095135, 37.446688203738645], [-121.89758531804583, 37.44668803185989], [-121.89759661885209, 37.44668831784906], [-121.89760790977691, 37.44668927708951], [-121.89761920070173, 37.446690202096896], [-121.8976304898299, 37.44669126974224], [-121.89764175560185, 37.44669394990994], [-121.89764450444665, 37.44669581632788], [-121.89764787941716, 37.44670486028824], [-121.89764199994364, 37.44671381866477], [-121.89764146005615, 37.446714088963674], [-121.89763011972398, 37.446716478862385], [-121.89761880364635, 37.44671727620843], [-121.89760748846705, 37.44671795231223], [-121.89759617149109, 37.44671879601565], [-121.89758485182018, 37.446719783783315], [-121.89757352765771, 37.44672110817649], [-121.89756430914628, 37.4467221073552], [-121.89756220439355, 37.446722307048255], [-121.8975508865193, 37.446723232055184], [-121.89753957313663, 37.44672385609614], [-121.89752825346572, 37.4467247768239], [-121.89751694187966, 37.446725288180865], [-121.8975056356835, 37.44672535878663], [-121.89749432589407, 37.44672570967591], [-121.89748299993497, 37.44672712464405], [-121.8974716820607, 37.446728048224585], [-121.89746035969486, 37.44672920002572], [-121.89745382624781, 37.44673009008634], [-121.89744903373574, 37.44673066634346], [-121.89743771406486, 37.44673163271531], [-121.89742639708889, 37.44673248283722], [-121.89741508370622, 37.446733074071346], [-121.89740376762859, 37.44673376800477], [-121.89739244885601, 37.446734750066724], [-121.89738113816826, 37.44673519866292], [-121.89736981849738, 37.44673609799491], [-121.8973584952332, 37.44673746303961], [-121.89734797236797, 37.44673811632117], [-121.89734717915557, 37.446738179081855], [-121.89733586217962, 37.44673901779262], [-121.89732454700031, 37.446739711725996], [-121.89731322643108, 37.44674071732314], [-121.89730191753998, 37.44674103326606], [-121.89729061763202, 37.44674064172507], [-121.89727933748699, 37.44673895289242], [-121.89726798637506, 37.446742125159155], [-121.89725664783955, 37.446744428047815], [-121.89724533535518, 37.446744895186875], [-121.89723401658259, 37.44674586512448], [-121.8972336455784, 37.44674606196473], [-121.89722266367403, 37.44674915221438], [-121.89721133951156, 37.44675043524205], [-121.8972000387053, 37.446750184199395], [-121.89718872262766, 37.446750967994525], [-121.89717742002476, 37.44675079611585], [-121.89716610394713, 37.44675154496473], [-121.89715477888632, 37.44675290073766], [-121.89714346909689, 37.4467533001237], [-121.8971371916697, 37.44675417520701], [-121.89713213774789, 37.446755078817866], [-121.89712080100902, 37.44675726117716], [-121.89710948852463, 37.446757716905154], [-121.89709815987061, 37.44675933370522], [-121.89708681414857, 37.44676216934574], [-121.89707550705408, 37.44676227632413], [-121.89707045313227, 37.44676256587898], [-121.89706418378994, 37.4467635258317], [-121.89705288118702, 37.44676340102358], [-121.89704155792288, 37.44676463412776], [-121.8970302166924, 37.446767073234895], [-121.8970188736653, 37.44676968921288], [-121.89700757375734, 37.44676933190506], [-121.8969962639679, 37.44676972201953], [-121.89698494789027, 37.44677044590653], [-121.89697967477956, 37.44677073189541], [-121.89697362103288, 37.44677195715441], [-121.8969622142254, 37.44677889434502], [-121.89695743788305, 37.44677953835478], [-121.89695088646967, 37.446780404879526], [-121.89693955242572, 37.44678239325061], [-121.89692827407733, 37.44678061170433], [-121.89691689781256, 37.446785467808596], [-121.89690659503457, 37.44678807594084], [-121.89690555298884, 37.44678821215998], [-121.89689422343648, 37.446789861766085], [-121.89688289208749, 37.44679165900235], [-121.89687156073849, 37.44679344411431], [-121.89686026083052, 37.446793160265074], [-121.89684963376071, 37.446796557897194], [-121.89684890163375, 37.44679678326489], [-121.896837590946, 37.44679722972118], [-121.89682626768186, 37.4467984806545], [-121.89681494262106, 37.44679979434847], [-121.89680361756028, 37.44680119433826], [-121.89679233112706, 37.4467999990337], [-121.89678102942246, 37.446799691649275], [-121.8967696576493, 37.44680428815153], [-121.89676615062642, 37.44680479166288], [-121.89675833438511, 37.44680552482099], [-121.89674702998559, 37.44680548630882], [-121.89673570402648, 37.44680693265578], [-121.89672436818591, 37.4468090658035], [-121.89671303324366, 37.446811091259676], [-121.89670170458962, 37.446812690942146], [-121.89669039749512, 37.446812795780865], [-121.89668333763532, 37.44681303184637], [-121.89667908860403, 37.446813096746524], [-121.89666776354322, 37.446814453944754], [-121.8966564348892, 37.44681612779875], [-121.89664510623514, 37.446817753155855], [-121.896633782971, 37.44681897984043], [-121.8966224695883, 37.44681949333627], [-121.89661823223508, 37.4468214382019], [-121.89661110410333, 37.44682366192416], [-121.89659977814422, 37.446825121821355], [-121.89658840187944, 37.44682996579852], [-121.89658759070076, 37.44683016477817], [-121.89657707322542, 37.44683159971361], [-121.89656576523261, 37.44683181010425], [-121.89655443747688, 37.44683327998589], [-121.89654311600935, 37.44683447814272], [-121.89653178645699, 37.44683608566971], [-121.89652047576925, 37.44683653069936], [-121.89650914262363, 37.44683842207533], [-121.89650908153817, 37.44683844489739], [-121.89649776995212, 37.446843059226985], [-121.89648642872167, 37.44684554112286], [-121.89647628764043, 37.44684715221556], [-121.89647509737267, 37.44684732765992], [-121.8964637732102, 37.44684865632999], [-121.89645244994605, 37.446849862331625], [-121.89644112668186, 37.44685113465975], [-121.8964298016211, 37.446852488291306], [-121.89641845589905, 37.44685527971062], [-121.89641740307353, 37.446855614909126], [-121.89640710568544, 37.44685832573809], [-121.89639576265833, 37.44686091104573], [-121.8963844465807, 37.44686168628143], [-121.89637365601752, 37.44686422023945], [-121.89637310265529, 37.44686432293854], [-121.89636177849283, 37.44686567229075], [-121.89635045612701, 37.44686689469544], [-121.89633914004935, 37.44686763926398], [-121.89632781948012, 37.44686868693749], [-121.89631648184293, 37.44687092634849], [-121.89630656444221, 37.446872607333134], [-121.89630514869731, 37.44687281701044], [-121.89629381106013, 37.44687505499497], [-121.89628249498247, 37.446875795997464], [-121.896271204956, 37.44687478897579], [-121.8962598556407, 37.44687779720349], [-121.8962485296816, 37.44687925709962], [-121.89624067840599, 37.446881005123714], [-121.89623717677303, 37.44688254204407], [-121.89622585800045, 37.4468834877315], [-121.89621453114303, 37.44688496617044], [-121.89620324021821, 37.4468840076456], [-121.89619194300522, 37.44688351411944], [-121.89618059009663, 37.44688678765278], [-121.8961692856971, 37.446886664271226], [-121.89615797321274, 37.44688727476017], [-121.89615023781981, 37.446889173979955], [-121.89615782139744, 37.446897553938996], [-121.89616913837341, 37.446896708811245], [-121.89618044277293, 37.44689673805199], [-121.89619176154551, 37.4468957980702], [-121.89620307582652, 37.44689520826374], [-121.89621440268394, 37.44689366920404], [-121.89622570618516, 37.44689379115918], [-121.89623702046616, 37.4468931557087], [-121.89624830869603, 37.44689426400285], [-121.89625961489219, 37.446894196249964], [-121.896270922885, 37.44689399727054], [-121.89628221650474, 37.4468947240091], [-121.89629351461608, 37.44689522324069], [-121.89630481811729, 37.44689537800249], [-121.89631612700842, 37.44689509272729], [-121.89632743320458, 37.44689501213702], [-121.89633874209568, 37.44689471331129], [-121.89635005188511, 37.446894403787674], [-121.89636135448802, 37.4468944858043], [-121.89637267056565, 37.446893783314145], [-121.89638398305004, 37.44689330476496], [-121.89639530811081, 37.446891938296794], [-121.89639741555847, 37.44689148185643], [-121.89640663676485, 37.446890243048855], [-121.8964179465543, 37.44688990285815], [-121.89642925454709, 37.44688969817315], [-121.89644054637021, 37.44689061034069], [-121.89645185256637, 37.44689055471197], [-121.89646315157601, 37.44689090132139], [-121.89647446136544, 37.446890556138385], [-121.89648576396833, 37.446890819304755], [-121.89649705489315, 37.44689171720847], [-121.89650835659774, 37.44689192331979], [-121.89651966638716, 37.446891625920394], [-121.8965309707867, 37.446891683688655], [-121.89654227338961, 37.446891777829464], [-121.89655358767061, 37.44689116734049], [-121.89656491273139, 37.44688982084152], [-121.89657624587701, 37.44688788382278], [-121.89658631419472, 37.44688423301304], [-121.89658760687043, 37.44688407468531], [-121.89659891216829, 37.446884058995174], [-121.89660019496252, 37.44688436210008], [-121.89660647508464, 37.446893433852], [-121.89661007104073, 37.446893982293616], [-121.89661878919055, 37.44689354867531], [-121.89662139610154, 37.44689263864743], [-121.89663269960275, 37.44689273920692], [-121.89663641593307, 37.446893714134895], [-121.89664397705283, 37.446894577805566], [-121.89665528055406, 37.446894677651876], [-121.8966665858519, 37.44689465482984], [-121.89667788845482, 37.44689479104878], [-121.89668918836276, 37.44689516689884], [-121.8967004999488, 37.44689472686185], [-121.89670611891093, 37.446894365275554], [-121.89671182680623, 37.44689323273298], [-121.8967231150361, 37.446894346019484], [-121.89673445357161, 37.446892040282656], [-121.89674014978884, 37.44689468193102], [-121.8967456744278, 37.44689779499652], [-121.89675701206502, 37.44689561620725], [-121.89675749985022, 37.44689484382469], [-121.89676841707588, 37.44688879527711], [-121.89677974752655, 37.44688698235311], [-121.89678923193931, 37.446886127240596], [-121.89679107258733, 37.446885618024304], [-121.89680239585151, 37.4468844091705], [-121.89681222881062, 37.44688634191023], [-121.89681367060662, 37.44688642321368], [-121.89682496242975, 37.446887296868994], [-121.89683625335455, 37.446888290339984], [-121.89684756673724, 37.44688772478184], [-121.89685887023847, 37.44688786527987], [-121.89687017643465, 37.44688773833243], [-121.896881488919, 37.44688723910081], [-121.89688786785584, 37.44688704796639], [-121.89689280589496, 37.44688638684103], [-121.89690419743107, 37.44688050303927], [-121.89691551261039, 37.446879762036815], [-121.89692680353522, 37.44688076905842], [-121.89693809535832, 37.44688160206218], [-121.89694939346967, 37.44688210985208], [-121.8969606808012, 37.44688329017842], [-121.89697200765863, 37.446881838127396], [-121.89698331744805, 37.446881472975114], [-121.89699461376276, 37.446882102007], [-121.89700590019598, 37.446883375047804], [-121.89701720190055, 37.44688356475581], [-121.89702850809674, 37.446883499855694], [-121.89703982686932, 37.4468825648661], [-121.8970511456419, 37.446881589224795], [-121.89706245722795, 37.446881157032756], [-121.89707376881398, 37.44688069132093], [-121.89708311308961, 37.44687985689078], [-121.89708509117983, 37.44687954808037], [-121.89709641624064, 37.44687814096016], [-121.89710774309805, 37.44687667393208], [-121.8971190663622, 37.44687532386695], [-121.89713038423646, 37.44687454791819], [-121.89714169043263, 37.44687435464418], [-121.8971529840524, 37.44687519620623], [-121.89716428306203, 37.44687557776193], [-121.89717559464809, 37.446875122034676], [-121.89718691162405, 37.44687427476712], [-121.8971982178202, 37.44687423768134], [-121.89720952491469, 37.446874085059044], [-121.8972208508738, 37.44687268364426], [-121.89722372638101, 37.446872155884996], [-121.89723219120596, 37.4468702431142], [-121.89724351536842, 37.44686890517308], [-121.89725484222583, 37.44686747095152], [-121.89726509200322, 37.44686352915998], [-121.89726621399902, 37.44686286090256], [-121.8972775687042, 37.4468594611339], [-121.89728886771385, 37.44685987193037], [-121.89730016672348, 37.4468603198126], [-121.89731141991906, 37.446863800884714], [-121.89731225355563, 37.446863969197146], [-121.89732270545397, 37.446865133833626], [-121.89733400536194, 37.446865424814405], [-121.8973453061682, 37.44686579281957], [-121.897356614161, 37.44686560525106], [-121.89736272360327, 37.446864439901425], [-121.89736796078135, 37.44686274322647], [-121.89737929662192, 37.44686060722752], [-121.89739059383494, 37.446861164940756], [-121.89740186409848, 37.44686354770286], [-121.89741315053173, 37.44686472874266], [-121.89741650843425, 37.44686494127277], [-121.8974244450498, 37.446865493993684], [-121.89742555087591, 37.446865026142156], [-121.89743580065331, 37.44686200507662], [-121.8974471436804, 37.44685942476131], [-121.89745844448669, 37.446859663679355], [-121.89746973900475, 37.446860423938105], [-121.8974810326245, 37.446861192755094], [-121.8974923594819, 37.44685965298155], [-121.89750368184774, 37.44685853398903], [-121.8975149862473, 37.446858568222076], [-121.89752625201925, 37.44686118491006], [-121.89753755102892, 37.446861624234046], [-121.89754595297177, 37.44686614870049], [-121.8975487404441, 37.44686944006427], [-121.89755470795252, 37.44686623071714], [-121.89756013287851, 37.446863534865486], [-121.89756711278827, 37.4468573329799], [-121.89757154687253, 37.44685611628059], [-121.89758287462826, 37.44685451018035], [-121.89759420597726, 37.44685275431061], [-121.89760553642792, 37.44685097205275], [-121.89761682196286, 37.44685233424259], [-121.897628128159, 37.446852242954485], [-121.8976394118973, 37.44685366433898], [-121.89765068036422, 37.44685614124217], [-121.897657244354, 37.44685817382894], [-121.89766191200022, 37.446861150677016], [-121.8976731481278, 37.44686589123957], [-121.89767515406581, 37.44686735398868], [-121.89767874822527, 37.446876400781036], [-121.89768411655741, 37.44688546468887], [-121.89768347875355, 37.44689447225372], [-121.89768396474213, 37.44689914006897], [-121.89768416237149, 37.44690349194172], [-121.89768652224575, 37.44691252731876], [-121.89768561854058, 37.44692153202759], [-121.89768360361938, 37.446923715808396], [-121.89767342480891, 37.44693043118361], [-121.89767219411696, 37.44693084126647], [-121.89766081695389, 37.44693580576552], [-121.89765422242137, 37.44693926615163], [-121.89764940206157, 37.446948233771586], [-121.8976580618209, 37.44695732833771], [-121.8976582612469, 37.44696634302585], [-121.89765288482992, 37.44697530565014], [-121.89765362773667, 37.446984326754766], [-121.89765400143582, 37.44699334286596], [-121.89765367894063, 37.44700235398379], [-121.89765343909046, 37.4470113651005], [-121.89765685448518, 37.447020409735956], [-121.89765951888829, 37.44702426094451], [-121.89766530403872, 37.447029502153754], [-121.89767064452309, 37.447036417924934], [-121.8976716497379, 37.44703857388809], [-121.8976717961633, 37.44704758927957], [-121.89767045497857, 37.447049377951366], [-121.8976620754936, 37.44705651195574], [-121.89765895115303, 37.447062912803794], [-121.89765738179624, 37.44706548098794], [-121.89765885772825, 37.44706929225575], [-121.89766071005435, 37.44707452633004], [-121.89766169460792, 37.44708354813586], [-121.89765962758445, 37.4470925421263], [-121.89765847055435, 37.44709564805173], [-121.89765613044305, 37.44710152327836], [-121.89765521595808, 37.447110527964504], [-121.89765607115423, 37.447119549052786], [-121.89765655444786, 37.44712856728725], [-121.89765763961272, 37.44713758979973], [-121.89765783005556, 37.447139357787], [-121.89765943803992, 37.44714662015623], [-121.89765892510188, 37.44715562911601], [-121.89765752911994, 37.44715982193345], [-121.89765656343101, 37.44716462024505], [-121.89765362594004, 37.44717360566759], [-121.8976475991428, 37.44718256327477], [-121.89764584383472, 37.44718574265453], [-121.89764341658682, 37.447191537284155], [-121.89763432563616, 37.44720024099537], [-121.8976338171897, 37.44720046065638], [-121.89762297182928, 37.44720361222115], [-121.89761166563312, 37.44720369994291], [-121.89760030643635, 37.44720734003924], [-121.89759692338097, 37.447209130133636], [-121.89759091275342, 37.44721808773657], [-121.89759067469986, 37.44722709882733], [-121.89759005216737, 37.447236106351056], [-121.89758856186232, 37.447237350858416], [-121.89757720266556, 37.44724104729471], [-121.89756588838456, 37.44724165492806], [-121.89755914293508, 37.447244830739415], [-121.89755446450907, 37.44724975171331], [-121.8975438158797, 37.44725370132957], [-121.89754309992243, 37.44725385181151], [-121.8975317910313, 37.44725410927113], [-121.89752048663176, 37.44725402868124], [-121.89750917055413, 37.44725479678105], [-121.89749783920516, 37.4472566367972], [-121.89748654648372, 37.44725570680454], [-121.89747522411787, 37.44725698411804], [-121.897467221027, 37.44726199994471], [-121.89746382539522, 37.44726329366138], [-121.8974524751816, 37.447266403145576], [-121.89744118246017, 37.447265535913346], [-121.89742982865329, 37.447268885027455], [-121.8974258545065, 37.44727062805012], [-121.89741846047336, 37.447273151296535], [-121.89740711744629, 37.447275767256784], [-121.89739580316527, 37.447276436936896], [-121.89738452751182, 37.44727438225272], [-121.89737327521456, 37.44727084628459], [-121.89737159536499, 37.44727012097604], [-121.89736208759604, 37.44726285790564], [-121.89735074816218, 37.447265247786774], [-121.89733944466097, 37.44726509801804], [-121.89732811690524, 37.447266635643714], [-121.89732216376986, 37.447269660258904], [-121.89731673704722, 37.44727174275734], [-121.89730541018982, 37.44727328109607], [-121.89729414351952, 37.44727059381727], [-121.89728875183118, 37.44726934788411], [-121.89728287864584, 37.44726786731326], [-121.89727156705979, 37.44726833016992], [-121.89726911286243, 37.447269165308875], [-121.89726019977819, 37.44727255578754], [-121.89724888639549, 37.44727313132736], [-121.89723758109764, 37.44727318766893], [-121.89722623717225, 37.44727587566082], [-121.89722038374984, 37.44727772423465], [-121.89721486719569, 37.44728025389945], [-121.89720352506691, 37.44728282635518], [-121.89719983478773, 37.44728654489801], [-121.8971930569989, 37.44729549464669], [-121.89719201944476, 37.44729645387936], [-121.89718173463308, 37.4473044030296], [-121.8971809962179, 37.44731340911765], [-121.89718045812704, 37.44731389408272], [-121.89717954813368, 37.447313396280315], [-121.89717924450309, 37.44730438020767], [-121.89717030536772, 37.44729528283096], [-121.89716943310356, 37.447294825679904], [-121.89715815475516, 37.447292999215215], [-121.89714682071121, 37.44729499327817], [-121.89714649821603, 37.4472950610307], [-121.89713548576897, 37.447297032984935], [-121.89712415621659, 37.447298721091784], [-121.89711282935919, 37.44730013676227], [-121.89710147824725, 37.44730339601362], [-121.89710121144762, 37.447303651333534], [-121.89709398180621, 37.44731259680103], [-121.89708996184531, 37.44731772031476], [-121.89708560411789, 37.44732153228293], [-121.89707855593616, 37.44732459326827], [-121.89706720212928, 37.44732793168195], [-121.89706323247403, 37.447330337251096], [-121.89705581957631, 37.44733322992464], [-121.89704448283743, 37.447335375181524], [-121.89703315777663, 37.447336728091166], [-121.8970218533771, 37.447336696711076], [-121.8970105750287, 37.44733491089888], [-121.89699934339272, 37.44732989079798], [-121.89699902808404, 37.44732973817668], [-121.89698815577417, 37.44732189529353], [-121.8969863537537, 37.447320605856994], [-121.89697696366403, 37.447314170084944], [-121.89697374589869, 37.4473114749626], [-121.89696800656235, 37.44730240825366], [-121.89696587845343, 37.447299198925165], [-121.89696234987099, 37.447293342256785], [-121.89695938183729, 37.44728430122032], [-121.89695785649795, 37.44727527302003], [-121.89695498907557, 37.447270923308466], [-121.89695255913271, 37.44726621129897], [-121.89694802174222, 37.447257155282315], [-121.89694400537458, 37.447249017846374], [-121.89694349063991, 37.44724809926455], [-121.89694047319888, 37.447239058222635], [-121.8969440242392, 37.447230077800285], [-121.89694429642871, 37.44722921128076], [-121.89694846820493, 37.44722110593506], [-121.89694476804424, 37.44721205775794], [-121.89694455244859, 37.44721179031357], [-121.89694105620549, 37.44720301029293], [-121.8969345667759, 37.447193935725835], [-121.89693354089985, 37.44719181970547], [-121.89693001950391, 37.447184881126795], [-121.89692458918803, 37.44717581725524], [-121.8969225248595, 37.447172175017805], [-121.89692024852859, 37.447166762654035], [-121.89691687715133, 37.447157718036294], [-121.89691298115793, 37.447148667711964], [-121.89691159505745, 37.447146588776064], [-121.89690831800327, 37.44713961096794], [-121.89690763887694, 37.447130592021615], [-121.89690801886428, 37.447121582345595], [-121.8969077538613, 37.44711256624984], [-121.89690844017417, 37.44710355871123], [-121.89691190497622, 37.44709457827262], [-121.8969123685069, 37.44709390787767], [-121.89691801082517, 37.44708562208124], [-121.89692178195277, 37.44707664378002], [-121.8969239531808, 37.44707489076822], [-121.89693200208575, 37.44706772609859], [-121.8969354552097, 37.44706150426068], [-121.89693690868381, 37.44705875920622], [-121.89693660505328, 37.447049741676466], [-121.89693722578915, 37.44704073484353], [-121.89693586124822, 37.44703385615846], [-121.89693522074941, 37.44703170304793], [-121.89693227247864, 37.44702266197978], [-121.89692978055206, 37.44701362518968], [-121.89692727515073, 37.44700458911172], [-121.89692506260016, 37.44699930368305], [-121.8969232767494, 37.44699553805567], [-121.89691694721989, 37.44698646631613], [-121.89691397020304, 37.44698485166048], [-121.89690533200329, 37.446977343939196], [-121.89690282390701, 37.44697404901429], [-121.89689784274876, 37.446968260786484], [-121.89689170456042, 37.44696136212549], [-121.89688750224153, 37.44695915124471], [-121.89688050885704, 37.44695393499201], [-121.89687374903451, 37.446959022870985], [-121.89686910384617, 37.44696079086243], [-121.89686069381848, 37.446958900915874], [-121.8968651198179, 37.4469499290182], [-121.89686381636243, 37.446940902917106], [-121.89685812104352, 37.44693884109187], [-121.8968468229322, 37.44693838893097], [-121.89683560117766, 37.44693271409724], [-121.89683245797248, 37.44693159724541], [-121.89682437852483, 37.44692708633348], [-121.89681313610905, 37.44692285213811], [-121.8968124471012, 37.44692239712429], [-121.89680185506569, 37.44692121394586], [-121.89679055336111, 37.44692097716756], [-121.89677923818178, 37.44692173314653], [-121.89676793468057, 37.44692157624524], [-121.89675667879007, 37.44691827632551], [-121.89674539415347, 37.446916869206035], [-121.89673436553673, 37.446921668246475], [-121.8967340169904, 37.44692178093014], [-121.89672264162394, 37.44692661135046], [-121.89671128242718, 37.44693027071638], [-121.8967106850475, 37.4469304597111], [-121.89669991424725, 37.446934619021356], [-121.89668854337238, 37.446939070025095], [-121.89668805558719, 37.446939261872544], [-121.89667715003962, 37.4469451128631], [-121.89667174397826, 37.446948123227514], [-121.89666573604563, 37.44695252787324], [-121.8966591109704, 37.446957018814395], [-121.89665430947522, 37.44696077873823], [-121.89664311736509, 37.446965883019985], [-121.89664292782057, 37.446966022091544], [-121.89663657852816, 37.44697483494655], [-121.8966314275883, 37.44697928024242], [-121.89662608351068, 37.44698374978634], [-121.8966245446966, 37.44699274878117], [-121.89662290257624, 37.44700174706167], [-121.8966197144553, 37.447007096676934], [-121.89661736805579, 37.447010708968584], [-121.89661419251125, 37.447019692983204], [-121.89661230784579, 37.44702868769451], [-121.89661053636807, 37.447037685257555], [-121.8966081944601, 37.447046677114024], [-121.89660789172785, 37.447055686799], [-121.89661497853714, 37.447064765662006], [-121.89661877122427, 37.44707132483678], [-121.89662029297037, 37.44707382883384], [-121.89662107540298, 37.44708284992655], [-121.8966219997694, 37.4470918717314], [-121.89662966509371, 37.44709933094454], [-121.89663047986568, 37.44710096414052], [-121.89663266816173, 37.447109998067326], [-121.89663532178507, 37.447119036272156], [-121.89663780203355, 37.447128073049505], [-121.89664049158952, 37.44713188431414], [-121.89664701874838, 37.44713717187297], [-121.89665169178448, 37.44713899976779], [-121.8966629413868, 37.44714277679896], [-121.8966742044638, 37.447145648084216], [-121.89668160658177, 37.44714650818605], [-121.89668548640549, 37.44714721994531], [-121.89669669468526, 37.447153776260045], [-121.89670015679239, 37.44715569472908], [-121.8967079110499, 37.44715988112782], [-121.89671483885739, 37.447164844898495], [-121.89671910405835, 37.447167450877956], [-121.8967275527136, 37.447173977237156], [-121.89673028359206, 37.44717598485381], [-121.89674145953249, 37.44718312027246], [-121.89674148378704, 37.4471831580713], [-121.89674589451508, 37.44719217487168], [-121.89674416974971, 37.44720117170188], [-121.89674670210051, 37.44721020918251], [-121.8967501336649, 37.44721925522023], [-121.8967521378063, 37.44722747895481], [-121.89675242975876, 37.44722828913277], [-121.8967534259904, 37.44723731234645], [-121.89675467195372, 37.44724633698538], [-121.89675492797357, 37.447255353065], [-121.89675798314386, 37.447264394104984], [-121.89675835594468, 37.44727341089565], [-121.8967603663743, 37.44728244266207], [-121.89676259689114, 37.44728505576926], [-121.89676799846094, 37.447291527916214], [-121.89677367581353, 37.447300467679675], [-121.89677373779732, 37.447300595339655], [-121.89677721068419, 37.4473096399401], [-121.8967794852185, 37.447318675268086], [-121.89677922650368, 37.44732768634668], [-121.89677729243088, 37.44733668102104], [-121.8967744142287, 37.44734566784923], [-121.89677296614448, 37.44734878374868], [-121.8967694357654, 37.44735463399402], [-121.89676197346033, 37.44736357802909], [-121.89676143716612, 37.447364023055584], [-121.89675015971605, 37.44737248069843], [-121.89675000700245, 37.44737256913319], [-121.89673861636463, 37.447378353050574], [-121.89673066896931, 37.44738131204841], [-121.89672725087966, 37.44738246883176], [-121.89671591054753, 37.4473849057792], [-121.89670457291032, 37.447387155872505], [-121.89669497800475, 37.447389992202396], [-121.89669321820513, 37.44739049998892], [-121.89668183385552, 37.44739591304966], [-121.89667874365095, 37.44739885421715], [-121.89667040998008, 37.447403991988615], [-121.89666034795056, 37.44740769626173], [-121.89665904269846, 37.44740819905582], [-121.89664767362022, 37.44741256801532], [-121.89663632789818, 37.44741537510377], [-121.8966305391545, 37.447416431327845], [-121.89662498666772, 37.44741781276332], [-121.89661365352208, 37.44741974834196], [-121.89660236708886, 37.44741853379133], [-121.89659106807923, 37.447418127277], [-121.89657974301842, 37.44741943168871], [-121.89656841616102, 37.447420977869385], [-121.89655709738842, 37.447421810153905], [-121.89654575885294, 37.44742417720814], [-121.89654374393174, 37.44742463364525], [-121.89653440684266, 37.44742731877894], [-121.89652307549369, 37.4474291388217], [-121.89651174414469, 37.447430958864445], [-121.89650042267714, 37.44743206287151], [-121.89649348049663, 37.44743317828954], [-121.89648908324331, 37.44743443420448], [-121.8964777276398, 37.44743783679974], [-121.89646637742621, 37.447440897780325], [-121.89645556081186, 37.44744183704204], [-121.89645505685698, 37.44744199679499], [-121.89644374347431, 37.44744252098432], [-121.89643244356634, 37.44744217081161], [-121.89642109604767, 37.44744508202359], [-121.89641409996824, 37.44745046298719], [-121.89640969193515, 37.447451857972545], [-121.89639837046762, 37.447452899932415], [-121.89638710559394, 37.44745022621057], [-121.89638708223775, 37.447450211233665], [-121.89637832366374, 37.44744111601426], [-121.896375953908, 37.4474398230139], [-121.8963655918412, 37.447431982995006], [-121.896364773476, 37.447431252695786], [-121.89635789417751, 37.44743191096354], [-121.89635345021182, 37.44743257564995], [-121.89634211437124, 37.44743463817478], [-121.89633686012516, 37.44744072804282], [-121.89633517758064, 37.44744972626948], [-121.89633468889713, 37.44745873519278], [-121.89633094022743, 37.44746771273497], [-121.89633031589833, 37.44746821481545], [-121.89631895849817, 37.44747175077427], [-121.8963076163694, 37.44747425975025], [-121.89629844636697, 37.447476422832636], [-121.89629627154567, 37.44747700478952], [-121.89628493301016, 37.447479356865124], [-121.89627359267801, 37.44748171678568], [-121.89626225953239, 37.4474835789049], [-121.89625609708953, 37.44748504092882], [-121.89625091111539, 37.44748657712355], [-121.89623957437652, 37.44748870098059], [-121.89622823314605, 37.44749119997139], [-121.89621689910213, 37.44749317192043], [-121.89621378554135, 37.44749365902393], [-121.89620555787165, 37.447495633825646], [-121.89619419508162, 37.44749955989388], [-121.89619074914418, 37.44750245684], [-121.89619408548717, 37.44750704402773], [-121.89620039884696, 37.447511559896974], [-121.89620527400402, 37.44751497889194], [-121.8962165873867, 37.447514361276255], [-121.89622789807446, 37.44751402394111], [-121.89623919259252, 37.44751469219272], [-121.89625048441563, 37.44751560577896], [-121.89626179240844, 37.44751540822753], [-121.8962730734518, 37.447517045693566], [-121.89628434551196, 37.447519243007456], [-121.89629378321234, 37.44752144602672], [-121.89629560589405, 37.44752231967471], [-121.89630591945183, 37.447521558709475], [-121.89630692287, 37.44752153232171], [-121.89630731273883, 37.44752157225996], [-121.89631817337062, 37.44752522089901], [-121.89632237479118, 37.44753072595053], [-121.89631799460587, 37.447537362108], [-121.89631418485077, 37.44753966283266], [-121.89630662552766, 37.44754172892042], [-121.89629674675447, 37.4475485127056], [-121.89629521512691, 37.44754893990147], [-121.89628384245539, 37.44755349285367], [-121.89627252008955, 37.44755473592937], [-121.89626502814008, 37.4475572299257], [-121.89626116089279, 37.44755841523365], [-121.8962498007977, 37.447562128057285], [-121.89623845238073, 37.44756509774552], [-121.89623528851432, 37.44756596568752], [-121.89622710396375, 37.447568095247725], [-121.89621575824172, 37.44757086881077], [-121.89620442868934, 37.44757250413604], [-121.89619500985359, 37.44757460302929], [-121.89619308476394, 37.44757510867491], [-121.89618167975308, 37.44758191527887], [-121.89617842785175, 37.4475834621694], [-121.89617031696305, 37.447585864164395], [-121.89615898291912, 37.447587878188614], [-121.89614763001056, 37.44759112102431], [-121.89614343577648, 37.44759214800544], [-121.89613624296601, 37.44759667171454], [-121.89612491251533, 37.447598374791426], [-121.8961135910478, 37.44759957293602], [-121.89610570383961, 37.44760080887914], [-121.89611355152194, 37.447602223117585], [-121.89612485502316, 37.44760236432747], [-121.89613616481259, 37.44760203412455], [-121.89614747280537, 37.44760177595292], [-121.89615877181502, 37.44760218389259], [-121.89617007172299, 37.44760255617316], [-121.89618138959727, 37.447601639022125], [-121.89618238493058, 37.44760152491311], [-121.89619272723445, 37.44759946667201], [-121.8962040496003, 37.44759827993838], [-121.89621538903411, 37.44759596495189], [-121.89622363916168, 37.44759289684587], [-121.89622676979047, 37.44759080579816], [-121.89623810563104, 37.44758868479675], [-121.89624943787834, 37.44758684621515], [-121.89626075395596, 37.44758611805698], [-121.8962720637454, 37.44758577002445], [-121.89628337712809, 37.44758519876615], [-121.89629469140908, 37.44758457901148], [-121.89629489173339, 37.44758454905788], [-121.89630604521598, 37.447581262717875], [-121.89631737387, 37.44757968587367], [-121.89632866569312, 37.447580533133234], [-121.89634000782192, 37.447578002052246], [-121.89634539142543, 37.4475760079968], [-121.89635137061192, 37.447574063863996], [-121.89635779356622, 37.447576122818994], [-121.89636262111256, 37.44757779309003], [-121.89637123954941, 37.44758526223931], [-121.8963737907648, 37.447587008820506], [-121.89638499994291, 37.44759357579448], [-121.89638957685929, 37.44759444730208], [-121.89639627110479, 37.44759587794377], [-121.8963989058635, 37.44759453431018], [-121.89640770845499, 37.44758682125383], [-121.8964087478058, 37.44758561312454], [-121.89641619843275, 37.44757666911603], [-121.89641919790749, 37.44757427781849], [-121.89643054183288, 37.44757162692277], [-121.8964418686903, 37.44757017916423], [-121.89645319195445, 37.44756893394926], [-121.89646450443884, 37.4475683698226], [-121.89646754164282, 37.447568135185875], [-121.89647582051647, 37.447567608857895], [-121.89648070196172, 37.44756825785313], [-121.89648710155981, 37.44756924275685], [-121.89649833768738, 37.447574006809475], [-121.89650648989857, 37.44757751209655], [-121.89650957561159, 37.447578571171036], [-121.8965142845803, 37.44757758484108], [-121.89651935377343, 37.44756861872298], [-121.89651596173493, 37.44755957415381], [-121.89652119352317, 37.4475572498948], [-121.89653250690583, 37.44755669004718], [-121.8965400051435, 37.447559798092875], [-121.89654372596543, 37.44756256523758], [-121.89655500521214, 37.447564291137134], [-121.89656006182888, 37.44755998565965], [-121.89656642459602, 37.44755651674402], [-121.89657772989386, 37.447556495348586], [-121.89658902081868, 37.447557420345206], [-121.89660029287887, 37.44755970110018], [-121.89660355466167, 37.447560392173216], [-121.89661157212558, 37.44756148833332], [-121.89662284238914, 37.4475637726541], [-121.89663411714426, 37.44756592075704], [-121.89664545298484, 37.44756382970865], [-121.89665170615754, 37.447560840764446], [-121.89665684362264, 37.44755794667329], [-121.89666795308777, 37.44755198019527], [-121.89666823875201, 37.447551844690715], [-121.89667959705046, 37.44754821316931], [-121.89669090863653, 37.44754771465522], [-121.89670221123944, 37.44754796783476], [-121.89671353899517, 37.44754637529986], [-121.89671655194462, 37.44754341987453], [-121.89671645672321, 37.44753440596914], [-121.89672513714382, 37.44752643687428], [-121.89672800456617, 37.44752549975315], [-121.89673647657763, 37.447524066970566], [-121.8967478070283, 37.44752238029514], [-121.89675912580088, 37.44752140894128], [-121.89677038438634, 37.44752454694204], [-121.89677314670587, 37.447525921956895], [-121.89678158008974, 37.44753204533705], [-121.89678705262645, 37.4475350649492], [-121.89679272548746, 37.44754288498818], [-121.89680252790386, 37.44754422291726], [-121.8968040074291, 37.44754442403452], [-121.89680446018002, 37.447544240746765], [-121.89681536482924, 37.447540918032736], [-121.89682668360184, 37.44753992528361], [-121.89683801405252, 37.44753823932172], [-121.89684934360488, 37.44753656691025], [-121.89685906786785, 37.44753573676655], [-121.89686066147915, 37.447535619804704], [-121.89686541087205, 37.44753579596064], [-121.89687196048878, 37.44753607410159], [-121.89687300972103, 37.44753586727885], [-121.8968833107024, 37.44753300527987], [-121.89688944350085, 37.44752700813304], [-121.89689479296837, 37.44752096106292], [-121.89690607491002, 37.44752248727244], [-121.89691731373254, 37.44752699814849], [-121.89692861364048, 37.44752733690993], [-121.89692938798825, 37.44752737970086], [-121.89693991085352, 37.44752790103682], [-121.89694108674823, 37.447527490244035], [-121.896951300593, 37.447522117844194], [-121.89696264272177, 37.44751960815663], [-121.89696576706233, 37.44751870669459], [-121.89697399473204, 37.447516403116516], [-121.89697768501121, 37.44750980475576], [-121.89698547969293, 37.447504115701776], [-121.8969949290714, 37.447500952025585], [-121.89699684517791, 37.447500049850056], [-121.89700819718816, 37.44749687618911], [-121.89701948092642, 37.447498293282244], [-121.89703086258108, 37.44749304283444], [-121.89704214362442, 37.44749466532408], [-121.89705341209134, 37.447497179291595], [-121.89706419816295, 37.4474925849714], [-121.89706479105108, 37.44749216633343], [-121.89707620684169, 37.447484635841214], [-121.89707780045299, 37.44748369871955], [-121.8970875795132, 37.44748000086885], [-121.89709887852283, 37.447480405956455], [-121.89711020088869, 37.44747923419774], [-121.89712154301745, 37.447476683144224], [-121.89712672899157, 37.447475141956936], [-121.89713288155295, 37.44747440809221], [-121.89714419763061, 37.447473652831945], [-121.8971555128099, 37.44747296033179], [-121.89716682349767, 37.44747255881006], [-121.89717234364508, 37.44747556772685], [-121.89717801381116, 37.44748040666966], [-121.8971834593984, 37.44748468505078], [-121.89718920592128, 37.44748813328743], [-121.89720046181178, 37.44749146670156], [-121.89721178866921, 37.44748991267735], [-121.89722315415419, 37.447485831848034], [-121.89723228013918, 37.44748514077432], [-121.89723447292677, 37.447484924680076], [-121.89723527422399, 37.44748516930163], [-121.89724572881728, 37.447488277350246], [-121.89725702872524, 37.44748857617364], [-121.89726329088107, 37.44748543032632], [-121.89726843643103, 37.44748155204058], [-121.89727978035641, 37.447478933234784], [-121.89729109553576, 37.44747825214556], [-121.89729355961457, 37.44747669883423], [-121.89729998256885, 37.44746774625451], [-121.89730259307309, 37.44746517380514], [-121.89731389567598, 37.447465282208846], [-121.89731788868743, 37.44746791313923], [-121.89732506622653, 37.44747452576729], [-121.89733635176145, 37.44747575885979], [-121.89734765436435, 37.447475942860855], [-121.89735896415377, 37.44747564974285], [-121.89737029460447, 37.44747388033718], [-121.89738164302146, 37.447470951296715], [-121.89739294382773, 37.447471260104756], [-121.89740423115927, 37.44747245682494], [-121.89741554454197, 37.447471866309876], [-121.89742220375317, 37.4474688859202], [-121.89742695314607, 37.44746482291927], [-121.89742906239034, 37.447459936905446], [-121.89743171781033, 37.44745094795145], [-121.89743403546376, 37.447441956856764], [-121.89743870580493, 37.44743431225021], [-121.89744037487473, 37.44743300284651], [-121.89745007757811, 37.44742975786445], [-121.89746139994396, 37.44742858182586], [-121.89747265583446, 37.44743196516546], [-121.89747516213409, 37.44743332734474], [-121.89748381470693, 37.4474418976626], [-121.89748562660886, 37.447442438255166], [-121.8974950400547, 37.447447324270115], [-121.89750637589529, 37.447445246768815], [-121.89751769376954, 37.44744432177082], [-121.89751923348196, 37.447442752055565], [-121.89752552887546, 37.447433797332195], [-121.89752920208666, 37.44743051811742], [-121.89753569690616, 37.44742487898013], [-121.89754062775876, 37.447422250901006], [-121.89755195461618, 37.447420786023166], [-121.89756322577804, 37.44742307106138], [-121.89757188104579, 37.447425216315686], [-121.89757448346519, 37.447426279671426], [-121.89758577798325, 37.44742701995527], [-121.89759699704285, 37.447432873047255], [-121.89759899489601, 37.44743448198776], [-121.89760821071252, 37.447439086296015], [-121.89761952858679, 37.44743824830624], [-121.89762873452183, 37.44743476012908], [-121.8976308958684, 37.44743397776748], [-121.8976422272174, 37.447432236888105], [-121.8976535010742, 37.447434367165336], [-121.89766480367712, 37.44743446273179], [-121.89767539750925, 37.44742618196535], [-121.89767623653574, 37.447425781156575], [-121.89767839967894, 37.44742620977947], [-121.89768747715489, 37.44743016865777], [-121.89769871418079, 37.4474348343001], [-121.89771003205506, 37.44743390716238], [-121.89771661311282, 37.44743557886296], [-121.89772129423378, 37.44743684476245], [-121.89772891194737, 37.447435693685385], [-121.8977326228878, 37.44743525222523], [-121.89774287985172, 37.4474268109927], [-121.89774406203463, 37.44742612419757], [-121.89775545267243, 37.44742022118225], [-121.89776107612613, 37.447417968237204], [-121.89776680917427, 37.447416785066615], [-121.89777171667063, 37.44741806665647], [-121.89777805967488, 37.447420415881226], [-121.89778936048116, 37.44742071969715], [-121.89779390146492, 37.44741827419275], [-121.89780074662738, 37.447415206792584], [-121.89780865180187, 37.44740939791657], [-121.89781215253656, 37.44740833170788], [-121.89782347310576, 37.44740731399559], [-121.89783145823031, 37.44740059723686], [-121.8978349185408, 37.44739767033307], [-121.89784163793914, 37.44739167888082], [-121.89784636756909, 37.44738785122618], [-121.89785771059618, 37.44738528590589], [-121.89786902218225, 37.447384888662775], [-121.8978803220902, 37.44738523027758], [-121.89789158247228, 37.447388219941985], [-121.89790291471961, 37.447386407030066], [-121.8979121601805, 37.447392337148955], [-121.89791412120276, 37.447393103107736], [-121.89791500155175, 37.447392362823535], [-121.89792488212156, 37.44738344232701], [-121.89792557382431, 37.44738305720802], [-121.8979364865584, 37.447374536806244], [-121.89793700758126, 37.447374277920645], [-121.89794717112036, 37.44736562272622], [-121.8979484476264, 37.44736506216397], [-121.89795979694172, 37.44736203826588], [-121.89797106990018, 37.44736421490196], [-121.89797648224979, 37.44736589730183], [-121.89798230512945, 37.44736902603782], [-121.8979896425687, 37.4473750331819], [-121.89799346669686, 37.44737876099147], [-121.89800472977389, 37.44738161087218], [-121.89801602339365, 37.44738236185424], [-121.89802732509824, 37.44738265711216], [-121.8980386483624, 37.44738134699433], [-121.89804941916266, 37.44737559017812], [-121.89805004079682, 37.4473754018977], [-121.89806136675594, 37.44737395912767], [-121.89807270079987, 37.44737201427647], [-121.89808400789434, 37.447371855949726], [-121.89809535720967, 37.44736890194385], [-121.89809808898643, 37.44736703126359], [-121.89810203438718, 37.44735805370934], [-121.89810692212063, 37.44735113868111], [-121.89810874570064, 37.447349103254965], [-121.89811834779272, 37.447342880014126], [-121.8981296018866, 37.447346375327434], [-121.89813368922115, 37.447349335752826], [-121.89814079489504, 37.447353987849674], [-121.89815210198954, 37.447353848065724], [-121.89816299675729, 37.447349608902165], [-121.89816347196609, 37.447349434885396], [-121.89817478804372, 37.4473487060117], [-121.89818608795167, 37.44734906688262], [-121.89819741301245, 37.44734769899636], [-121.89820875963282, 37.44734482272654], [-121.89822010086327, 37.44734238292508], [-121.89822518892105, 37.44734117621823], [-121.89823145107688, 37.44733928913405], [-121.89824278062923, 37.447337583198454], [-121.89825409850351, 37.447336728804345], [-121.89826541098789, 37.44733624098662], [-121.89827669023462, 37.447337976875936], [-121.89828794343018, 37.4473414622049], [-121.89829925142296, 37.44734124397069], [-121.89830348877616, 37.44733289187552], [-121.89830955959084, 37.44732393571268], [-121.898310862148, 37.44732045180927], [-121.898312189858, 37.44731494674233], [-121.89831374574008, 37.447305947786305], [-121.898322492636, 37.447298211165084], [-121.89833379883216, 37.4472981933355], [-121.89834508975697, 37.44729913830451], [-121.89835639146156, 37.447299345841095], [-121.89836611482619, 37.44729742309661], [-121.89836772820044, 37.44729719701723], [-121.89837904607471, 37.44729631766116], [-121.89839040347485, 37.44729269825146], [-121.89840165397545, 37.447296438902505], [-121.89840311194116, 37.44729776827773], [-121.89840534515298, 37.44730680218077], [-121.89841077906212, 37.44731586603647], [-121.89841266013433, 37.44731687233901], [-121.89842397082207, 37.447316413761726], [-121.89842566414637, 37.447316005107346], [-121.89843531474749, 37.44731381135339], [-121.89844664160489, 37.44731229726377], [-121.89845796397074, 37.447311143332016], [-121.8984693052012, 37.447308704242616], [-121.89847576947797, 37.44730745831009], [-121.89848063385526, 37.44730703111285], [-121.89849201550989, 37.44730177423299], [-121.89849274314528, 37.44729860270317], [-121.89849209635828, 37.44729626631192], [-121.89849073990221, 37.44728957093873], [-121.89849222661401, 37.44728741783555], [-121.89850362264168, 37.4472811831786], [-121.8985148264299, 37.447288063980444], [-121.8985173120683, 37.44728981912685], [-121.89852598799732, 37.447297885239955], [-121.89853302270431, 37.4472989792644], [-121.8985372600575, 37.447300141754546], [-121.89854856894863, 37.44729989214014], [-121.89855199961468, 37.447299156134086], [-121.89855990299255, 37.44729789308501], [-121.89857122176512, 37.44729693884461], [-121.8985825396394, 37.44729608302358], [-121.89859387278503, 37.447294163845], [-121.89860520952391, 37.44729193086529], [-121.89861651751671, 37.447290744126754], [-121.89861653278805, 37.44729074198723], [-121.898627866832, 37.44728874935046], [-121.89863923141867, 37.44728468134749], [-121.89865050797043, 37.44728663903834], [-121.89865791008836, 37.44729112924623], [-121.89866169918224, 37.44729438421889], [-121.89867235679478, 37.44730027725954], [-121.89867291554688, 37.44730041419086], [-121.89868421455651, 37.44730079717073], [-121.89869551446448, 37.447301167313285], [-121.89870671555775, 37.447308230688435], [-121.8987087807846, 37.4473096299555], [-121.8987179031763, 37.44731631320279], [-121.8987291815247, 37.44731807690677], [-121.89873963521967, 37.44731893130108], [-121.89874047424614, 37.44731898692947], [-121.89875165108491, 37.447327672083034], [-121.89875185769742, 37.44732805791549], [-121.89875187117214, 37.447337071845716], [-121.89875220624376, 37.447346087914426], [-121.89875457599946, 37.447355123238005], [-121.89875814949765, 37.447364169971436], [-121.89876234552837, 37.44736934625718], [-121.89876423468539, 37.447373240238775], [-121.89876513389899, 37.44738226200859], [-121.89876664845855, 37.44739128876958], [-121.89876889424677, 37.4474003226613], [-121.89877230874318, 37.44740936867613], [-121.89877304087014, 37.44741090415923], [-121.89877655867278, 37.447418421108424], [-121.89878057504042, 37.44742747211323], [-121.89878129908254, 37.44743649173699], [-121.89878153803441, 37.44744550779371], [-121.89878223872032, 37.447454528128425], [-121.8987829025753, 37.44746354703569], [-121.89878354756569, 37.44746533783708], [-121.89878601523779, 37.44747258876369], [-121.89879292830959, 37.44747779055021]], [[-121.8989588292345, 37.44745144844799], [-121.89895680114297, 37.44744714098213], [-121.89895348366463, 37.447440780818376], [-121.8989517597976, 37.44743808070832], [-121.89894770839568, 37.44742902970472], [-121.89894568269469, 37.447419997242825], [-121.89894380701239, 37.447410966919335], [-121.8989426679486, 37.44740741098849], [-121.89894145073139, 37.44740193088936], [-121.89894087850456, 37.44739291268783], [-121.89894117135533, 37.44738390233023], [-121.89893986789988, 37.44737487699476], [-121.89893825093235, 37.44736584809218], [-121.89893706605449, 37.447356824180886], [-121.89893519576206, 37.44734779313661], [-121.89893233283125, 37.447341228993835], [-121.89893143721092, 37.44733874497483], [-121.89893056854007, 37.44732972319977], [-121.89892985078615, 37.447320702850014], [-121.89893159980599, 37.44731170603423], [-121.89893289517664, 37.447302846148716], [-121.8989329284143, 37.447302704938274], [-121.89893804342151, 37.44729374021362], [-121.89894369292637, 37.44728477905375], [-121.89894363004429, 37.44727576511723], [-121.8989425448794, 37.44726674190819], [-121.89894171753103, 37.447257720837634], [-121.89893830842453, 37.447248676230934], [-121.89893622523138, 37.447239643034045], [-121.89893387973018, 37.447235664176524], [-121.89893180192693, 37.44723058915376], [-121.8989331278403, 37.44722158804801], [-121.89893410161406, 37.44722052968165], [-121.89894551381144, 37.44721320170664], [-121.89894726552623, 37.447212706043096], [-121.89895685773685, 37.4472105907365], [-121.89896813788187, 37.447212280984836], [-121.89897946204432, 37.44721096587176], [-121.89899080057984, 37.447208680113874], [-121.89900208880971, 37.44720978269788], [-121.8990133788362, 37.447210858894], [-121.89902074142827, 37.44720437675551], [-121.89902480540661, 37.44720250892385], [-121.89903611609436, 37.44720212808301], [-121.89904197580496, 37.447204575020926], [-121.89904732617079, 37.44720863874913], [-121.89905864494337, 37.44720769877134], [-121.89906996820751, 37.44720643286793], [-121.89908126272559, 37.44720715532436], [-121.89909256712512, 37.44720719597589], [-121.89910387871117, 37.44720670316505], [-121.89911061158423, 37.44720521403472], [-121.8991152289248, 37.44720363076396], [-121.89912663213904, 37.44719695178574], [-121.89912858866971, 37.44719636911346], [-121.89913800121725, 37.447192570689474], [-121.89914929573531, 37.447193283161404], [-121.8991605794736, 37.44719474019867], [-121.89917188836472, 37.44719443210269], [-121.89918322690023, 37.4471921520498], [-121.89919456902904, 37.44718963521933], [-121.89920589319148, 37.44718834934644], [-121.89920688403325, 37.44718808475475], [-121.89921724699838, 37.44718500878696], [-121.89922514947793, 37.44717924125787], [-121.89922866189066, 37.44717750964396], [-121.89923996359526, 37.44717769935127], [-121.89925133177518, 37.447173403836125], [-121.89925490347677, 37.44717050473771], [-121.89926275295572, 37.44716548319938], [-121.89927410047439, 37.447162552007335], [-121.8992834231904, 37.44716175823193], [-121.89928542014528, 37.447161589207], [-121.89928608489859, 37.44716178176709], [-121.89929666256106, 37.44716579914057], [-121.89930750971811, 37.44717099469605], [-121.89930788970547, 37.44717114517817], [-121.89931915996904, 37.447173547186395], [-121.89933041945282, 37.44717663670516], [-121.89934167983489, 37.44717965704486], [-121.89934830760504, 37.44717137482386], [-121.89935323666103, 37.44716246214598], [-121.8993532645088, 37.447162407943885], [-121.89935907660869, 37.44715344890786], [-121.89936476474108, 37.44714726202321], [-121.89937034058403, 37.4471445412202], [-121.89937614549741, 37.44714206717928], [-121.89938746247333, 37.44714124273668], [-121.89939874082172, 37.447143112709405], [-121.89940995718638, 37.44714490993717], [-121.89941001917012, 37.44714492206132], [-121.89942124272129, 37.447150462086874], [-121.89942928174477, 37.44715410289901], [-121.8994324806455, 37.447155057854424], [-121.8994437589939, 37.44715685793459], [-121.89945508674963, 37.44715528108148], [-121.89946032213109, 37.447154391739154], [-121.89946641360704, 37.44715378125232], [-121.89947770902343, 37.44715448801917], [-121.8994890161179, 37.44715431114919], [-121.8994908019687, 37.44715467630015], [-121.89950023787243, 37.44715998881885], [-121.8995048201787, 37.447163820051], [-121.89951142010109, 37.44716838087166], [-121.89952278648438, 37.44716414526361], [-121.89952297243565, 37.44716398907596], [-121.89953196008005, 37.44715505928077], [-121.89953424449584, 37.44715370779425], [-121.89954557045496, 37.44715230495832], [-121.89955227098862, 37.447146235035966], [-121.89955700600851, 37.44714338585948], [-121.8995659864664, 37.44714636269621], [-121.89956819452537, 37.447151305072154], [-121.89957493907653, 37.44715545866467], [-121.89957942256811, 37.44715655269118], [-121.89958083112649, 37.44715551429311], [-121.89959084913852, 37.44714830398732], [-121.89959235740989, 37.44714660803206], [-121.89960227750555, 37.447139827776375], [-121.8996135639388, 37.447141169991745], [-121.89962490606757, 37.44713860608934], [-121.89962659759526, 37.44713791429921], [-121.89963626616266, 37.447134846174436], [-121.89964620242802, 37.44712908292058], [-121.89964767297013, 37.44712788120252], [-121.8996590447433, 37.44712331681348], [-121.89966239276438, 37.44712022016066], [-121.89966998622349, 37.44711127823611], [-121.89967053150087, 37.447110895255264], [-121.89968190417235, 37.4471062980586], [-121.89969320677527, 37.44710647492874], [-121.89969830112123, 37.447102528157465], [-121.89970063674097, 37.44709353630777], [-121.89970474563508, 37.44709046176243], [-121.89971608866217, 37.44708787004404], [-121.89972739755329, 37.447087596893724], [-121.89973870464777, 37.447087450690546], [-121.89975003959005, 37.447085438079185], [-121.89975064954609, 37.44708498877194], [-121.89975750638668, 37.44707603899808], [-121.89976154790713, 37.447071555195926], [-121.89976639611471, 37.44706710919243], [-121.89977299064722, 37.44706213614384], [-121.8997792959222, 37.44705821575815], [-121.89978441272608, 37.447054136331616], [-121.89978819373508, 37.447049285237156], [-121.8997902984878, 37.44704029124144], [-121.8997875945588, 37.4470312530271], [-121.89979528323931, 37.4470223110919], [-121.89979619413101, 37.44702162571939], [-121.89980702062682, 37.4470134069545], [-121.89980764675256, 37.44701150987744], [-121.89981052944633, 37.447004425791896], [-121.89980855854259, 37.44699539470509], [-121.89980868161177, 37.44698638287326], [-121.89981202783622, 37.44697740028099], [-121.89981262072429, 37.44696839272612], [-121.89981477398604, 37.44695939872069], [-121.89981641610636, 37.44695040114826], [-121.89981099477362, 37.44694133796149], [-121.89980869688314, 37.44693985025226], [-121.89979994280068, 37.44693222128459], [-121.89979755058708, 37.4469289762808], [-121.89979238078263, 37.44692313812633], [-121.89978639979947, 37.44691842894773], [-121.89977506395891, 37.44692061629455], [-121.89976735282049, 37.446913890933814], [-121.89976813704973, 37.446904884797675], [-121.89977535770801, 37.44690050796348], [-121.89978664414123, 37.44690179384128], [-121.8997979745919, 37.44690000873194], [-121.89980715178086, 37.446896235254435], [-121.89980934546676, 37.44689550566313], [-121.89982074059616, 37.446889390075974], [-121.89982302770687, 37.446887370327396], [-121.8998236655107, 37.4468783620485], [-121.89982096786993, 37.44687388679273], [-121.89981241680671, 37.44686924393747], [-121.89980974881036, 37.44686801796692], [-121.89979847315689, 37.446866038869494], [-121.89978721007986, 37.44686312834818], [-121.89977786041436, 37.44685990901615], [-121.8997759685624, 37.44685877219395], [-121.89976476297753, 37.446852018300156], [-121.89976319092578, 37.44685075880943], [-121.89975360410509, 37.44684204293341], [-121.89975333371217, 37.44684165424571], [-121.89975293665682, 37.4468326366898], [-121.89974254853887, 37.446825014129885], [-121.89974049499013, 37.44682350787544], [-121.89973788897748, 37.44681447106125], [-121.8997314291923, 37.44681236216208], [-121.89972017060683, 37.44680914782021], [-121.89970892190284, 37.44680538717556], [-121.89970845118565, 37.44680518320354], [-121.89970204979093, 37.44679611001459], [-121.8997030846501, 37.446787106717004], [-121.89970570054423, 37.44677811768209], [-121.89970939621331, 37.44677301410072], [-121.8997135392434, 37.44676917714304], [-121.89972082368203, 37.44676459632875], [-121.899732189167, 37.44676047409488], [-121.89973268413874, 37.44676034215483], [-121.89974355016041, 37.4467566977576], [-121.89975491474708, 37.44675254485616], [-121.89975574568871, 37.44675154425152], [-121.89975624155876, 37.44674253524306], [-121.89976637545347, 37.44674189765169], [-121.89977769961595, 37.446740586096304], [-121.8997890058121, 37.446740536173046], [-121.89980032997458, 37.44673922390442], [-121.89981164515389, 37.446738539242524], [-121.89982298009616, 37.44673648026448], [-121.89983120596922, 37.446734220166924], [-121.89983432222493, 37.44673395272085], [-121.89984563920086, 37.44673313397928], [-121.8998569543802, 37.44673236587418], [-121.89986827674602, 37.44673116914211], [-121.8998795829422, 37.44673114275407], [-121.89989088824007, 37.44673109996273], [-121.8999022582166, 37.44672664965984], [-121.89990584339292, 37.446725900810705], [-121.89991357968415, 37.446725519254315], [-121.899922728127, 37.44672605771243], [-121.89992487150727, 37.446726362244384], [-121.8999361759068, 37.44672646209092], [-121.89993876395312, 37.446726208195436], [-121.8999474901878, 37.44672585873258], [-121.89995882513006, 37.44672379832778], [-121.89997015558072, 37.44672198896566], [-121.89998058412286, 37.44672659688375], [-121.89998138362347, 37.44672724802589], [-121.89999256585213, 37.446735670081196], [-121.89999271676909, 37.446735722857234], [-121.90000381186118, 37.44673963612795], [-121.9000122236855, 37.44674491800895], [-121.90001499498814, 37.44674797830468], [-121.90001988900981, 37.44675400332839], [-121.90002612691114, 37.44675981724754], [-121.90003096972883, 37.446763119313815], [-121.90003733968251, 37.446766079762305], [-121.90004860186124, 37.44676899028744], [-121.90005698493948, 37.44677237508324], [-121.90005983349722, 37.44677398332481], [-121.90007105255681, 37.44677988781746], [-121.90007466468259, 37.44678155168757], [-121.90008229676923, 37.44678402288762], [-121.90008807113988, 37.446790691204875], [-121.90009123859957, 37.446799733014196], [-121.90009069152556, 37.44680874201583], [-121.90009076159416, 37.4468177552954], [-121.90009042652257, 37.44682676572119], [-121.90009029267358, 37.44683577828546], [-121.90009275675239, 37.44684175409208], [-121.90009400720729, 37.44684482579484], [-121.90009456056949, 37.4468538440624], [-121.90009247647802, 37.4468608568434], [-121.90009187281017, 37.44686283166182], [-121.90009238484988, 37.44686715429595], [-121.90009308643411, 37.446871857059136], [-121.90009631587756, 37.44688090028505], [-121.9000988275671, 37.44688993709115], [-121.900099727679, 37.446898958919256], [-121.9000983236122, 37.446907959350625], [-121.90009824905205, 37.446916971905104], [-121.90009885271992, 37.4469259908772], [-121.90009785020007, 37.44693499487122], [-121.9000956250731, 37.446943986740024], [-121.90009551458031, 37.44695299929015], [-121.9000949306754, 37.44696200684685], [-121.90009657459235, 37.44697103579816], [-121.90009696086794, 37.44698005333732], [-121.90009809813509, 37.446989077294084], [-121.90009736780475, 37.44699808270691], [-121.90009571759958, 37.44700708098683], [-121.90009022799488, 37.44701442895127], [-121.90008942490101, 37.44701603576121], [-121.90008925781437, 37.44702504830268], [-121.90008944466396, 37.4470340629826], [-121.90008989022832, 37.44703756686858], [-121.90009352301534, 37.447043114033974], [-121.90009787984448, 37.44705216793693], [-121.90010088920066, 37.447058419729466], [-121.90010187465252, 37.447061218272935], [-121.90010598444495, 37.44707027003421], [-121.90011091170429, 37.447079328926236], [-121.90011186751174, 37.44708066900316], [-121.9001130514913, 37.447079348895414], [-121.90012330306533, 37.4470718219276], [-121.90012454992693, 37.44707044333846], [-121.90013121003645, 37.44706149071014], [-121.90013483743355, 37.44705611899002], [-121.90013706345883, 37.44705253308845], [-121.90014391490952, 37.44704358331072], [-121.90014637988666, 37.4470399432064], [-121.90015023635416, 37.44703462925283], [-121.900154475504, 37.44702565522462], [-121.90015801576455, 37.44701732021071], [-121.90015847660027, 37.44701667905574], [-121.90016516994746, 37.44700772784735], [-121.90016955911594, 37.44700104171978], [-121.90017207080547, 37.446998778064284], [-121.90018099556782, 37.44699202418308], [-121.90018438401307, 37.44698988034277], [-121.90019243112138, 37.44698313287947], [-121.90020315520924, 37.44698104110155], [-121.90020376875857, 37.44698088633996], [-121.900204146051, 37.44698104965981], [-121.90021496895355, 37.44698804887832], [-121.90021605771167, 37.44699017488905], [-121.90022006419784, 37.44699922523251], [-121.90022547744574, 37.44700828912546], [-121.90022595175621, 37.44701005426306], [-121.90022711687114, 37.447017316644775], [-121.90022796577908, 37.4470263391707], [-121.90022766664009, 37.447035348858115], [-121.90022791547342, 37.44704436496318], [-121.90022848590363, 37.44705338320673], [-121.90022923509859, 37.4470624043019], [-121.90022899704502, 37.447071414698236], [-121.9002290365709, 37.44708042794622], [-121.90022830983385, 37.4470894347744], [-121.90022661471289, 37.44709843304332], [-121.90022541097039, 37.44710743487703], [-121.90022446863769, 37.44711134884147], [-121.90022361613647, 37.4471164310042], [-121.90022321818279, 37.44712544068083], [-121.90022419105824, 37.44713031530555], [-121.90022791547342, 37.44712548489835], [-121.90023562212025, 37.44712174067287], [-121.90023888300473, 37.44711657292821], [-121.90024566708176, 37.44710762315814], [-121.90024715918344, 37.44710589225575], [-121.90025212776527, 37.44709866982104], [-121.900257002024, 37.4470897022192], [-121.90025875373881, 37.4470860728149], [-121.9002618565198, 37.447080733903086], [-121.90027024858118, 37.44707308569375], [-121.90027165354628, 37.447071811942976], [-121.90028058549517, 37.447062882136784], [-121.90028171647413, 37.44706194928898], [-121.90028426858784, 37.44706291565655], [-121.90029293194044, 37.447068092676346], [-121.90029328677495, 37.44707201306153], [-121.90029285199037, 37.44707354284615], [-121.90028918237242, 37.44708098779738], [-121.90028701563597, 37.44708998107497], [-121.90028569421418, 37.44709898219657], [-121.900283066642, 37.44710797119288], [-121.90028096458421, 37.447113280148955], [-121.90027874484716, 37.44711694378488], [-121.900275268367, 37.44712592493399], [-121.90027323817444, 37.44713492034574], [-121.90026992608601, 37.4471439022059], [-121.90026918497588, 37.447145774318095], [-121.90026648374185, 37.447152883351734], [-121.90026360553966, 37.44716187020203], [-121.9002609276618, 37.44717085776445], [-121.9002639774422, 37.44717990024107], [-121.90026472753544, 37.44718891989459], [-121.90026398462871, 37.44719792670977], [-121.90026744044762, 37.44720697203579], [-121.90026826060945, 37.44720890120125], [-121.90027947787242, 37.447214874125315], [-121.90028189793381, 37.44721612005937], [-121.90029064303307, 37.4472244186787], [-121.90029162219675, 37.44722522386439], [-121.90030183963479, 37.44723182866892], [-121.90030518406259, 37.447234363327524], [-121.90030984272565, 37.44724342006013], [-121.90031286555657, 37.44725089494825], [-121.90031344946152, 37.44725246680704], [-121.90032157921485, 37.447261556343946], [-121.90032400197116, 37.44726243427408], [-121.90033526864146, 37.44726500886997], [-121.90034071512702, 37.44726173392691], [-121.90034669790684, 37.44725652268765], [-121.90035077535988, 37.44725281412794], [-121.90035814873174, 37.44724659087908], [-121.90036470373838, 37.447243929987195], [-121.90036952948807, 37.44724138891018], [-121.90037196841408, 37.447243997739726], [-121.90037259992972, 37.44725301667238], [-121.90037405789543, 37.44726204416215], [-121.9003804035946, 37.44727085912189], [-121.90038052307052, 37.447271118007826], [-121.90038554016138, 37.44728017830192], [-121.90038264758617, 37.44728916371051], [-121.90038009008256, 37.44729228175189], [-121.90037601981601, 37.4472981163116], [-121.9003735988563, 37.447307105997226], [-121.90037176090325, 37.447316102813524], [-121.90036933814692, 37.44732509321012], [-121.90037111501456, 37.44733412283079], [-121.90037486907413, 37.44734317170628], [-121.90037478822576, 37.447352184208334], [-121.90037039187075, 37.447361156057845], [-121.90036772567099, 37.4473645978815], [-121.90036071162524, 37.44737008012295], [-121.90035971359696, 37.44737908406351], [-121.90036001812587, 37.447388100127185], [-121.90035883145134, 37.447397101926036], [-121.9003670456463, 37.44740619215859], [-121.90036711661322, 37.44740621712001], [-121.90037838508015, 37.44740875533863], [-121.90038593721674, 37.44741538080923], [-121.90038956641048, 37.44741718302271], [-121.90040084296226, 37.44741912074094], [-121.90041214107357, 37.4474195999999], [-121.90042345355795, 37.44741906867854], [-121.90043475975413, 37.44741902089531], [-121.9004460488823, 37.447420104933435], [-121.90045733441723, 37.44742137867826], [-121.90046864510495, 37.44742106416455], [-121.90047995489438, 37.44742072326306], [-121.90049128714168, 37.44741887469277], [-121.90050190702499, 37.447416459855155], [-121.90050263376206, 37.44741598772799], [-121.90051069883665, 37.44740752866372], [-121.90051410255327, 37.44740477435052], [-121.90052314679156, 37.447398630990804], [-121.90052552103886, 37.44739710620516], [-121.90053688382889, 37.44739312521641], [-121.9005481981099, 37.44739249333612], [-121.90055950161111, 37.44739255466986], [-121.90057075121341, 37.447396418696556], [-121.90057678879045, 37.44739913021904], [-121.90058199093424, 37.44740084685094], [-121.90059327557084, 37.44740218692208], [-121.90060456469904, 37.44740328379779], [-121.90061589964128, 37.44740128831134], [-121.90062047745596, 37.44739953673349], [-121.9006272974656, 37.44739492600411], [-121.90063588895299, 37.447390666873765], [-121.90063868001859, 37.44738966128538], [-121.9006500841311, 37.44738287178036], [-121.90065079380018, 37.44738179202077], [-121.90065514613774, 37.44737281874735], [-121.90066075342173, 37.447363858310226], [-121.90066168317806, 37.447362809217246], [-121.90067305944281, 37.44735785972344], [-121.90068432251984, 37.44736076879915], [-121.90069560715645, 37.447362150948855], [-121.90070693311556, 37.44736076594643], [-121.90071823212519, 37.44736116033688], [-121.90072955269439, 37.447360034220075], [-121.90074084002593, 37.44736132508231], [-121.90075212556086, 37.44736261523135], [-121.90076341199409, 37.447363871860716], [-121.90077472897002, 37.44736305027326], [-121.9007860405561, 37.44736260168084], [-121.90079738088825, 37.44736019682593], [-121.90080313908922, 37.447356168765154], [-121.90080880117044, 37.44735235465922], [-121.90082015497732, 37.44734897274238], [-121.90083145039371, 37.447349616747225], [-121.90084273772526, 37.447350846275825], [-121.900853982836, 37.44735491213566], [-121.90086301090459, 37.44735672576152], [-121.90086525309954, 37.447357324835714], [-121.90087655839737, 37.44735729416883], [-121.90088782686432, 37.447359803861836], [-121.90089909353459, 37.447362396284], [-121.90090847913271, 37.44735714867937], [-121.90091048686735, 37.447356364177416], [-121.90092188289505, 37.447350175883216], [-121.90092410353043, 37.4473482809542], [-121.90093328610926, 37.44734348408077], [-121.90094458781388, 37.447343675927144], [-121.90095584370438, 37.44734701291364], [-121.90096714271401, 37.44734740231193], [-121.90097845609671, 37.44734685815281], [-121.90098977217436, 37.447346142116395], [-121.90100108735365, 37.447345378296646], [-121.90101239804142, 37.44734507020127], [-121.90102370423757, 37.44734496607646], [-121.90103499785731, 37.44734569281068], [-121.90104631752821, 37.447344668678866], [-121.90105761563953, 37.44734517004698], [-121.90106886973344, 37.4473486960271], [-121.90108016694644, 37.447349196682076], [-121.90109151536342, 37.44734619703152], [-121.90110209661916, 37.44734092303796], [-121.90110290240797, 37.44734061494264], [-121.90111422746877, 37.44733922494748], [-121.90112551480028, 37.44734049227503], [-121.90112770399463, 37.447341161241404], [-121.90113672846998, 37.447346667019595], [-121.90114799154703, 37.44734958964622], [-121.90115819910359, 37.44735045830392], [-121.90115673574802, 37.44735945796779], [-121.90114779481597, 37.44736302816457], [-121.90114519600034, 37.447365234127986]]]}, "properties": {"elev": 8.0, "Shape_Leng": 80044.7986331, "GlobalID": "{89CD9B0C-91BA-4EBA-857A-9532144BCC64}"}}, {"type": "Feature", "geometry": {"type": "MultiLineString", "coordinates": [[[-121.89174719914458, 37.446713069221126], [-121.89174816773733, 37.446721787133036], [-121.89174971194132, 37.44673081397372], [-121.89175045574636, 37.44673983510778], [-121.89175025272709, 37.44674884625611], [-121.89174876871027, 37.44675784527921], [-121.89174664868617, 37.446766839308815], [-121.89174484846237, 37.446775834763784], [-121.89173974064165, 37.446784800976836], [-121.8917392438733, 37.44678561187279], [-121.89173530476077, 37.4467937721812], [-121.89172967591722, 37.446802732686656], [-121.89172764752131, 37.44680538432281], [-121.89172270409229, 37.446811681066805], [-121.89171614639072, 37.44681868386709], [-121.89171416650383, 37.44682061375577], [-121.89170471353208, 37.4468273241479], [-121.89170135922281, 37.44682950721824], [-121.89169330313133, 37.44683455088796], [-121.89168572494361, 37.44683837429175], [-121.89168190710366, 37.44684071568962], [-121.89167051017765, 37.44684694824366], [-121.8916698966283, 37.44684723922454], [-121.89165912043816, 37.4468526501851], [-121.89165075352959, 37.44685607277607], [-121.89164988683912, 37.446856390383516]], [[-121.8916715345805, 37.44719766559315], [-121.8916766438744, 37.447197421774725], [-121.89168795456214, 37.44719702667017], [-121.89169926075833, 37.44719695535162], [-121.89171055617469, 37.447197615761056], [-121.89172184620118, 37.44719862491793], [-121.89172591017953, 37.447199283187814], [-121.89173312185463, 37.44720058475056], [-121.89174438493167, 37.44720341823477], [-121.89175564082218, 37.4472067352584], [-121.89176021684023, 37.447208618066796], [-121.89176685988177, 37.447212616181766], [-121.89177578644075, 37.44721777678794], [-121.89177807265314, 37.44721881518515], [-121.89178930069588, 37.44722407207089], [-121.89179395217242, 37.44722696118264], [-121.89180048382286, 37.44723231006859], [-121.89180480561768, 37.447236075684124], [-121.89181164898352, 37.447241804696894], [-121.89181567163936, 37.44724519089764], [-121.89182277821158, 37.44725370774824], [-121.89182317796187, 37.44725427472994], [-121.89182823008703, 37.44726333573925], [-121.89183187185719, 37.44727238319693], [-121.89183373945467, 37.44727699821297], [-121.8918357498843, 37.44728143279308], [-121.89183870803649, 37.44729047382994], [-121.89184076877177, 37.44729950702066], [-121.89184241807865, 37.44730853521802], [-121.8918436730251, 37.44731755984837], [-121.89184438449078, 37.44732173981944], [-121.89184538072243, 37.44732659018306], [-121.89184885360932, 37.447335636206795], [-121.89185293465566, 37.44734468722163], [-121.8918552181731, 37.44735369330484], [-121.89185522535962, 37.44735372183221], [-121.89185758523388, 37.44736275715487], [-121.8918607832363, 37.44737180103463], [-121.89186379977902, 37.44738084206054], [-121.89186601053294, 37.44738841107508], [-121.8918664480125, 37.44738988023265], [-121.89186969003234, 37.44739892410912], [-121.8918717911918, 37.44740795728674], [-121.89187444661177, 37.44741699474239], [-121.89187676336688, 37.44742580683116], [-121.89187683792706, 37.44742603077061], [-121.8918801796599, 37.44743507606907], [-121.8918843047237, 37.447444127785076], [-121.89188767969422, 37.447452223835235], [-121.89188808573273, 37.4474531759341], [-121.8918904932177, 37.44746221195791], [-121.89189380889938, 37.447471257252026], [-121.89189776238496, 37.44748030682414], [-121.89189853763108, 37.44748254621684], [-121.89190094242107, 37.447489349976486], [-121.89190392213288, 37.44749839098822], [-121.89190648951796, 37.447507429146086], [-121.89190918715875, 37.44751646730293], [-121.8919093380757, 37.44751675828117], [-121.89191435606489, 37.447525528993644], [-121.89191859162146, 37.44753458212507], [-121.89192029572554, 37.44754025619994], [-121.89192124165156, 37.44754362027864], [-121.89192558859922, 37.447552674121006], [-121.8919313180541, 37.44755945576568], [-121.89193281824062, 37.44756175506331], [-121.89193223792894, 37.44757076325992], [-121.89193102161006, 37.44757953681876], [-121.89193099016903, 37.447579765036814], [-121.89193101442353, 37.44758002891395], [-121.89193192890849, 37.44758878678174], [-121.89193361953787, 37.44759781565737], [-121.89193531196385, 37.44760684524504], [-121.89193640880683, 37.44761586912623], [-121.89194167293438, 37.447623893126526], [-121.89194266287781, 37.44762494078943], [-121.89194409658901, 37.44763396823434], [-121.89194149686458, 37.44764295716641], [-121.891943566583, 37.447651988888175], [-121.89194990689228, 37.447661061973385], [-121.89195233593678, 37.44766742425798], [-121.89195316059023, 37.44767010581712], [-121.89195225688503, 37.44767276384111], [-121.89195014584413, 37.44767909117886], [-121.8919506911215, 37.44768810934587], [-121.89195195954271, 37.4476928662592], [-121.89195424755171, 37.44769715603905], [-121.8919582666143, 37.44770620701019], [-121.89196296300662, 37.44771337732411], [-121.89196407422263, 37.44771527509654], [-121.89196380652466, 37.44772428470104], [-121.8919649078592, 37.44773330928124], [-121.89196930780746, 37.447742363813866], [-121.89197108916667, 37.44775139409737], [-121.89197358468654, 37.44775969479683], [-121.89197393952107, 37.447760433651034], [-121.89198095177017, 37.4477695131417], [-121.89198469954154, 37.44777256198463], [-121.8919894228833, 37.44777860618169], [-121.89199185102952, 37.44778764216619], [-121.89199178275757, 37.447796653901506], [-121.89199446782195, 37.44780569273657], [-121.89199547842662, 37.4478082159649], [-121.89199808893086, 37.44781474012863], [-121.89200032573589, 37.44782377396926], [-121.89200213224794, 37.447832804242935], [-121.8920022355542, 37.44784181882551], [-121.89200319675156, 37.44785084125194], [-121.89200603722448, 37.447858848823905], [-121.89200652500969, 37.447859885785896], [-121.89201358846276, 37.44786896526451], [-121.89201707392607, 37.447877036307396], [-121.89201762908493, 37.447878016214844], [-121.89202107142908, 37.44788706217183], [-121.89202570314269, 37.447896118825405], [-121.89202801810117, 37.447901536128654], [-121.89202947337193, 37.44790516691978], [-121.89202953176243, 37.44791418078047], [-121.89203219077567, 37.44792321888816], [-121.89203663114813, 37.44793227411099], [-121.89203646675644, 37.44794128582888], [-121.89203651616377, 37.447950299685246], [-121.89203849605065, 37.447957613324526], [-121.89203920212644, 37.447959337788525], [-121.89203839364271, 37.447964498343204], [-121.8920379696379, 37.44796834023184], [-121.89203702820348, 37.44797734481366], [-121.89203815019926, 37.44798107330641], [-121.89204022620588, 37.447986387905935], [-121.89204469262947, 37.44799544312114], [-121.89204701657111, 37.448004477653086], [-121.89204899196642, 37.44801242387533], [-121.89204938273357, 37.44801351432349], [-121.8920545201987, 37.4480225752408], [-121.89205885277329, 37.44803162902531], [-121.89205996488764, 37.448034938880404], [-121.89206235081303, 37.448031661831486], [-121.89207140583109, 37.44802578097244], [-121.89208271921378, 37.44802520329888], [-121.89208453291232, 37.448022856232676], [-121.8920880273588, 37.448013875904394], [-121.89209431017589, 37.44800585622502], [-121.89209703566446, 37.4480049469238], [-121.89210566038949, 37.44800273108159], [-121.89210969382512, 37.44799605217471], [-121.89211284242019, 37.44798706899052], [-121.89211593082814, 37.447978083665696], [-121.89211738250566, 37.44797443790141], [-121.89212163423188, 37.44796912401422], [-121.89212887465308, 37.44796175974046], [-121.89213127854477, 37.44796020216009], [-121.89214028864708, 37.447954393326384], [-121.89214433016754, 37.44795131097151], [-121.89214898972891, 37.447942341332364], [-121.89215082768199, 37.447933345304506], [-121.89215192182999, 37.447932134328106], [-121.89215673590162, 37.44793340021918], [-121.89216317861883, 37.447935436342625], [-121.89216902305807, 37.447942528898146], [-121.89217305020549, 37.447951579839625], [-121.89217422789683, 37.4479527736994], [-121.89218548738059, 37.44795583822479], [-121.8921968429841, 37.447952484149205], [-121.89220805575548, 37.44795871304471], [-121.8922099485058, 37.447960938872754], [-121.89221835224528, 37.44797003117633], [-121.89221917959364, 37.44797099182674], [-121.89222692396972, 37.447979124905096], [-121.89223033577116, 37.44798109612811], [-121.89224154045769, 37.44798785705172], [-121.8922422285672, 37.44798828210553], [-121.89225031250643, 37.44799737083988], [-121.89225266519416, 37.448000185751305], [-121.89225788260934, 37.44800645529403], [-121.89226379262558, 37.4480121706974], [-121.89226689091501, 37.44801555329741], [-121.89227397323272, 37.44802463204396], [-121.89227489939576, 37.44802557914332], [-121.89228609959073, 37.44803272517859], [-121.89228755665815, 37.44803377283578], [-121.8922972719379, 37.44804175114793], [-121.89229841369665, 37.44804288795212], [-121.89230796278812, 37.44805199094335], [-121.89230841823397, 37.448052532244674], [-121.89231459504987, 37.448061066119564], [-121.89231949266478, 37.448068132988844], [-121.89232046823521, 37.44807013487609], [-121.89232692442712, 37.448079207910595], [-121.89233056080741, 37.44808423081391], [-121.89233387738743, 37.44808828664936], [-121.89233872200177, 37.448097346131284], [-121.89234158852584, 37.448103002334086], [-121.89235291089167, 37.44810186695715], [-121.89235465362333, 37.448106508309586], [-121.89236402574669, 37.448114749776], [-121.89236427547834, 37.44811561200621], [-121.89236613768593, 37.44812464295778], [-121.89236841042359, 37.44813367676095], [-121.89237177461433, 37.448142721973895], [-121.89237485673407, 37.44814695396072], [-121.89237679889173, 37.44815178216237], [-121.89238082603914, 37.448160833078525], [-121.89238421807765, 37.44816987900132], [-121.8923857559934, 37.448174461155894], [-121.89238783379668, 37.448178926349385], [-121.89238805657885, 37.44818794089028], [-121.89238757867513, 37.448196949724675], [-121.89238848417692, 37.44820597210833], [-121.89238939866188, 37.44821499377772], [-121.8923926020542, 37.44822403684127], [-121.89239484424915, 37.44823307134561], [-121.89239611267033, 37.448238801708364], [-121.89239939870764, 37.44824212724415], [-121.8923994208264, 37.448242375421]], [[-121.89247319719264, 37.4482502479071], [-121.8924710249785, 37.44824279905514], [-121.89247119655671, 37.448233786660374], [-121.89247348007416, 37.448224794946576], [-121.89247390857057, 37.44821578611554], [-121.89247491288704, 37.44820678227568], [-121.89247420591293, 37.44819776203162], [-121.89247590642374, 37.448194161208164], [-121.89247712723422, 37.44819778913234], [-121.89247637803928, 37.44820679511284], [-121.89247699877514, 37.44821581535575], [-121.89247764017225, 37.44822483417126], [-121.89248128553568, 37.448233880799506], [-121.89248167001462, 37.44824289818646], [-121.89247818951964, 37.44825078062546]], [[-121.89269603392341, 37.44827402623592], [-121.89270046548185, 37.44827198930776], [-121.89270087421532, 37.44827119411782], [-121.89270628386994, 37.44826302969151], [-121.89271232593855, 37.44826118399471], [-121.89272362045661, 37.448261872208526], [-121.89272757573882, 37.44826322866729], [-121.89272354948972, 37.44826669469744], [-121.89271448818343, 37.448272119818796], [-121.89271211663109, 37.44827541611292], [-121.89271204500663, 37.44827573473674]], [[-121.89380066061433, 37.4482152389823], [-121.8937983307266, 37.44821290132102], [-121.89379494856955, 37.44821013206084], [-121.89378823276448, 37.44820105618953], [-121.89378954610144, 37.44819205520052], [-121.89379162839626, 37.44818306134226], [-121.89379536448953, 37.448174083172745], [-121.8937990116496, 37.44816661622185], [-121.89380408174105, 37.44817416518798], [-121.893810173217, 37.448176416683886], [-121.89382143180246, 37.448179571773416], [-121.89383262840416, 37.4481744319157], [-121.89383281435542, 37.44817426431938], [-121.89384204993485, 37.44816550723334], [-121.89384428853654, 37.448162775769696], [-121.89385209399805, 37.448156586829], [-121.89385575193788, 37.44815207527773], [-121.8938630579361, 37.4481476771212], [-121.89386718838976, 37.448143122778845], [-121.89387855207809, 37.44813921029475], [-121.89388986096924, 37.4481389421405], [-121.89389077275924, 37.44813892288474], [-121.89390116896202, 37.44813871107145], [-121.89391247785314, 37.44813846003347], [-121.89392384154146, 37.44813446767333], [-121.89392513691212, 37.44813023069359], [-121.8939239843736, 37.44812476134507], [-121.8939231785848, 37.44812119974269], [-121.89392036506133, 37.448112160232604], [-121.89392148975207, 37.44810315709341], [-121.89392433920814, 37.44810073728561], [-121.89393571008303, 37.448096220738755], [-121.89394234414138, 37.448094338665825], [-121.8939357801516, 37.44809149380454], [-121.89392448024364, 37.44809114791388], [-121.8939131695559, 37.44809149594406], [-121.89390687506071, 37.44808499391287], [-121.89390565874183, 37.44807596866195], [-121.89390222448249, 37.448067044681046], [-121.89390218675322, 37.44806692272776], [-121.8939022271774, 37.44806688065037], [-121.89391362410343, 37.44806062394989], [-121.89392493119792, 37.44806053266327], [-121.89393617181705, 37.44806487020489], [-121.89393996270755, 37.44806727717669], [-121.89394732799457, 37.44807495381146], [-121.89394933213596, 37.4480763780254], [-121.89395067511734, 37.448085403989474], [-121.89395842757823, 37.44808891567114], [-121.89396976072386, 37.448086995086534], [-121.89398099685144, 37.4480917327187], [-121.89398562946334, 37.448094743750126], [-121.8939921566222, 37.44810154674092], [-121.89399588912221, 37.44810385386681], [-121.89399890296998, 37.44811289480428], [-121.89399842686286, 37.44812190364771], [-121.89399815377504, 37.448130915342766], [-121.89399842686286, 37.44813993131578], [-121.89400008066133, 37.44814895869853], [-121.89400269655543, 37.44815352231182], [-121.89400426142066, 37.4481489979232], [-121.89400816460056, 37.448140021889145], [-121.89401429919563, 37.44813337508743], [-121.89401530980032, 37.44813107509422], [-121.89401948696639, 37.448122101197534], [-121.89402586141166, 37.448115848067594], [-121.89403716940447, 37.448115652657236], [-121.89404839924383, 37.44812085171265], [-121.89405972071137, 37.4481197077779], [-121.89406836789429, 37.44811354522115], [-121.894066523653, 37.44810451498142], [-121.89406842089488, 37.448095518973], [-121.89407141408142, 37.448093355908576], [-121.89408276609166, 37.448090187265024], [-121.89409074492801, 37.44809572793376], [-121.89408978193404, 37.448104731787005], [-121.89408578712593, 37.44811370782533], [-121.89408554997073, 37.4481227188082], [-121.89408513944063, 37.44813172907679], [-121.89408469387624, 37.44814073791798], [-121.894083396709, 37.448149738913074], [-121.89408180848757, 37.44815517973281], [-121.89408091466386, 37.44815872920952], [-121.89407507651282, 37.44816768812513], [-121.89407019866084, 37.44817585969362], [-121.89406954917887, 37.448176649179175], [-121.89406711564277, 37.44818564018554], [-121.89406476970318, 37.448194271133225]], [[-121.89426662222493, 37.448178245882914], [-121.89427056339338, 37.44816951670803], [-121.89427383685428, 37.44816594369699], [-121.89428519605104, 37.448162339306045], [-121.8942964726028, 37.44816420283469], [-121.8943077626293, 37.44816521126535], [-121.89431248417445, 37.448160895837994], [-121.89430793600415, 37.44815347096311], [-121.89430724250475, 37.448151834224255], [-121.89430333483327, 37.448142784020206], [-121.89429691457391, 37.44813419666643], [-121.89429662172316, 37.44813370814071], [-121.89429693164193, 37.4481330527318], [-121.89430421158899, 37.44812476491091], [-121.89430839055169, 37.44812258473105], [-121.89431494735494, 37.448124866181956], [-121.8943156920583, 37.44813388572162], [-121.89431767014858, 37.448142918097275], [-121.89431936706612, 37.44814490928491], [-121.89432348045182, 37.448151986130725], [-121.89432932399276, 37.44816105416308], [-121.89432744561549, 37.44817004873717], [-121.89433027620696, 37.448171865909146], [-121.89433175169256, 37.44817307519614]], [[-121.89447560087066, 37.44816165487971], [-121.89447739958925, 37.44816113903102], [-121.89448874261633, 37.4481585701713], [-121.8945000649822, 37.44815740626815], [-121.89451137656825, 37.448156998331534], [-121.8945227115105, 37.448154964353684], [-121.89452381464167, 37.448153859644094], [-121.89452906978607, 37.44814489573458], [-121.89453422701412, 37.448140703685546], [-121.89453970224578, 37.44813598174633], [-121.89454186808392, 37.448126989307674], [-121.89454577845035, 37.448123882711855], [-121.89455693013628, 37.44812712980338], [-121.89455703613751, 37.44812714834594], [-121.89456825879036, 37.44813275890325], [-121.89457791208639, 37.44812732592687], [-121.89457967817424, 37.44812504019697], [-121.89458607417906, 37.44811838911489], [-121.89459111642276, 37.448115925090654], [-121.89460244867006, 37.448114120754425], [-121.89461371444203, 37.4481167388248], [-121.89461927950522, 37.44811870005978], [-121.89462493978985, 37.448122163243866], [-121.89463624957928, 37.44812189223692], [-121.8946475719451, 37.44812071478283], [-121.89465522020144, 37.448119035965796], [-121.89465891676882, 37.44811798617024], [-121.8946702472195, 37.44811633516702], [-121.89468157587355, 37.44811466419481], [-121.89469292788381, 37.448111516947506], [-121.8946967484187, 37.44811041081089], [-121.89470427809741, 37.44810842390144], [-121.8947156148363, 37.44810630291473], [-121.89472693360888, 37.44810537364584], [-121.8947360739669, 37.44810176497295], [-121.89473830178879, 37.44810110029241], [-121.89474969242659, 37.4480952101676], [-121.89476038507341, 37.44809297935136], [-121.89476103275874, 37.44809284527413], [-121.89477242339656, 37.4480870500011], [-121.89478109303737, 37.44808416020939], [-121.89478378349165, 37.44808330796333], [-121.89479509956928, 37.44808256198051], [-121.8948009619748, 37.44807533179517], [-121.89480654410599, 37.44807309527288], [-121.89481787365837, 37.44807139434631], [-121.89482920051576, 37.44806993376023], [-121.89484053366141, 37.44806801888054], [-121.89485184884072, 37.44806734706798], [-121.89486313078235, 37.448068933886404], [-121.89487441182571, 37.448070569913966], [-121.89488567939432, 37.4480730667458], [-121.89489697481069, 37.44807376779855], [-121.89490833041421, 37.44807029391456], [-121.8949196204407, 37.44807132802085], [-121.89493096436611, 37.44806872278605], [-121.89493735138778, 37.4480675938272], [-121.89494236847864, 37.44806195331163], [-121.89494292363749, 37.448058632760024], [-121.89494242956408, 37.44805785682361], [-121.89493119792807, 37.448052853174325], [-121.89492591942748, 37.4480584737216], [-121.89491971656044, 37.448064835259245], [-121.89490839419457, 37.44806607190789], [-121.89490404275537, 37.44805826975301], [-121.89490862685824, 37.44805021584591], [-121.89491153200989, 37.448049325801016], [-121.8949200022247, 37.448045424009635], [-121.89493136860798, 37.44804121198606], [-121.89493202976803, 37.448040505227574], [-121.89494280416156, 37.448032419938755], [-121.89494306646962, 37.448031594792795], [-121.89494283290763, 37.44803042019001], [-121.89493521699065, 37.448022508202186], [-121.8949316928998, 37.448019196207035], [-121.89492967258872, 37.448022456140215], [-121.89492021422708, 37.44803100998754], [-121.89491991598642, 37.44803137798695], [-121.89490877687692, 37.448040020980386], [-121.89489751200325, 37.44803727096956], [-121.89488621299358, 37.448036897264736], [-121.89487493644182, 37.44803490892693], [-121.8948702858636, 37.448030913708614], [-121.89486520050077, 37.44802185279233], [-121.89486386021437, 37.44801936309051], [-121.89485993367826, 37.448012791161666], [-121.89485525615059, 37.44800373380905], [-121.89485285136058, 37.447999170186634], [-121.89485009892255, 37.44799467217628], [-121.89484613106393, 37.4479856219532], [-121.89484238149595, 37.447976573155415], [-121.89485331219632, 37.44796795226318], [-121.89485547893278, 37.44796768268198], [-121.89486463635878, 37.44796660079127], [-121.89487596052128, 37.44796529211006], [-121.89488728378542, 37.44796405617297], [-121.89489860435462, 37.44796295502647], [-121.89490992402551, 37.4479620592751], [-121.89492123561159, 37.447961545787116], [-121.89493250587515, 37.447963937072295], [-121.8949438480039, 37.447961431678635], [-121.89494485411704, 37.447959504672156], [-121.89494689059778, 37.44795051078588], [-121.89494401598887, 37.44795005791795], [-121.8949376163908, 37.447941411348225], [-121.89493652224277, 37.447932386793134], [-121.89493301791487, 37.4479291240033], [-121.89492777444853, 37.44792329234546], [-121.89492199917957, 37.44791422499753], [-121.8949292665502, 37.44790527888879], [-121.89493337813927, 37.447904667694935], [-121.89494471936975, 37.44790217513652], [-121.89494842761523, 37.44790545932293], [-121.89495120879934, 37.44791449814479], [-121.89494941576204, 37.44792349417491], [-121.89495560874761, 37.44793044766187], [-121.8949573999883, 37.44793258220392], [-121.89495846718685, 37.4479416060458], [-121.894956136957, 37.447950597080435], [-121.89496444367843, 37.44795968795887], [-121.8949664406333, 37.44796264265455], [-121.89496976619648, 37.44795973788131], [-121.89497782498292, 37.44795727171229], [-121.89498916172178, 37.44795505872135], [-121.8950005056472, 37.44795244421121], [-121.89500620815264, 37.44795106492515], [-121.89501184687765, 37.44794999587141], [-121.89502317193845, 37.44794861515896], [-121.89503449969418, 37.44794711177982], [-121.89504582565328, 37.44794563478828], [-121.8950571462225, 37.44794462920733], [-121.89506846409675, 37.44794375913018], [-121.89507978197102, 37.44794289119258], [-121.89508158668643, 37.44794275711508], [-121.89509109804867, 37.447942153766554], [-121.89510241322797, 37.44794146483655], [-121.89511372840731, 37.447940763069425], [-121.89512503550176, 37.44794063826324], [-121.89513635876595, 37.44793939733349], [-121.8951414108911, 37.44793430310267], [-121.89514785989653, 37.44792604093418], [-121.89514807549219, 37.44792535200405], [-121.89514913819914, 37.44791634884236], [-121.89514872677077, 37.44790733070286], [-121.8951481581372, 37.44790583516791], [-121.895146077639, 37.447898293306444], [-121.89514712597293, 37.44788929014155], [-121.89514846176776, 37.447885157271934], [-121.89515357408006, 37.44788033689802], [-121.89515993415226, 37.44787381701903], [-121.89516290308426, 37.44787141075425], [-121.89517140204518, 37.44786273992735], [-121.89517151163963, 37.44786247819073], [-121.89517543368416, 37.44785350069594], [-121.89518292024373, 37.4478445581458], [-121.89518297504098, 37.44784450964968], [-121.8951942785422, 37.44784457098304], [-121.89519447976483, 37.44784466583585], [-121.89520548861861, 37.44785106091104], [-121.89521060182923, 37.44785383018456], [-121.89521671216978, 37.44785663226423], [-121.8952232015994, 37.44785394785908], [-121.89522808304464, 37.447852124973906], [-121.89523942247848, 37.44784978004181], [-121.89525072777636, 37.44784977077044], [-121.89526202409104, 37.44785038980973], [-121.8952733186091, 37.44785105805834], [-121.89528461402548, 37.44785175198138], [-121.89529590854356, 37.44785246016801], [-121.89530720575657, 37.44785297579628], [-121.89531852452917, 37.44785204224519], [-121.89532382548764, 37.44784587467415], [-121.89533003913446, 37.447837864961215], [-121.89533067424337, 37.447836925704514], [-121.89534143336552, 37.44783173304797], [-121.89535137052918, 37.44782810581916], [-121.89535283657975, 37.44782508907155], [-121.89536412750455, 37.44782604615798], [-121.89537542561587, 37.44782652398795], [-121.89538674798172, 37.447825350095115], [-121.89539804249979, 37.44782605614245], [-121.89540940798476, 37.44782195322289], [-121.89541391752749, 37.44781967675505], [-121.89542079592762, 37.44781629771206], [-121.89543183352751, 37.447810831906445], [-121.89543218387048, 37.447810660030235], [-121.89544357810155, 37.44780465933975], [-121.89544674017135, 37.44780195781643], [-121.89544440544992, 37.44779292183368], [-121.89545515738556, 37.44778590272142], [-121.89546641956427, 37.44778886883486], [-121.89547769701434, 37.44779076375273], [-121.89548636485853, 37.44779331479554], [-121.89548894841327, 37.447794395975514], [-121.89550020340548, 37.44779777287998], [-121.89551143863474, 37.44780254832892], [-121.89551145749935, 37.44780256187936], [-121.89552268284714, 37.44780671971473], [-121.89553397916184, 37.44780734232027], [-121.89554525751024, 37.44780912526846], [-121.89554890556862, 37.44781192592342], [-121.8955532426348, 37.44782097973342], [-121.89555484702588, 37.44783000786778], [-121.89555620438031, 37.447833463933485], [-121.89555898736104, 37.44783906024924], [-121.8955597958448, 37.44784808124969], [-121.89555980662458, 37.44785709369091], [-121.89556712340257, 37.44785967896407], [-121.8955699818418, 37.44785718925686], [-121.89557550917576, 37.447848228164546], [-121.89557864699104, 37.447844857680984], [-121.89558292566673, 37.44783928418741], [-121.89559012835869, 37.447832886258475], [-121.89559516700912, 37.44783038513953], [-121.89560152797965, 37.44782649118173], [-121.89560663939362, 37.44783049211637], [-121.89561260241045, 37.44783956090088], [-121.89561263924139, 37.447839632218745], [-121.8956182061012, 37.44784862683156], [-121.8956236840278, 37.447857324047646], [-121.8956239481325, 37.44785769418744], [-121.89562961201037, 37.4478667601159], [-121.89563472791592, 37.44787510288011], [-121.89563531990568, 37.44787582604329], [-121.89564144372098, 37.44788489696178], [-121.89564578348211, 37.44789204015783], [-121.89564756663795, 37.4478939678792], [-121.89565286490148, 37.44790303023737], [-121.89564779660665, 37.44791199631539], [-121.89564548164817, 37.44791258825336], [-121.89564341013313, 37.44791195495103], [-121.89563420779136, 37.44791050078049], [-121.89562293662948, 37.44790813873394], [-121.89561165289122, 37.44790673305943], [-121.89560288802898, 37.44791157696658], [-121.89560017601512, 37.44791839994299], [-121.89559972506088, 37.44792056015983], [-121.89560013738759, 37.44792100874893], [-121.89560633935632, 37.44792963535202], [-121.89561128278531, 37.44793190397155], [-121.8956225719135, 37.4479329837232], [-121.89563390056753, 37.44793135696393], [-121.8956452238317, 37.44793011817358], [-121.89564814784795, 37.447930026173594], [-121.89565655338406, 37.447928454329016], [-121.89566788922463, 37.447926388251915], [-121.8956792079972, 37.44792544471724], [-121.89569051419338, 37.447925384810276], [-121.8957018715935, 37.44792181392708], [-121.89571306909353, 37.447929149677655], [-121.89571422971689, 37.44793064378581], [-121.89572426479691, 37.44793661593914], [-121.89573553416213, 37.447939030046804], [-121.89574691491849, 37.44793387804851], [-121.89574989463027, 37.44793097684001], [-121.89575419396724, 37.44792200434569], [-121.89575354538358, 37.44791298406731], [-121.89574728143111, 37.447908940346366], [-121.89573596535348, 37.44790967135414], [-121.89572464208933, 37.44791091299755], [-121.89571331343528, 37.4479124819898], [-121.89571240523854, 37.44791259966425], [-121.8957018949497, 37.44792022211338], [-121.89569836996051, 37.44791246915258], [-121.89569344000626, 37.447903409648305], [-121.89569645565066, 37.447894424313425], [-121.89569908861277, 37.44788543612475], [-121.8957012778071, 37.44787644294278], [-121.89570262438171, 37.44787061769951], [-121.89570336818677, 37.44786744904658], [-121.89570551156704, 37.44785845586243], [-121.8957076306928, 37.44784946196402], [-121.89571427912422, 37.44784684103158], [-121.89572560418499, 37.447845473154416], [-121.89573691487274, 37.447845117278106], [-121.89574821298407, 37.44784558013126], [-121.89575946977291, 37.44784882509527], [-121.89576007793234, 37.44784995191791], [-121.8957682220587, 37.447859042095395], [-121.89577057654307, 37.447862339120924], [-121.8957759152308, 37.44786812727954], [-121.89577790050758, 37.44787715897414], [-121.89578157192216, 37.44788344493028], [-121.89578714686681, 37.447886259132815], [-121.8957922888235, 37.447895320065584], [-121.89579269486201, 37.4478958100192], [-121.89580395344746, 37.447898928035265], [-121.89580779823687, 37.447904477989475], [-121.895808471075, 37.44791349826888], [-121.89581339923267, 37.447922557058796], [-121.89581488504616, 37.447924362112786], [-121.89582619303896, 37.44792416170968], [-121.89583749564186, 37.44792431932206], [-121.89584846676642, 37.44793189826614], [-121.89584868685367, 37.447932078700184], [-121.89585995711724, 37.44793450207932], [-121.89587124355046, 37.44793571305572], [-121.89588255962808, 37.447934939970686], [-121.89589354602398, 37.447932319041215], [-121.89589390624845, 37.447932172126556], [-121.89590455397949, 37.44792340930672], [-121.89590538042957, 37.447920605803205], [-121.8959081337659, 37.447914428966506], [-121.8959055529061, 37.44790893392778], [-121.89590148802944, 37.447905353059305], [-121.89589434462627, 37.4479022920978], [-121.89588307705769, 37.44789976388036], [-121.8958717996076, 37.44789791032962], [-121.89586051856428, 37.44789627786424], [-121.8958492123681, 37.44789632493403], [-121.8958435700498, 37.44789579932149], [-121.89583796815569, 37.44789222915008], [-121.89582671585843, 37.44788861832739], [-121.89581540247576, 37.44788912825], [-121.8958085698897, 37.44788645882282], [-121.89580415287345, 37.44788539190774], [-121.89579286374527, 37.447884320000355], [-121.89578604822721, 37.447877235284246], [-121.89578506457197, 37.44786821214781], [-121.89578713788364, 37.44785921896376], [-121.89579303712011, 37.44785026001122], [-121.89579337668332, 37.447849375669335], [-121.89579497568452, 37.447850277840644], [-121.89580459035298, 37.4478555917363], [-121.89581063870982, 37.44785943790963], [-121.89581578336144, 37.44786323772612], [-121.89582405235363, 37.44786857729528], [-121.89582697367494, 37.44787109267654], [-121.89583818105642, 37.44787772024576], [-121.89583819183619, 37.44787772167207], [-121.89584946569302, 37.44787908669591], [-121.89585839854018, 37.44787791066442], [-121.89586079524538, 37.44787748988902], [-121.89587217510339, 37.44787234216557], [-121.8958803964849, 37.447869102908], [-121.8958835477749, 37.447867755000225], [-121.89589492314136, 37.44786299881122], [-121.89589932488622, 37.44786026733656], [-121.89590632096565, 37.44785664510145], [-121.8959152915421, 37.447851403236896], [-121.89591772148495, 37.44785011594909], [-121.8959291049362, 37.44784487622364], [-121.8959329128947, 37.44784255411301], [-121.8959404901841, 37.44783940899372], [-121.89594347348917, 37.44784265324487], [-121.89594227244164, 37.447851654989044], [-121.89594022697773, 37.44785729195458], [-121.89593741345428, 37.44786062321274], [-121.89593279880867, 37.447869592861764], [-121.89592976879122, 37.447878578199564], [-121.8959289100018, 37.4478875827922], [-121.8959329883532, 37.44789663374024], [-121.8959395370716, 37.44790425333832], [-121.89595082889474, 37.44790516977251], [-121.89596214317572, 37.44790454788097], [-121.8959662017642, 37.44790595783457], [-121.89597339187972, 37.44790834769517], [-121.89597526037552, 37.44790604270282], [-121.89597499267755, 37.44789702670159], [-121.89597358591583, 37.44789516102676], [-121.89596649910655, 37.44788793367603], [-121.89596462072929, 37.44787890269586], [-121.89596772440858, 37.44786991878442], [-121.89597400992065, 37.447866323650516], [-121.8959823947955, 37.4478700557147], [-121.89598521820044, 37.44787288774726], [-121.89598842069441, 37.44787912592078], [-121.895990929689, 37.44788816189312], [-121.89599620908794, 37.447894263135076], [-121.89599954902417, 37.44789725634504], [-121.89600737514692, 37.44790373913673], [-121.8960187585982, 37.44789838815919], [-121.89603002167523, 37.44790121020615], [-121.89604127217586, 37.44790496295079], [-121.89605260891473, 37.447902784904066], [-121.8960639510435, 37.447900303043205], [-121.89607527610431, 37.44789896226781], [-121.89608259647557, 37.447898032283184], [-121.89608665686065, 37.44789381169313], [-121.89609801785404, 37.447889994048715], [-121.89610929799906, 37.44789166716543], [-121.89612058982219, 37.447892572188934], [-121.89613187715373, 37.447893783165966], [-121.89614311507793, 37.44789834465531], [-121.89614353692353, 37.44789846530059]], [[-121.89616577597928, 37.44789493067015], [-121.89617710912493, 37.447893005088275], [-121.8961788157727, 37.447892863682036]], [[-121.89618907969714, 37.44789123396358], [-121.89619002779702, 37.44789002186269], [-121.89619629354614, 37.44788106790607], [-121.89619993441796, 37.44787831004446], [-121.89621126846191, 37.44787631884972], [-121.89622258992944, 37.4478753011438], [-121.8962338889391, 37.44787566700446], [-121.89624520771166, 37.44787472988771], [-121.89625652558591, 37.447873884771], [-121.8962678380703, 37.447873357018814], [-121.89627101181819, 37.447872752243285], [-121.89627920175866, 37.44786938675309], [-121.89629054388742, 37.44786683927876], [-121.89630187164315, 37.44786529382045], [-121.8963131877208, 37.44786458420758], [-121.89631736398856, 37.44786417199031], [-121.89632452895125, 37.44786208879514], [-121.89633588904633, 37.44785839167632], [-121.8963472177004, 37.44785672783015], [-121.89635850862518, 37.447857701319236], [-121.89636982560114, 37.447856924667505], [-121.89637367667876, 37.447855683736364], [-121.89638120635746, 37.44785176196588], [-121.89639257094413, 37.44784774177651], [-121.8963949020723, 37.44784686884555], [-121.89639371360117, 37.44783784499224], [-121.8963927631836, 37.447834622136234], [-121.89639003679673, 37.44782879688973], [-121.89639286738819, 37.44782749105881], [-121.89640422299168, 37.447824117008444], [-121.89641547708558, 37.44782758805117], [-121.89642454288341, 37.447829119246705], [-121.89642675363733, 37.447829515061066], [-121.89643804276551, 37.44783060765139], [-121.89644934806336, 37.44783058482969], [-121.89645219302787, 37.44782937813068], [-121.89645586983232, 37.44782039920553], [-121.89645071799417, 37.44781133683739], [-121.89644973074567, 37.44780452882791], [-121.89644833566204, 37.44780230228208], [-121.89644977296649, 37.447801654002035], [-121.89646108185758, 37.447801395831114], [-121.89646206820778, 37.44780242994117], [-121.89647227666266, 37.44780885925262], [-121.89647667122105, 37.44781158003148], [-121.89648346607784, 37.4478167598522], [-121.8964870494575, 37.447820690182645], [-121.89649463123851, 37.44782629933655], [-121.89649861706344, 37.447829811030374], [-121.89650583592505, 37.44783313301845], [-121.89651609738054, 37.44783898821817], [-121.89651652951662, 37.44783924106222]]]}, "properties": {"elev": 9.0, "Shape_Leng": 85297.6809074, "GlobalID": "{2A937F4F-BAD3-48FC-8E8D-51714ED34685}"}}, {"type": "Feature", "geometry": {"type": "MultiLineString", "coordinates": [[[-121.89170342577611, 37.4467154319925], [-121.89170420778058, 37.4467213741962], [-121.8917048078552, 37.446730393191885], [-121.89170496236544, 37.44673940790727], [-121.8917045733949, 37.44674841834251], [-121.89170267705136, 37.44675741308646], [-121.89170044383954, 37.44676640568982], [-121.89169977100141, 37.446775413268995], [-121.89169947276072, 37.44678442298669], [-121.89169472785942, 37.44679339205153], [-121.89169389242618, 37.44679455027037], [-121.8916863879003, 37.44680232688218], [-121.89168242453326, 37.44680560612456], [-121.89167686575827, 37.446811251013976], [-121.89167097370833, 37.446815490921225], [-121.89166600871977, 37.4468201623073], [-121.89165953815476, 37.44682440292717], [-121.89165180905006, 37.44682904293247], [-121.89164827554293, 37.44683098834378]], [[-121.89167256337493, 37.44721388443033], [-121.89167639953266, 37.44721393913987], [-121.89168769944061, 37.447214290740035], [-121.8916989894671, 37.44721529918355], [-121.89170962641838, 37.447217157030295], [-121.89171026601888, 37.447217303946346], [-121.89172151023128, 37.447221396914465], [-121.89173062274152, 37.44722636709971], [-121.89173272300265, 37.447227640847785], [-121.89174393307908, 37.44723407734045], [-121.89174656963442, 37.4472355300978], [-121.89175513956225, 37.44724075132306], [-121.89176122564831, 37.447244680970606], [-121.89176633346901, 37.44724824903336], [-121.89177369067119, 37.44725381115998], [-121.89177749503641, 37.44725802180152], [-121.89178100116098, 37.4472628928517], [-121.89178551878852, 37.44727194815448], [-121.89178850478854, 37.44727799381831], [-121.8917900130599, 37.44728100416935], [-121.89179336647086, 37.44729004877213], [-121.89179602817903, 37.44729908695521], [-121.89179850393596, 37.447308122997676], [-121.89179931870794, 37.44731129809297], [-121.89180080811467, 37.44731715832579], [-121.89180284279877, 37.44732619080015], [-121.89180515057075, 37.44733522612607], [-121.89180878964596, 37.44734427286192], [-121.89181008591493, 37.44734775605106], [-121.89181204244562, 37.447353316743914], [-121.89181550545102, 37.44736236276434], [-121.89181915081446, 37.44737141021008], [-121.89182094115682, 37.44737828315865], [-121.89182140019591, 37.4473804448174], [-121.89182312316466, 37.4473894737182], [-121.89182602023142, 37.44739851474194], [-121.89182920565743, 37.447407557904185], [-121.89183108762795, 37.447416588941245], [-121.89183164368512, 37.4474190672522], [-121.89183331095826, 37.44742562282994], [-121.89183564478138, 37.447434658143926], [-121.8918379956725, 37.44744369274362], [-121.89184105174108, 37.44745273518721], [-121.8918423875359, 37.447457112702324], [-121.89184388053592, 37.44746177477696], [-121.89184707853832, 37.447470817931624], [-121.89184984445109, 37.44747985823239], [-121.89185208035782, 37.44748889211343], [-121.89185315923449, 37.447493310277785], [-121.89185419319537, 37.44749792528021], [-121.89185660157864, 37.44750696129861], [-121.89185915818395, 37.44751599802908], [-121.8918613770227, 37.44752503190582], [-121.89186386984761, 37.447533523049955], [-121.8918640459174, 37.447534070773656], [-121.89186695106905, 37.44754311106679], [-121.89186861205401, 37.447552139947966], [-121.89187034041261, 37.44756117025437], [-121.8918730551214, 37.44757020769151], [-121.89187453823992, 37.44757673472871], [-121.89187506375437, 37.44757924084845], [-121.89187724396557, 37.447588274004296], [-121.89187905407087, 37.44759730501952], [-121.89188071864908, 37.44760633318095], [-121.89188198168038, 37.44761535920174], [-121.89188460296437, 37.44762439591914], [-121.89188512578386, 37.4476253786826], [-121.89188929666174, 37.447633454030886], [-121.89189111664848, 37.44764248432746], [-121.89189056867616, 37.44765149180122], [-121.89189127475197, 37.44766051211108], [-121.89189268780193, 37.44766953883854], [-121.89189473416413, 37.44767857127031], [-121.89189562619123, 37.44767990919694], [-121.89189930299568, 37.44768762723594], [-121.89190108704985, 37.447696656812845], [-121.89190094691267, 37.44770566927226], [-121.89190190002518, 37.44771469171518], [-121.89190355741685, 37.447723721288774], [-121.89190499202637, 37.44773274729539], [-121.89190611851376, 37.447734981688285], [-121.8919093964662, 37.44774180182817], [-121.89191499207212, 37.44775086777063], [-121.89191633954505, 37.447759893773984], [-121.89191546638259, 37.44776889909402], [-121.89191559843493, 37.44777791297112], [-121.89191668898971, 37.44778481583584], [-121.89191708784168, 37.44778694111075], [-121.8919196165992, 37.44779597780741], [-121.89192236274903, 37.44780501735576], [-121.89192401475083, 37.44781404477892], [-121.89192492384589, 37.44782306720879], [-121.89192672406973, 37.44783209676928], [-121.89192727294036, 37.447833659344575], [-121.89193023288922, 37.447841144158204], [-121.89193442891991, 37.44785019582508], [-121.89193489424724, 37.447859213971455], [-121.8919340686955, 37.447868219992735], [-121.89193579885072, 37.44787724883468], [-121.89193781467023, 37.447885419721686], [-121.89193803385916, 37.447886282667724], [-121.89193924658478, 37.447895307941565], [-121.89194097045181, 37.44790433678015], [-121.8919434084795, 37.44791337417585], [-121.89194481344461, 37.44792240015959], [-121.89194636753004, 37.447931428281784], [-121.89194832675568, 37.44793919479091], [-121.89194867260706, 37.44794046282145], [-121.89195188408421, 37.44794950591818], [-121.89195488984714, 37.44795854830068], [-121.89195728295907, 37.44796758426343], [-121.89195838788686, 37.44797660667477], [-121.8919590005379, 37.447981947662136], [-121.89195953683212, 37.44798563122452], [-121.8919613406492, 37.447994660765396], [-121.89196395295005, 37.44800369886336], [-121.89196678084657, 37.44801273909975], [-121.89196901854993, 37.44802177291644], [-121.89196967072685, 37.44802499576433], [-121.89197091579182, 37.44803080387935], [-121.89197240070699, 37.448039831988446], [-121.89197424404995, 37.448048862235986], [-121.8919769228261, 37.44805790104059], [-121.89197964651805, 37.44806693984403], [-121.89198032564441, 37.448069105762], [-121.89198280948618, 37.448075982925495], [-121.89198537687128, 37.44808502030043], [-121.89198710702651, 37.44809404911619], [-121.89198916596513, 37.448103082209876], [-121.89199101290136, 37.44811096780169], [-121.8919913443797, 37.44811211601567], [-121.89199481187669, 37.44812116194434], [-121.89199743855059, 37.44813019931383], [-121.89199783380931, 37.44813921671328], [-121.89199874649763, 37.44814823767758], [-121.8920001667341, 37.448157265059336], [-121.89200147468115, 37.448166291013614], [-121.89200150073229, 37.4481663837265], [-121.89200428191641, 37.44817532980402], [-121.89200663460414, 37.44818436574059], [-121.8920087357636, 37.44819339882338], [-121.89201041251482, 37.448200865331906]]]}, "properties": {"elev": 10.0, "Shape_Leng": 71277.3264746, "GlobalID": "{7A3EC02E-7485-4A09-89A8-DAD9FEA087AE}"}}, {"type": "Feature", "geometry": {"type": "MultiLineString", "coordinates": [[[-121.89166052974515, 37.446717747407455], [-121.89166108235875, 37.44671965326956], [-121.89166143809159, 37.446720972670434], [-121.89166342247005, 37.44673000521678], [-121.89166454895741, 37.44673902920372], [-121.89166459746644, 37.446748043204884], [-121.89166435222639, 37.44675705435228], [-121.89166343414814, 37.44676605765343], [-121.89166195821615, 37.446775058100805], [-121.89166018314515, 37.44678066234079], [-121.89165920577811, 37.44678404499647], [-121.89165312598026, 37.446793001937166], [-121.89164860655607, 37.44679899914283], [-121.89164647395557, 37.4468019531712], [-121.89164643687907, 37.44680200184799]], [[-121.89167377000811, 37.447232906872884], [-121.891676115665, 37.447233225797866], [-121.89168380524386, 37.44723494100717], [-121.89168737874206, 37.447236015776596], [-121.89169861756457, 37.44724051383259], [-121.89170549416808, 37.44724415820627], [-121.89170982764102, 37.44724696886696], [-121.89171910274632, 37.447253299093475], [-121.89172101615787, 37.447254917309216], [-121.89172904979145, 37.44726240574669], [-121.89173216335223, 37.4472655508902], [-121.89173809941964, 37.447271503840554], [-121.8917432934786, 37.44727736835564], [-121.8917459084744, 37.44728058980925], [-121.89175167655684, 37.4472896579472], [-121.89175430053578, 37.44729756074114], [-121.89175469489619, 37.44729869898306], [-121.89175796745877, 37.44730774287058], [-121.89176074774457, 37.44731678319106], [-121.89176292256586, 37.4473258156654], [-121.89176507043771, 37.44733387107688], [-121.89176532106767, 37.44733485170464], [-121.89176803847141, 37.447343891308655], [-121.89177100560681, 37.44735293233798], [-121.8917748135653, 37.44736198121118], [-121.8917759014251, 37.447365975038885], [-121.8917773010003, 37.44737101795919], [-121.89177890269646, 37.44738004614792], [-121.89177946683847, 37.447389065064165], [-121.89178080622655, 37.44739809111114], [-121.89178441655568, 37.44740713783938], [-121.89178652759658, 37.44741200174799], [-121.89178830805749, 37.4474161881324], [-121.89179081974702, 37.44742522416069], [-121.89179305385714, 37.4474342587615], [-121.89179599314475, 37.44744329906669], [-121.89179731007495, 37.447447446937545], [-121.89179883361767, 37.44745233865766], [-121.89180105964293, 37.44746137396837], [-121.8918025319817, 37.447470400719794], [-121.89180386867484, 37.44747942675702], [-121.89180595186798, 37.44748845921177], [-121.89180790300878, 37.447495702291135], [-121.89180839618386, 37.44749749594452], [-121.89181024940832, 37.4475065262575], [-121.89181148549014, 37.44751555086396], [-121.89181251675609, 37.447524574042966], [-121.8918137743975, 37.44753359864723], [-121.89181509492094, 37.44754262467681], [-121.8918161845774, 37.44755164785252], [-121.8918178311893, 37.44756067673266], [-121.89181822644805, 37.44756222576319], [-121.89182005092637, 37.44756971131713], [-121.89182208561047, 37.447578743760936], [-121.89182328755633, 37.44758776764556], [-121.89182447512914, 37.44759679295536], [-121.89182609568991, 37.44760582111681], [-121.8918278465064, 37.447614850703616], [-121.89182868463456, 37.44761963971467], [-121.89182957396672, 37.44762388028924], [-121.89183124303649, 37.44763290916065], [-121.89183367477597, 37.447641945875915], [-121.89183847088125, 37.44765100398553], [-121.89183949496068, 37.4476532048614], [-121.89184179824109, 37.447660047830446], [-121.89184265074229, 37.44766907027886], [-121.89184311696792, 37.447678087020726], [-121.89184393982471, 37.44768710804057], [-121.89184546606239, 37.447696136191134], [-121.89184752859428, 37.447705169332956], [-121.89184969712738, 37.44771420176038], [-121.89184989475675, 37.447714564055936], [-121.89185388237827, 37.447723254869004], [-121.8918566285281, 37.44773229371295], [-121.89185860661837, 37.44774132613714], [-121.89186073472729, 37.44774604881442], [-121.89186312065266, 37.44775038066886], [-121.89186474750166, 37.44775941023813], [-121.89186391656, 37.44776841484503], [-121.89186367940479, 37.4477774258695], [-121.89186447082054, 37.44778644687741], [-121.89186586680249, 37.44779547430281], [-121.89186759246614, 37.4478045031535], [-121.89186917619601, 37.44781353128987], [-121.89187096923331, 37.447818684722826], [-121.8918722259764, 37.4478225729756], [-121.89187522724775, 37.44783161466027], [-121.89187844411478, 37.44784065777015], [-121.8918788672213, 37.447849675204516], [-121.89187953197458, 37.447858694777324], [-121.89188085968459, 37.44786772076766], [-121.8918814947935, 37.447871462816266], [-121.89188236615931, 37.44787674818326], [-121.89188424363826, 37.447885779163656], [-121.89188678317556, 37.447894815848386], [-121.89188949069785, 37.447903854671594], [-121.89189160802698, 37.447912887788256], [-121.89189212815151, 37.44791703206716], [-121.89189278212504, 37.447921912345684], [-121.8918942841082, 37.44793093975475], [-121.89189669159315, 37.44793997500772], [-121.8918988996521, 37.447949008833206], [-121.89190091996318, 37.447958041944396], [-121.89190270850891, 37.44796612224903], [-121.89190295105406, 37.447967074341356], [-121.89190585261241, 37.44797611529531], [-121.89190801036575, 37.447985147690105], [-121.89191013218642, 37.44799418079695], [-121.89191179047646, 37.44800321033685], [-121.89191310650834, 37.44801223630971], [-121.89191331581581, 37.448013445858464], [-121.89191478905288, 37.448021265134244], [-121.89191699711184, 37.44803029894991], [-121.89191952676767, 37.448039336330396], [-121.89192161265576, 37.44804836871751], [-121.89192398690307, 37.44805646327594], [-121.89192427616058, 37.448057406808964], [-121.8919268516305, 37.44806644489935], [-121.89192925372556, 37.448075480135884], [-121.89193118690007, 37.44808451180549], [-121.89193247149092, 37.44809353705541], [-121.89193462924423, 37.44810136773361], [-121.89193502450296, 37.448102573715055], [-121.8919391118375, 37.448111626063486], [-121.89194383248434, 37.4481206841162], [-121.89194389895964, 37.44812969723778], [-121.89194377050056, 37.448138709645086], [-121.89194480446146, 37.4481477327489], [-121.8919452015168, 37.448151006226915], [-121.89194642951381, 37.448156760843894], [-121.89194845790972, 37.44816579321689], [-121.89195054739108, 37.448174826301916], [-121.89195314621719, 37.448183863664916], [-121.89195532283513, 37.44819289817413], [-121.89195556460767, 37.448195012649165]]]}, "properties": {"elev": 11.0, "Shape_Leng": 56114.6686229, "GlobalID": "{F0816B26-B58C-478A-898C-690DF67D9851}"}}, {"type": "Feature", "geometry": {"type": "LineString", "coordinates": [[-121.89167543054785, 37.44725908509504], [-121.8916757320844, 37.44725921923835], [-121.89168053268126, 37.44726195073499], [-121.89168692599114, 37.4472667433346], [-121.8916919188275, 37.44727107093765], [-121.89169806869394, 37.447277741351044], [-121.89170012853089, 37.44728016118544], [-121.89170755041175, 37.44728924430037], [-121.8917091700742, 37.44729155216451], [-121.8917135367848, 37.447298313150455], [-121.89171822778721, 37.44730737130167], [-121.89172017353812, 37.44731193710587], [-121.89172204472888, 37.44731642018039], [-121.89172512415365, 37.447325461926226], [-121.8917272010586, 37.44733449511273], [-121.891728988706, 37.447343524732254], [-121.89173088145633, 37.44735239887662], [-121.8917309164906, 37.447352555777016], [-121.89173318743165, 37.447361591099764], [-121.8917356766633, 37.447370627134696], [-121.8917378038739, 37.447379661028904], [-121.89173943970604, 37.447388689216545], [-121.89174151840758, 37.44739771811635], [-121.89174152020423, 37.447397721682286], [-121.89174418909893, 37.447406759852356], [-121.89174594620364, 37.44741579017629], [-121.89174719396357, 37.447424814793685], [-121.89174816773733, 37.44743383798363], [-121.89175070907126, 37.44744287472297], [-121.89175209157848, 37.447447310719625], [-121.8917535675105, 37.447451915027166], [-121.89175580880715, 37.44746094891159], [-121.89175744553758, 37.44746997780261], [-121.89175887924877, 37.4474790052662], [-121.89176107562965, 37.44748803914734], [-121.89176268990221, 37.44749521590084], [-121.89176318038236, 37.44749707231428], [-121.89176495006349, 37.4475061019141], [-121.89176600288897, 37.4475151250943], [-121.8917669676796, 37.447524146846916], [-121.89176810494676, 37.44753317073813], [-121.89176901943169, 37.44754219320179], [-121.8917716164612, 37.44755123135444], [-121.89177311574939, 37.44755484789889], [-121.89177475966638, 37.44756027307187], [-121.89177527080776, 37.4475692912532], [-121.89177648712666, 37.447578315852084], [-121.89177795317718, 37.44758734330262], [-121.89177806007672, 37.447596357201576], [-121.89177818045097, 37.44760537181265], [-121.8917791353601, 37.44761439426766], [-121.89178118351896, 37.447623426706144], [-121.89178163267661, 37.447632444166665], [-121.89178222286975, 37.4476414630525], [-121.89178306998107, 37.447646409674846], [-121.89178382815918, 37.447650491208584], [-121.89178580714774, 37.44765952292944], [-121.89178877877468, 37.447668563920615], [-121.89179075147507, 37.44767759635254], [-121.8917923118487, 37.44768662379109], [-121.89179371501719, 37.44769114678129], [-121.89179522239023, 37.44769566477899], [-121.89179896836495, 37.44770471289756], [-121.89180421452622, 37.44771377599186], [-121.89180466637882, 37.447715043313], [-121.89180664985896, 37.44772281198417], [-121.89180771346426, 37.447731835138214], [-121.89180944092456, 37.44774086470972], [-121.89181146393057, 37.447749897132894], [-121.89181282847149, 37.447758923136355], [-121.89181355520856, 37.447767942720134], [-121.89181510390408, 37.447773907754566], [-121.89181602198232, 37.44777698013227], [-121.89182018387703, 37.44778603180693], [-121.89182039677776, 37.447795047108336], [-121.8918198065846, 37.44780405527685], [-121.89182057554251, 37.44781307485518], [-121.89182262639629, 37.44782210798281], [-121.89182415263394, 37.44783113611709], [-121.8918242550419, 37.44784014998668], [-121.89182455957078, 37.447849165994754], [-121.89182521444263, 37.44785483291402], [-121.89182567078679, 37.44785818984671], [-121.89182795879583, 37.44786722510844], [-121.89183068158944, 37.4478762632218], [-121.891832877072, 37.447885297054974], [-121.89183524503109, 37.447894333026596], [-121.89183590080123, 37.4478968113217], [-121.89183762287163, 37.447903368283946], [-121.89183988482952, 37.44791240282704], [-121.89184253216467, 37.447921440934884], [-121.89184426052329, 37.44793047119673], [-121.89184659973628, 37.44793792889995], [-121.89184710369115, 37.44793951001561], [-121.89185011394567, 37.4479485516861], [-121.89185216839272, 37.44795758479739], [-121.89185340447455, 37.44796660934945], [-121.89185540681933, 37.447975641745344], [-121.8918572690269, 37.4479810347948], [-121.89185853205822, 37.4479846841247], [-121.89186345392763, 37.4479937443323], [-121.89186622253536, 37.44800278314358], [-121.89186639860515, 37.44801179770567], [-121.89186628901068, 37.44802081012717], [-121.89186741909128, 37.448029833958415], [-121.89186782602813, 37.44803176809486], [-121.89186925345109, 37.448038864920335], [-121.89187207775439, 37.448047903726085], [-121.89187504399142, 37.44805694467032], [-121.89187638966773, 37.44806597134994], [-121.89187794824474, 37.448074998741625], [-121.89187845938616, 37.448077253806396], [-121.89188015271044, 37.44808403326399], [-121.89188142741982, 37.4480930592271], [-121.89188284316472, 37.448102085189184], [-121.89188473142346, 37.44811111614238], [-121.89188709938254, 37.4481201520867], [-121.891889001116, 37.44812903113119], [-121.89188903884524, 37.448129183037736], [-121.89189059113406, 37.44813821113497], [-121.89189286477006, 37.44814724564969], [-121.89189474763887, 37.4481562773106], [-121.89189639335248, 37.44816530469137], [-121.89189785580976, 37.44817433207112], [-121.89189953835428, 37.448181035210034], [-121.89190014022553, 37.44818336729463], [-121.89190175356657, 37.448189270607344]]}, "properties": {"elev": 12.0, "Shape_Leng": 46410.1111387, "GlobalID": "{BF31FB99-6C5F-4DCC-A8AB-F749BC312316}"}}]}