{"type": "FeatureCollection", "features": [{"type": "Feature", "geometry": {"type": "Polygon", "coordinates": [[[-121.90129221481297, 37.446130435431066], [-121.90148104365153, 37.44611792969384], [-121.90149977810051, 37.446328317235974], [-121.90145305762091, 37.44633081983151], [-121.90131078244619, 37.44633890530429], [-121.90129221481297, 37.446130435431066]]]}, "properties": {"APN": "APN#", "Shape_Leng": 128.323017984, "Shape_Area": 908.242155562}}, {"type": "Feature", "geometry": {"type": "Polygon", "coordinates": [[[-121.89238460165828, 37.44756343389284], [-121.89269048340245, 37.4475440567459], [-121.89270412162503, 37.44768093475049], [-121.8923983521703, 37.44770031114881], [-121.89238460165828, 37.44756343389284]]]}, "properties": {"APN": "APN#", "Shape_Leng": 106.811182851, "Shape_Area": 657.539743883}}, {"type": "Feature", "geometry": {"type": "Polygon", "coordinates": [[[-121.89352157865213, 37.447071157951164], [-121.89369339582332, 37.44706147288046], [-121.8937141199569, 37.44729483780403], [-121.89370835187448, 37.447295827703606], [-121.89370263499605, 37.44729699233337], [-121.89369697920297, 37.44729832884049], [-121.89369138988526, 37.44729983579857], [-121.89368587872103, 37.44730151178122], [-121.89368045020174, 37.44730335464895], [-121.89367511420896, 37.44730536012262], [-121.89366987523418, 37.44730752534939], [-121.89366474495564, 37.447309848189846], [-121.89365483653808, 37.44731495316097], [-121.8936522655597, 37.447316331745576], [-121.89364963439424, 37.44731763829856], [-121.89364694393997, 37.44731886782777], [-121.89364420138342, 37.44732001819344], [-121.8936414085212, 37.44732108868252], [-121.89363856894659, 37.447322080721364], [-121.8936356853545, 37.447322990030806], [-121.89363276582984, 37.44732381375823], [-121.89362980947423, 37.44732455618264], [-121.89362682077929, 37.44732521231184], [-121.89362380423657, 37.447325782145796], [-121.89362076523598, 37.447326264971245], [-121.89361770467575, 37.44732666007511], [-121.89361154223293, 37.44732718569165], [-121.89354466176172, 37.44733095629464], [-121.89352157865213, 37.447071157951164]]]}, "properties": {"APN": "APN#", "Shape_Leng": 108.367187183, "Shape_Area": 678.984830968}}, {"type": "Feature", "geometry": {"type": "Polygon", "coordinates": [[[-121.89819799422247, 37.44680765868202], [-121.89821237086025, 37.446972750300276], [-121.89784717335793, 37.44699339778137], [-121.89783886573817, 37.446882527780325], [-121.89783876512686, 37.44688058434274], [-121.89783874985547, 37.44687863733912], [-121.89783882172067, 37.446876691761865], [-121.89783897982414, 37.44687474975039], [-121.89783922416595, 37.446872814870915], [-121.89783955384763, 37.44687088569675], [-121.89783996886935, 37.446868968646825], [-121.89784047012924, 37.44686706372105], [-121.89784105403419, 37.446865175198546], [-121.89784172238075, 37.44686330379251], [-121.8978424733723, 37.44686145235568], [-121.89784330700891, 37.4468596237408], [-121.89784422149388, 37.44685781794793], [-121.89784521413226, 37.446856040682626], [-121.8978462858224, 37.44685429265789], [-121.89784743476767, 37.44685257601347], [-121.89784865917137, 37.44685089217569], [-121.89784995723696, 37.44684924471045], [-121.89785132806605, 37.44684763433101], [-121.89785276896377, 37.446846065316386], [-121.8978542799301, 37.44684453624035], [-121.89785585647343, 37.446843050668754], [-121.89785749949209, 37.446841610741195], [-121.89785920359618, 37.446840219310424], [-121.89786096968406, 37.44683887566327], [-121.89786279506069, 37.44683758265245], [-121.89786467523459, 37.44683634313078], [-121.89786661020572, 37.44683515709817], [-121.89786859638077, 37.44683402526797], [-121.89787063106492, 37.44683295120595], [-121.89787271335973, 37.44683193633863], [-121.89787483877373, 37.44683097923955], [-121.89787700551014, 37.446830082761466], [-121.89787921087422, 37.44682924975717], [-121.89788145037419, 37.446828478800256], [-121.89788372490847, 37.44682777131712], [-121.89788602908718, 37.446827128734206], [-121.89788836021536, 37.44682655105138], [-121.89789071469971, 37.44682603969516], [-121.89789308984533, 37.44682559466546], [-121.8978954847539, 37.446825218815036], [-121.89789789493382, 37.446824910004324], [-121.89790274853127, 37.4468244970681], [-121.89819799422247, 37.44680765868202]]]}, "properties": {"APN": "APN#", "Shape_Leng": 124.466758247, "Shape_Area": 930.264900782}}, {"type": "Feature", "geometry": {"type": "Polygon", "coordinates": [[[-121.8990336271107, 37.446280016787156], [-121.89904702327462, 37.446279129589215], [-121.89903783367318, 37.44628588364374], [-121.8990336271107, 37.446280016787156]]]}, "properties": {"APN": "APN#", "Shape_Leng": 130.338124936, "Shape_Area": 1035.17971865}}, {"type": "Feature", "geometry": {"type": "Polygon", "coordinates": [[[-121.89529705838714, 37.447740759872254], [-121.89549977940068, 37.44770861613309], [-121.89557062321805, 37.447989433176154], [-121.8953679184481, 37.44802161883854], [-121.89529705838714, 37.447740759872254]]]}, "properties": {"APN": "APN#", "Shape_Leng": 128.071373076, "Shape_Area": 944.034716908}}, {"type": "Feature", "geometry": {"type": "Polygon", "coordinates": [[[-121.89518075889717, 37.447321751230405], [-121.89537343854246, 37.447291649157556], [-121.89544888265328, 37.44759069882097], [-121.89525632248393, 37.447621187317594], [-121.89518075889717, 37.447321751230405]]]}, "properties": {"APN": "APN#", "Shape_Leng": 129.302892266, "Shape_Area": 935.399087013}}, {"type": "Feature", "geometry": {"type": "Polygon", "coordinates": [[[-121.89905970405707, 37.44675861481042], [-121.89953849352713, 37.4467313666956], [-121.89954550308131, 37.446809612819315], [-121.89953980237253, 37.446809943738934], [-121.89953411963, 37.446810437265576], [-121.89952846293863, 37.44681108769377], [-121.89952283858665, 37.446811899302624], [-121.89951725286224, 37.446812867099716], [-121.89951171385016, 37.446813993224815], [-121.89950622783877, 37.446815272685406], [-121.89950080291273, 37.44681670690796], [-121.89949544446208, 37.44681829303972], [-121.89949015877491, 37.44682002822781], [-121.8994849539362, 37.44682191104598], [-121.89947983623404, 37.446823940067766], [-121.89947481015999, 37.44682611172722], [-121.89946988379897, 37.44682842174515], [-121.89946506523583, 37.446830872261216], [-121.89946035536873, 37.44683345329075], [-121.89945576318102, 37.44683616768639], [-121.89945129406249, 37.446839009029475], [-121.89944695340303, 37.446841973754154], [-121.89944274749088, 37.446845059720665], [-121.89943868081755, 37.4468482612236], [-121.8994347569764, 37.44685157469697], [-121.89943098405227, 37.446854998714414], [-121.89942736473998, 37.446858526144], [-121.89942390263286, 37.446862151993386], [-121.89942060401911, 37.44686587412305], [-121.89941747249206, 37.44686968611424], [-121.89941451164485, 37.44687358368775], [-121.89941172596919, 37.44687756327774], [-121.89940911636324, 37.44688161775231], [-121.89940668911537, 37.44688574425864], [-121.89940444602213, 37.446889935664785], [-121.89940238977839, 37.446894187691726], [-121.8994005230793, 37.44689849534708], [-121.8993988477213, 37.4469028522122], [-121.89939736639938, 37.44690725400785], [-121.89939608270684, 37.446911694315375], [-121.89939410641317, 37.446920669783644], [-121.89939363120439, 37.44692306894711], [-121.89939305089271, 37.44692545313364], [-121.89939236457985, 37.44692781877718], [-121.89939157496072, 37.44693016373822], [-121.89939068023868, 37.44693248516399], [-121.89938968310871, 37.44693478091492], [-121.89938858536743, 37.44693704599877], [-121.89938738881152, 37.44693927898904], [-121.89938609344087, 37.44694147703305], [-121.89938470105218, 37.44694363727811], [-121.89938321344208, 37.4469457547318], [-121.89938163420378, 37.44694783224704], [-121.89937996243901, 37.446949861978545], [-121.89937820174111, 37.44695184392651], [-121.89937635390652, 37.44695377523804], [-121.89937442252871, 37.44695565306055], [-121.89937240940417, 37.44695747525437], [-121.89937031543118, 37.446959239679934], [-121.89936814599977, 37.44696094277134], [-121.89936590110987, 37.44696258524181], [-121.89936358435477, 37.44696416281215], [-121.89936120202266, 37.446965674056145], [-121.89935875141857, 37.44696711826043], [-121.899356239729, 37.44696848971958], [-121.89935366785238, 37.44696979128634], [-121.89935103938183, 37.44697101868163], [-121.89934835970735, 37.44697217333178], [-121.89934562972718, 37.44697325024454], [-121.89934285303465, 37.44697424870669], [-121.89934003412128, 37.4469751701446], [-121.89933717747869, 37.44697601027911], [-121.89933428400516, 37.44697677124992], [-121.8993313590906, 37.446977447351316], [-121.8993254284131, 37.44697855279149], [-121.89907939512814, 37.44701721679861], [-121.89905970405707, 37.44675861481042]]]}, "properties": {"APN": "APN#", "Shape_Leng": 165.438362121, "Shape_Area": 1464.60732924}}, {"type": "Feature", "geometry": {"type": "Polygon", "coordinates": [[[-121.89241451309117, 37.446677049358776], [-121.89241636249348, 37.446682469691204], [-121.89226344497754, 37.44671564300406], [-121.89224947961284, 37.446685957436124], [-121.89241451309117, 37.446677049358776]]]}, "properties": {"APN": "APN#", "Shape_Leng": 386.68470156, "Shape_Area": 7221.21011476}}, {"type": "Feature", "geometry": {"type": "Polygon", "coordinates": [[[-121.90148104365153, 37.44611792969384], [-121.90156381380149, 37.446112448000065], [-121.90156772521614, 37.446324643465836], [-121.90149977810051, 37.446328317235974], [-121.90148104365153, 37.44611792969384]]]}, "properties": {"APN": "APN#", "Shape_Leng": 128.791028995, "Shape_Area": 917.543191507}}, {"type": "Feature", "geometry": {"type": "Polygon", "coordinates": [[[-121.89326992999834, 37.447968397286054], [-121.8932491375928, 37.44772210023046], [-121.89342092781447, 37.447712391709125], [-121.89346428679829, 37.447717441024686], [-121.89340106965683, 37.44797730130985], [-121.89336848237156, 37.44797347368516], [-121.89333572889798, 37.447970712261075], [-121.89326992999834, 37.447968397286054]]]}, "properties": {"APN": "APN#", "Shape_Leng": 110.43875376, "Shape_Area": 692.248118403}}, {"type": "Feature", "geometry": {"type": "Polygon", "coordinates": [[[-121.89766233690334, 37.4463877411986], [-121.89768246270548, 37.44636950132692], [-121.89799178404702, 37.44634901568876], [-121.89791171641275, 37.44652934264655], [-121.89775897047512, 37.44653784531483], [-121.89766233690334, 37.4463877411986]]]}, "properties": {"APN": "APN#", "Shape_Leng": 151.732893397, "Shape_Area": 1343.17533199}}, {"type": "Feature", "geometry": {"type": "Polygon", "coordinates": [[[-121.89515552881413, 37.44714550330753], [-121.89578681359181, 37.44710984330599], [-121.89588601275204, 37.44721157493175], [-121.89575885712186, 37.4472314442623], [-121.8955661478322, 37.44726154707252], [-121.89537343854246, 37.447291649157556], [-121.89518075889717, 37.447321751230405], [-121.89499471870015, 37.447350812043005], [-121.8949989246123, 37.44734094015438], [-121.89500358237703, 37.44733119806397], [-121.89500868480789, 37.44732159932217], [-121.8950142247182, 37.44731215605335], [-121.89502019581994, 37.44730288180787], [-121.8950265891298, 37.44729378728379], [-121.89503339656304, 37.447284886031376], [-121.8950406082381, 37.44727619017506], [-121.89504821607025, 37.447267709699524], [-121.89505620838133, 37.44725945886836], [-121.89506457439161, 37.447251446239946], [-121.89507330421951, 37.447243684651674], [-121.89508238439043, 37.447236182661825], [-121.89510154994699, 37.44722200098207], [-121.8951059543868, 37.44721885868947], [-121.89511021599453, 37.44721559016303], [-121.89511432309199, 37.447212199681765], [-121.89511827208602, 37.44720869295123], [-121.89512205758663, 37.44720507425048], [-121.89512567510226, 37.447201345005844], [-121.89512912014139, 37.447197513775556], [-121.89513238821239, 37.447193586265136], [-121.89513547123042, 37.44718956532722], [-121.89513837099223, 37.4471854566673], [-121.89514107851441, 37.447181268130365], [-121.89514359379723, 37.447177003282455], [-121.89514591145068, 37.44717266568931], [-121.89514802967814, 37.44716826604883], [-121.89514994488627, 37.44716380721368], [-121.89515165438026, 37.4471592948894], [-121.89515315546508, 37.44715473478139], [-121.89515552881413, 37.44714550330753]]]}, "properties": {"APN": "APN#", "Shape_Leng": 224.052562259, "Shape_Area": 1785.37440342}}, {"type": "Feature", "geometry": {"type": "Polygon", "coordinates": [[[-121.89828546138504, 37.4472682089286], [-121.8984961405737, 37.447234980945574], [-121.89856557415376, 37.447513890312266], [-121.89835498486332, 37.44754732809885], [-121.89828546138504, 37.4472682089286]]]}, "properties": {"APN": "APN#", "Shape_Leng": 130.165709658, "Shape_Area": 984.410100115}}, {"type": "Feature", "geometry": {"type": "Polygon", "coordinates": [[[-121.89317369078702, 37.44809884380199], [-121.89323537989421, 37.44809536492693], [-121.89325819800075, 37.44809478725396], [-121.89328102688708, 37.448094850726605], [-121.89330383780708, 37.44809555605824], [-121.89332660470964, 37.44809690324869], [-121.89334929795035, 37.44809888730575], [-121.89339434936015, 37.448104761740424], [-121.89339732008881, 37.44810528021974], [-121.89340026746125, 37.44810588000111], [-121.89340318608762, 37.44810656322413], [-121.8934060714763, 37.44810732774925], [-121.8934089218307, 37.4481081742897], [-121.89341173265923, 37.448109099279506], [-121.89341450216527, 37.4481101027187], [-121.89341722316222, 37.44811118389415], [-121.89341989654855, 37.44811234209258], [-121.89342251603593, 37.4481135737482], [-121.8934250789294, 37.448114876721405], [-121.89342758343243, 37.44811625386492], [-121.89343002505338, 37.448117700186515], [-121.8934324019956, 37.448119214259904], [-121.89343470886922, 37.4481207932322], [-121.89343694477598, 37.44812243567718], [-121.89343910702085, 37.44812414230807], [-121.89344119201067, 37.44812590670612], [-121.89344319794867, 37.448127730297806], [-121.89344512214001, 37.448129608090774], [-121.89344696099138, 37.448131538658714], [-121.8934487136045, 37.44813352128857], [-121.89345037638613, 37.44813555027473], [-121.89345195113282, 37.44813762633053], [-121.89345343065808, 37.44813974375048], [-121.89345481586025, 37.44814190182141], [-121.89345610494271, 37.448144099116924], [-121.89345729521044, 37.44814632993162], [-121.89345838576517, 37.4481485928392], [-121.89345937570867, 37.44815088570013], [-121.89346026504079, 37.4481532056617], [-121.8934610483717, 37.44815554701843], [-121.89346172839635, 37.44815791119676], [-121.89346230511478, 37.448160291777995], [-121.89346277493365, 37.44816268733585], [-121.89346313875137, 37.44816509501768], [-121.8934633947712, 37.44816751125754], [-121.89346354389154, 37.44816993177631], [-121.89346358611236, 37.44817235728731], [-121.89346352053533, 37.448174782085005], [-121.89346334805883, 37.44817720331678], [-121.89346306688616, 37.448179616703506], [-121.89346268061061, 37.448182022245255], [-121.89346218923212, 37.44818441494967], [-121.89346158915752, 37.4481867926775], [-121.89346007819118, 37.44819148893912], [-121.89344788895109, 37.44822716696767], [-121.89344317788238, 37.448243619836326], [-121.8932126505778, 37.44826192158671], [-121.89317369078702, 37.44809884380199]]]}, "properties": {"APN": "APN#", "Shape_Leng": 120.487529987, "Shape_Area": 938.043921572}}, {"type": "Feature", "geometry": {"type": "Polygon", "coordinates": [[[-121.89787996186574, 37.44733216371485], [-121.8980827403715, 37.44730019666975], [-121.89815226737778, 37.44757951597045], [-121.89794955300991, 37.44761170333316], [-121.89787996186574, 37.44733216371485]]]}, "properties": {"APN": "APN#", "Shape_Leng": 128.204296483, "Shape_Area": 945.605061579}}, {"type": "Feature", "geometry": {"type": "Polygon", "coordinates": [[[-121.89549977940068, 37.44770861613309], [-121.8957025004142, 37.447676517310384], [-121.89577332860266, 37.44795724740232], [-121.89557062321805, 37.447989433176154], [-121.89549977940068, 37.44770861613309]]]}, "properties": {"APN": "APN#", "Shape_Leng": 128.070355773, "Shape_Area": 944.014110743}}, {"type": "Feature", "geometry": {"type": "Polygon", "coordinates": [[[-121.89601546753347, 37.446479902471204], [-121.89620994270702, 37.44646702284922], [-121.89623503518935, 37.446622546729195], [-121.89602874337258, 37.44663399628993], [-121.89601546753347, 37.446479902471204]]]}, "properties": {"APN": "APN#", "Shape_Leng": 131.622613257, "Shape_Area": 955.229826337}}, {"type": "Feature", "geometry": {"type": "Polygon", "coordinates": [[[-121.89353161463055, 37.44772529385089], [-121.89367871824987, 37.447528321101025], [-121.89368375240872, 37.44753009193181], [-121.89368886112777, 37.44753171869976], [-121.89369403901706, 37.447533202118144], [-121.89369928068672, 37.447534535768256], [-121.89370457805197, 37.44753572178972], [-121.89370992392622, 37.447536755903435], [-121.89371531381792, 37.447537638822595], [-121.89372073964228, 37.447538367694456], [-121.89372619421263, 37.447538944658554], [-121.89373167124094, 37.447539366149044], [-121.89373716174393, 37.44753963073954], [-121.89374266212845, 37.447539741995854], [-121.89374816520787, 37.447539696352244], [-121.89375366020246, 37.44753949594814], [-121.89375914351899, 37.44753914007038], [-121.89376460797082, 37.44753862800584], [-121.89377004637156, 37.447537963320336], [-121.89377545153465, 37.44753714387437], [-121.8937808171718, 37.447536173233836], [-121.89378613519828, 37.44753504997237], [-121.89379140112248, 37.44753377694274], [-121.89379660685958, 37.44753235699754], [-121.893801745223, 37.447530790136895], [-121.8938068108229, 37.44752907921343], [-121.89381179737103, 37.44752722494036], [-121.89382150815922, 37.44752309989579], [-121.89386796183922, 37.44758464890325], [-121.89385447363522, 37.44760706133894], [-121.8938247546707, 37.44765076293047], [-121.89370833839973, 37.44780919230735], [-121.89353161463055, 37.44772529385089]]]}, "properties": {"APN": "APN#", "Shape_Leng": 117.798089598, "Shape_Area": 826.612786523}}, {"type": "Feature", "geometry": {"type": "Polygon", "coordinates": [[[-121.89491461275408, 37.446542100360624], [-121.89522588204744, 37.446525298821676], [-121.89536266504727, 37.4466664778298], [-121.89503306867793, 37.44668410574907], [-121.89491461275408, 37.446542100360624]]]}, "properties": {"APN": "APN#", "Shape_Leng": 216.36845442, "Shape_Area": 2071.95553734}}, {"type": "Feature", "geometry": {"type": "Polygon", "coordinates": [[[-121.89286936582327, 37.44774352273123], [-121.89307732042167, 37.44773180732421], [-121.89309799514793, 37.447976481868686], [-121.89297885967659, 37.447983182885785], [-121.8929758072013, 37.44798331197094], [-121.89297275023436, 37.447983354048404], [-121.89296969236914, 37.44798331125779], [-121.89296664079215, 37.447983180033084], [-121.89296359550335, 37.44798296322714], [-121.89296056099427, 37.44798266012661], [-121.89295754265494, 37.44798227073161], [-121.89295454407852, 37.447981797894855], [-121.89295156795997, 37.447981238763624], [-121.89294861968916, 37.447980598330055], [-121.8929457001645, 37.447979872315244], [-121.89294281657249, 37.447979064285], [-121.89293996981132, 37.447978175665604], [-121.8929371625761, 37.44797720717037], [-121.89293440205321, 37.4479761602255], [-121.89293169003933, 37.447975036257475], [-121.89292902922952, 37.44797383526624], [-121.8929264241152, 37.447972558678124], [-121.89292387739135, 37.44797121077226], [-121.89292139265127, 37.447969792261766], [-121.89291897169156, 37.44796830172031], [-121.89291661900384, 37.44796674627956], [-121.89291433638472, 37.44796512380012], [-121.89291212922407, 37.447963437847804], [-121.89290999662357, 37.44796169198851], [-121.89290794487144, 37.44795988479592], [-121.89290597306942, 37.447958021975396], [-121.89290408660732, 37.447956104240106], [-121.89290228638346, 37.44795413372962], [-121.89290057419454, 37.447952114009865], [-121.89289895363375, 37.44795004722024], [-121.89289742649784, 37.44794793621358], [-121.8928959936849, 37.447945783129256], [-121.89289465878844, 37.44794359010698], [-121.89289342090999, 37.44794136071257], [-121.89289228364281, 37.44793909922507], [-121.89289124878361, 37.44793680493134], [-121.89289031453569, 37.44793448424987], [-121.89288948539068, 37.44793213789397], [-121.89288876224687, 37.447929768716264], [-121.89288814420598, 37.447927381709086], [-121.89288763216626, 37.44792497972508], [-121.89288693148036, 37.44792013724516], [-121.89286936582327, 37.44774352273123]]]}, "properties": {"APN": "APN#", "Shape_Leng": 110.732393507, "Shape_Area": 771.543160018}}, {"type": "Feature", "geometry": {"type": "Polygon", "coordinates": [[[-121.89620994270702, 37.44646702284922], [-121.89640560700344, 37.44645406447222], [-121.8964408095766, 37.446611104298604], [-121.89623503518935, 37.446622546729195], [-121.89620994270702, 37.44646702284922]]]}, "properties": {"APN": "APN#", "Shape_Leng": 133.518860936, "Shape_Area": 977.50559244}}, {"type": "Feature", "geometry": {"type": "Polygon", "coordinates": [[[-121.89305649477843, 37.44748516716203], [-121.89322828320347, 37.44747546003632], [-121.8932491375928, 37.44772210023046], [-121.89307732042167, 37.44773180732421], [-121.89305649477843, 37.44748516716203]]]}, "properties": {"APN": "APN#", "Shape_Leng": 107.668393963, "Shape_Area": 664.559403432}}, {"type": "Feature", "geometry": {"type": "Polygon", "coordinates": [[[-121.89700697097845, 37.44641423756467], [-121.89721930002935, 37.446400175510945], [-121.89729886775959, 37.4465634210669], [-121.89707468150232, 37.44657588622073], [-121.89700697097845, 37.44641423756467]]]}, "properties": {"APN": "APN#", "Shape_Leng": 166.852195969, "Shape_Area": 1362.89840286}}, {"type": "Feature", "geometry": {"type": "Polygon", "coordinates": [[[-121.90071851837573, 37.44616843012793], [-121.90091458357116, 37.44615544514855], [-121.90093282437522, 37.44636021765621], [-121.90063006517501, 37.44637735924997], [-121.90071851837573, 37.44616843012793]]]}, "properties": {"APN": "APN#", "Shape_Leng": 137.772460846, "Shape_Area": 1041.74948028}}, {"type": "Feature", "geometry": {"type": "Polygon", "coordinates": [[[-121.8973266140238, 37.447000993223035], [-121.89731366570727, 37.44685231783932], [-121.89758955899232, 37.44683683309131], [-121.8975925818232, 37.44683670685698], [-121.89759560645079, 37.44683666477882], [-121.89759863107834, 37.446836708283314], [-121.89760165211263, 37.44683683594409], [-121.89760466596037, 37.446837047761036], [-121.89760766813012, 37.446837343734295], [-121.89761065592675, 37.44683772529015], [-121.89761362485875, 37.4468381902891], [-121.8976165722312, 37.44683873730469], [-121.89761949265417, 37.446839364910566], [-121.89762238343275, 37.44684007595952], [-121.897625241872, 37.4468408661724], [-121.89762806348031, 37.44684173626237], [-121.89763084466443, 37.446842686229445], [-121.8976335827294, 37.44684371179444], [-121.89763627408202, 37.446844813670616], [-121.89763891512891, 37.446845991144755], [-121.89764150137864, 37.44684724065096], [-121.8976440328311, 37.44684856432868], [-121.89764650319813, 37.44684995575927], [-121.89764891247974, 37.446851415655956], [-121.89765125438767, 37.4468529433055], [-121.89765352802362, 37.44685453371559], [-121.89765572889611, 37.4468561883126], [-121.89765785790334, 37.44685790281737], [-121.89765990875713, 37.446859677229945], [-121.8976618805592, 37.44686150727116], [-121.89766376971625, 37.44686339008824], [-121.89766557443164, 37.44686532568127], [-121.89766729380707, 37.44686730977103], [-121.8976689242493, 37.44686934307068], [-121.89767046486003, 37.44687141916154], [-121.89767191204594, 37.44687353733053], [-121.8976732658071, 37.44687569401158], [-121.8976745234485, 37.446877887778385], [-121.89767568407187, 37.44688011577811], [-121.8976767449822, 37.44688237515805], [-121.89767770438289, 37.446884662352296], [-121.89767856586725, 37.446886975221204], [-121.89767932314703, 37.44688931091207], [-121.89767997712056, 37.44689166585898], [-121.89768052688952, 37.44689403720908], [-121.8976809715556, 37.44689642424925], [-121.89768154468072, 37.44690122471733], [-121.89769111892504, 37.44702917908018], [-121.89733078849491, 37.4470491711273], [-121.8973266140238, 37.447000993223035]]]}, "properties": {"APN": "APN#", "Shape_Leng": 131.824208837, "Shape_Area": 1096.49741618}}, {"type": "Feature", "geometry": {"type": "Polygon", "coordinates": [[[-121.89840137319814, 37.446321889536435], [-121.89859889126953, 37.44630880836303], [-121.89863429158291, 37.44648919209553], [-121.89842134774148, 37.44650102323425], [-121.89840137319814, 37.446321889536435]]]}, "properties": {"APN": "APN#", "Shape_Leng": 125.691994321, "Shape_Area": 903.311501113}}, {"type": "Feature", "geometry": {"type": "Polygon", "coordinates": [[[-121.89928971139736, 37.447110135712244], [-121.89949249259809, 37.44707825986008], [-121.89956159949833, 37.44735573922364], [-121.89935889616521, 37.447387924930524], [-121.89928971139736, 37.447110135712244]]]}, "properties": {"APN": "APN#", "Shape_Leng": 127.863229022, "Shape_Area": 941.603064015}}, {"type": "Feature", "geometry": {"type": "Polygon", "coordinates": [[[-121.89840413781722, 37.44679593171727], [-121.8986102517676, 37.44678420617721], [-121.89863659576162, 37.44708685874604], [-121.8984322434075, 37.447119072644654], [-121.89840413781722, 37.44679593171727]]]}, "properties": {"APN": "APN#", "Shape_Leng": 134.150931191, "Shape_Area": 1011.67821825}}, {"type": "Feature", "geometry": {"type": "Polygon", "coordinates": [[[-121.89821237086025, 37.446972750300276], [-121.89819799422247, 37.44680765868202], [-121.89840413781722, 37.44679593171727], [-121.8984322434075, 37.447119072644654], [-121.8982278901551, 37.44715131077764], [-121.89821237086025, 37.446972750300276]]]}, "properties": {"APN": "APN#", "Shape_Leng": 139.917379052, "Shape_Area": 1078.00333098}}, {"type": "Feature", "geometry": {"type": "Polygon", "coordinates": [[[-121.89468886570211, 37.447837121115505], [-121.89489158761393, 37.44780500023944], [-121.89496250079104, 37.44808599141064], [-121.89475979612504, 37.44811817701502], [-121.89468886570211, 37.447837121115505]]]}, "properties": {"APN": "APN#", "Shape_Leng": 128.075337262, "Shape_Area": 944.0776905}}, {"type": "Feature", "geometry": {"type": "Polygon", "coordinates": [[[-121.89640560700344, 37.44645406447222], [-121.89660112051448, 37.446441116079164], [-121.89664672679592, 37.44659965830029], [-121.8964408095766, 37.446611104298604], [-121.89640560700344, 37.44645406447222]]]}, "properties": {"APN": "APN#", "Shape_Leng": 137.324709372, "Shape_Area": 1014.08098686}}, {"type": "Feature", "geometry": {"type": "Polygon", "coordinates": [[[-121.89880649690382, 37.4462950591107], [-121.8990336271107, 37.446280016787156], [-121.89903783367318, 37.44628588364374], [-121.89916256385203, 37.44645982427561], [-121.89889963235828, 37.44647444827886], [-121.89880649690382, 37.4462950591107]]]}, "properties": {"APN": "APN#", "Shape_Leng": 154.930171065, "Shape_Area": 1243.08463687}}, {"type": "Feature", "geometry": {"type": "Polygon", "coordinates": [[[-121.90076389977926, 37.44707579722794], [-121.90090133123798, 37.447068112645596], [-121.90092598639924, 37.447344555282676], [-121.90078856302539, 37.44735265134361], [-121.90076389977926, 37.44707579722794]]]}, "properties": {"APN": "APN#", "Shape_Leng": 108.451772599, "Shape_Area": 596.46839665}}, {"type": "Feature", "geometry": {"type": "Polygon", "coordinates": [[[-121.89304672478399, 37.44664292420837], [-121.89387176727827, 37.44659839052705], [-121.89387829695653, 37.44671023274684], [-121.89387834905885, 37.44671167980884], [-121.89387833738077, 37.44671312829713], [-121.89387826192225, 37.446714574645846], [-121.89387812268342, 37.44671601885499], [-121.89387791966418, 37.44671745807181], [-121.89387765376284, 37.44671889015668], [-121.89387732587775, 37.446720313683215], [-121.89387693421227, 37.44672172865146], [-121.89387648056305, 37.446723130782274], [-121.89387596493009, 37.44672451864927], [-121.89387539000833, 37.446725892252445], [-121.89387475400106, 37.446727248739066], [-121.89387405780674, 37.446728586682724], [-121.89387330322191, 37.44672990394385], [-121.89387249204317, 37.44673119909607], [-121.89387162337228, 37.446732470713], [-121.89387070080254, 37.44673371808151], [-121.89386972163885, 37.44673493834874], [-121.89386869037294, 37.44673613008841], [-121.89386760700471, 37.44673729330048], [-121.89386647422913, 37.446738423705824], [-121.8938652911479, 37.446739522730844], [-121.89386405955763, 37.44674058680948], [-121.89386278305163, 37.446741616655075], [-121.8938614616298, 37.44674261012795], [-121.89386009708892, 37.44674356722817], [-121.89385869122547, 37.446744483676554], [-121.8938572458362, 37.446745360186384], [-121.89385576271768, 37.44674619604437], [-121.89385424366652, 37.446746989824184], [-121.89385269137773, 37.44674774223897], [-121.89385110674958, 37.44674844829646], [-121.89384949157869, 37.446749110136174], [-121.89384784676336, 37.44674972633183], [-121.8938461776936, 37.44675029688329], [-121.89384448436924, 37.44675081893796], [-121.89384276858706, 37.44675129392204], [-121.89384103214363, 37.44675171969608], [-121.89383927953052, 37.44675209911279], [-121.89383750984942, 37.44675242717996], [-121.8938357284902, 37.446752705323796], [-121.89383393455462, 37.446752934257525], [-121.89383032422546, 37.44675324021582], [-121.8930972881738, 37.44679465225635], [-121.89304672478399, 37.44664292420837]]]}, "properties": {"APN": "APN#", "Shape_Leng": 554.864785735, "Shape_Area": 15279.8381696}}, {"type": "Feature", "geometry": {"type": "Polygon", "coordinates": [[[-121.893172266059, 37.44709086970487], [-121.89334976148102, 37.447080865842544], [-121.8933728436923, 37.447340664152314], [-121.89319531952414, 37.447350690801784], [-121.893172266059, 37.44709086970487]]]}, "properties": {"APN": "APN#", "Shape_Leng": 112.660059409, "Shape_Area": 723.463950878}}, {"type": "Feature", "geometry": {"type": "Polygon", "coordinates": [[[-121.89595647839955, 37.44692843925048], [-121.89673600945369, 37.44688471584142], [-121.8967364864591, 37.4469102087451], [-121.89673102200726, 37.44691066375892], [-121.89672558180987, 37.44691127424774], [-121.89672017215524, 37.446912035219086], [-121.89671480022983, 37.446912950239124], [-121.89670947052525, 37.44691401574173], [-121.89670419202466, 37.4469152317269], [-121.89669897101624, 37.44691659605516], [-121.89669381468647, 37.44691810730002], [-121.89668872842533, 37.44691976332202], [-121.8966837194193, 37.44692156126831], [-121.89667879215999, 37.4469234997125], [-121.8966739547322, 37.44692557722827], [-121.89666921342412, 37.44692778882331], [-121.896664571829, 37.44693013378434], [-121.89666003803177, 37.44693260711908], [-121.89665561921892, 37.44693520811428], [-121.8966513153904, 37.446937931777754], [-121.89664713822425, 37.44694077668293], [-121.8966430877207, 37.446943735698035], [-121.8966391728627, 37.44694681024933], [-121.89663539544688, 37.446949990352294], [-121.89663176355822, 37.44695327672006], [-121.89662827899319, 37.44695666364707], [-121.89662494804013, 37.446960146141045], [-121.89662177249564, 37.44696372134923], [-121.89661875954616, 37.446967384279304], [-121.89661591009013, 37.4469711292257], [-121.89661322861893, 37.44697495190931], [-121.89661072052267, 37.44697884876422], [-121.89660838580129, 37.44698281408481], [-121.89660622894624, 37.4469868428789], [-121.89660425265264, 37.44699092872776], [-121.89660245871704, 37.446995070204984], [-121.89660085073265, 37.446999258039114], [-121.89659943049622, 37.44700348866421], [-121.89659819800761, 37.44700775780118], [-121.8965971559619, 37.44701205903133], [-121.89659630615566, 37.44701638664911], [-121.89659564858886, 37.4470207349491], [-121.89659518595649, 37.44702509965215], [-121.8965949173602, 37.44702947505268], [-121.89659484190176, 37.4470338547321], [-121.89659496137763, 37.44703823369805], [-121.89659527758465, 37.4470426069583], [-121.8965957869294, 37.44704696809409], [-121.89659738503228, 37.44705563473637], [-121.89614906641667, 37.44712661529781], [-121.89595647839955, 37.44692843925048]]]}, "properties": {"APN": "APN#", "Shape_Leng": 205.368915395, "Shape_Area": 1720.64062601}}, {"type": "Feature", "geometry": {"type": "Polygon", "coordinates": [[[-121.8937703769516, 37.44799649291845], [-121.89404631335576, 37.44812748710466], [-121.89401779148137, 37.448198000775356], [-121.89362573929787, 37.448229126133704], [-121.89363555240386, 37.448204274037465], [-121.89364674810727, 37.44817908324806], [-121.8936724677721, 37.448129729330724], [-121.8937703769516, 37.44799649291845]]]}, "properties": {"APN": "APN#", "Shape_Leng": 145.951996572, "Shape_Area": 1258.81736854}}, {"type": "Feature", "geometry": {"type": "Polygon", "coordinates": [[[-121.90091458357116, 37.44615544514855], [-121.90110340500438, 37.44614293990591], [-121.90112178948681, 37.44634953901542], [-121.90093282437522, 37.44636021765621], [-121.90091458357116, 37.44615544514855]]]}, "properties": {"APN": "APN#", "Shape_Leng": 128.281670194, "Shape_Area": 907.948298155}}, {"type": "Feature", "geometry": {"type": "Polygon", "coordinates": [[[-121.89903783367318, 37.44628588364374], [-121.89904702327462, 37.446279129589215], [-121.89936343463619, 37.446258174370016], [-121.89933085423745, 37.44645046933376], [-121.89916256385203, 37.44645982427561], [-121.89903783367318, 37.44628588364374]]]}, "properties": {"APN": "APN#", "Shape_Leng": 142.06805386, "Shape_Area": 1229.39892261}}, {"type": "Feature", "geometry": {"type": "Polygon", "coordinates": [[[-121.90063692021891, 37.4466645422317], [-121.90077440737313, 37.44665678985403], [-121.9007907198804, 37.44694763825997], [-121.90065323182782, 37.4469553442504], [-121.90063692021891, 37.4466645422317]]]}, "properties": {"APN": "APN#", "Shape_Leng": 112.323864737, "Shape_Area": 626.079552078}}, {"type": "Feature", "geometry": {"type": "Polygon", "coordinates": [[[-121.89742839897235, 37.44638632737711], [-121.89765189592642, 37.44637152569382], [-121.89766233690334, 37.4463877411986], [-121.89775897047512, 37.44653784531483], [-121.89752047136042, 37.44655109997561], [-121.89742839897235, 37.44638632737711]]]}, "properties": {"APN": "APN#", "Shape_Leng": 199.054686594, "Shape_Area": 1719.22017247}}, {"type": "Feature", "geometry": {"type": "Polygon", "coordinates": [[[-121.89610963037572, 37.447612025079955], [-121.8962541567285, 37.44758910985292], [-121.89649818118315, 37.447842154435065], [-121.89618043356695, 37.447892606806704], [-121.89610963037572, 37.447612025079955]]]}, "properties": {"APN": "APN#", "Shape_Leng": 139.625436618, "Shape_Area": 1085.27161162}}, {"type": "Feature", "geometry": {"type": "Polygon", "coordinates": [[[-121.89908693289166, 37.44714201297715], [-121.89928971139736, 37.447110135712244], [-121.89935889616521, 37.447387924930524], [-121.8991561886253, 37.447420111291514], [-121.89908693289166, 37.44714201297715]]]}, "properties": {"APN": "APN#", "Shape_Leng": 128.186209749, "Shape_Area": 945.361268201}}, {"type": "Feature", "geometry": {"type": "Polygon", "coordinates": [[[-121.8967364864591, 37.4469102087451], [-121.89673600945369, 37.44688471584142], [-121.89731366570727, 37.44685231783932], [-121.8973266140238, 37.447000993223035], [-121.89710685466423, 37.44703533388124], [-121.89689871860618, 37.44706786516995], [-121.89690015321563, 37.44706365665719], [-121.89690140007728, 37.4470594117718], [-121.89690246008928, 37.44705513621908], [-121.89690332965854, 37.447050830712286], [-121.89690400788658, 37.447046503809666], [-121.89690449477342, 37.44704216192987], [-121.89690478852255, 37.44703780721244], [-121.89690488913382, 37.447033448215684], [-121.89690479750568, 37.447029089218674], [-121.89690451363808, 37.44702473521371], [-121.89690403663263, 37.44702039119304], [-121.89690336738778, 37.4470160642887], [-121.89690250859832, 37.44701175877966], [-121.89690145936612, 37.44700747894511], [-121.8969002205893, 37.44700323191693], [-121.89689879496298, 37.44699902268741], [-121.89689718338535, 37.446994856248836], [-121.89689539124633, 37.446990736880416], [-121.89689341495273, 37.446986671714015], [-121.896891261691, 37.44698266431552], [-121.89688893146115, 37.446978718964104], [-121.89688642785644, 37.446974842791654], [-121.89688375536845, 37.44697103865091], [-121.89688091579386, 37.44696731296058], [-121.89687791272586, 37.44696366928655], [-121.89687475155435, 37.44696011119489], [-121.89687143407602, 37.44695664510421], [-121.89686796568073, 37.44695327386728], [-121.89686434906339, 37.44695000318968], [-121.89686059141052, 37.44694683521091], [-121.89685669721383, 37.44694377634969], [-121.89685266647311, 37.44694082731922], [-121.89684851086659, 37.446937995251396], [-121.89684423039428, 37.446935280146235], [-121.89683983314096, 37.446932686996085], [-121.8968353253949, 37.44693022008004], [-121.89683070895263, 37.44692788082454], [-121.89682599369573, 37.44692567422181], [-121.89682118321736, 37.446923600271994], [-121.89681628290745, 37.44692166325412], [-121.89681130264752, 37.446919865307834], [-121.89680624423416, 37.44691820785949], [-121.89680111485387, 37.44691669376186], [-121.89679592259154, 37.44691532586768], [-121.89679067283704, 37.446914104176976], [-121.89678537187855, 37.4469130322557], [-121.89678002780093, 37.4469121079643], [-121.89677464599403, 37.446911336295095], [-121.89676923274615, 37.44691071368205], [-121.89676379614205, 37.44691024725724], [-121.8967583406733, 37.44690993202819], [-121.89675287622143, 37.44690977084781], [-121.89674740817634, 37.44690976300271], [-121.8967364864591, 37.4469102087451]]]}, "properties": {"APN": "APN#", "Shape_Leng": 171.042894694, "Shape_Area": 1251.11316194}}, {"type": "Feature", "geometry": {"type": "Polygon", "coordinates": [[[-121.90077440737313, 37.44665678985403], [-121.90091189362907, 37.44664901465347], [-121.90092817918692, 37.44693997577328], [-121.9007907198804, 37.44694763825997], [-121.90077440737313, 37.44665678985403]]]}, "properties": {"APN": "APN#", "Shape_Leng": 112.342520594, "Shape_Area": 626.178698682}}, {"type": "Feature", "geometry": {"type": "Polygon", "coordinates": [[[-121.89251559399295, 37.447193791662436], [-121.89276083496387, 37.447114110297285], [-121.89282071755905, 37.447110721237884], [-121.89284343505432, 37.44736642577081], [-121.89283788436413, 37.44736631594058], [-121.8928323354706, 37.447366367289824], [-121.89282679106869, 37.44736657910525], [-121.89282126014145, 37.44736695423979], [-121.89281574987557, 37.447367489840595], [-121.89281026835565, 37.44736818733402], [-121.89280482276843, 37.447369041727846], [-121.892799419402, 37.44737005587476], [-121.89279406723954, 37.44737122834833], [-121.89278877167088, 37.44737255415631], [-121.89278353988271, 37.4473740347251], [-121.89277838175637, 37.447375667915146], [-121.89277329998676, 37.44737744873407], [-121.89276830445547, 37.447379379321426], [-121.89276340145065, 37.44738145183231], [-121.89275859546389, 37.44738366697972], [-121.89274930598553, 37.447388510207546], [-121.89251559399295, 37.447193791662436]]]}, "properties": {"APN": "APN#", "Shape_Leng": 120.964584764, "Shape_Area": 831.067058621}}, {"type": "Feature", "geometry": {"type": "Polygon", "coordinates": [[[-121.89799178404702, 37.44634901568876], [-121.89821863322702, 37.44633399198782], [-121.89820978011899, 37.446512790897046], [-121.89791171641275, 37.44652934264655], [-121.89799178404702, 37.44634901568876]]]}, "properties": {"APN": "APN#", "Shape_Leng": 141.538786206, "Shape_Area": 1110.65353107}}, {"type": "Feature", "geometry": {"type": "Polygon", "coordinates": [[[-121.89449893939313, 37.44786570033233], [-121.89450823875295, 37.44786481813028], [-121.89452679165852, 37.44786278271805], [-121.89468886570211, 37.447837121115505], [-121.89475979612504, 37.44811817701502], [-121.89453608762409, 37.448153697608475], [-121.89449893939313, 37.44786570033233]]]}, "properties": {"APN": "APN#", "Shape_Leng": 129.449896333, "Shape_Area": 964.771861029}}, {"type": "Feature", "geometry": {"type": "Polygon", "coordinates": [[[-121.89289215248878, 37.44816133230167], [-121.89289764838168, 37.448161245294244], [-121.89290313798638, 37.44816099710897], [-121.89290861321803, 37.44816059273823], [-121.89291406509349, 37.44816002932928], [-121.89291948822287, 37.4481593083084], [-121.89292487541962, 37.44815843110195], [-121.89293021859895, 37.448157399136406], [-121.89293551237088, 37.44815621383795], [-121.89294074775236, 37.44815487378034], [-121.89294591845517, 37.44815338466889], [-121.89295101908935, 37.44815174935629], [-121.89295604067176, 37.44814996427677], [-121.89296097960923, 37.448148037275075], [-121.89296582602017, 37.448145968351405], [-121.89297057720974, 37.44814375964508], [-121.89297522149974, 37.44814141472208], [-121.89297975799194, 37.44813893928782], [-121.89298417860137, 37.448136331915784], [-121.89298847793836, 37.44813359973794], [-121.89299668943836, 37.44812777094881], [-121.89299907895702, 37.448126017248406], [-121.89300405921696, 37.448122693847026], [-121.89304058960265, 37.44827558164471], [-121.89285409892533, 37.448290387285425], [-121.89289215248878, 37.44816133230167]]]}, "properties": {"APN": "APN#", "Shape_Leng": 120.953955132, "Shape_Area": 763.936723622}}, {"type": "Feature", "geometry": {"type": "Polygon", "coordinates": [[[-121.89908693289166, 37.44714201297715], [-121.8991561886253, 37.447420111291514], [-121.89893137519215, 37.44745580765998], [-121.89888186098705, 37.447258401215656], [-121.89888121599665, 37.447255567733514], [-121.89888069587211, 37.447252717134816], [-121.89888029971502, 37.447249853698686], [-121.89888003111875, 37.44724698170427], [-121.89887988649002, 37.44724410400422], [-121.89887986942203, 37.44724122416454], [-121.8988799790165, 37.4472383450379], [-121.89888021437514, 37.44723547019027], [-121.89888057549786, 37.447232605327095], [-121.89888106238473, 37.44722974973523], [-121.89888167323913, 37.4472269119729], [-121.89888240806104, 37.44722409204007], [-121.89888326685042, 37.44722129421585], [-121.89888424781073, 37.44721852206617], [-121.89888534914526, 37.447215779156984], [-121.89888656995576, 37.44721306834099], [-121.89888791024212, 37.447210393184186], [-121.89888936551289, 37.44720775725247], [-121.8988909348697, 37.44720516268543], [-121.89889261921087, 37.44720261376209], [-121.89889441224823, 37.44720011404839], [-121.89889631487995, 37.44719766568401], [-121.8988983235129, 37.44719527223479], [-121.89890043545216, 37.4471929351271], [-121.898902648901, 37.44719065792689], [-121.89890496206286, 37.44718844420012], [-121.89890736864952, 37.447186296799444], [-121.89890986955929, 37.4471842178645], [-121.89891245850391, 37.44718221024809], [-121.89891513458515, 37.447180274663296], [-121.89891789420973, 37.44717841610245], [-121.89892073378434, 37.447176635278794], [-121.89892364971568, 37.44717493433186], [-121.89892663751235, 37.447173316114366], [-121.8989296953776, 37.44717178205269], [-121.8989328188198, 37.44717033428639], [-121.89893600424578, 37.44716897424192], [-121.89893924446908, 37.44716770334555], [-121.89894254038785, 37.447166523736904], [-121.89894588661227, 37.44716543684234], [-121.89894927685418, 37.44716444266191], [-121.8989527102152, 37.44716354476145], [-121.89895617950879, 37.44716274385422], [-121.89896321421577, 37.44716143230619], [-121.89908693289166, 37.44714201297715]]]}, "properties": {"APN": "APN#", "Shape_Leng": 128.632601806, "Shape_Area": 1025.23476028}}, {"type": "Feature", "geometry": {"type": "Polygon", "coordinates": [[[-121.89429126896616, 37.44657574688994], [-121.89448177821477, 37.44656546368166], [-121.89449304105497, 37.44671295570522], [-121.89430093812811, 37.446723204240826], [-121.89429126896616, 37.44657574688994]]]}, "properties": {"APN": "APN#", "Shape_Leng": 133.705066282, "Shape_Area": 968.68845187}}, {"type": "Feature", "geometry": {"type": "Polygon", "coordinates": [[[-121.89429126896616, 37.44657574688994], [-121.89430093812811, 37.446723204240826], [-121.89415644501294, 37.44673091667296], [-121.89415462053461, 37.44673098870513], [-121.89415279336133, 37.44673101010079], [-121.89415096708635, 37.446730978720495], [-121.8941491435063, 37.44673089670371], [-121.8941473262145, 37.44673076191089], [-121.89414551161762, 37.44673057719476], [-121.89414370959717, 37.446730341842205], [-121.89414191835645, 37.44673005514004], [-121.89414014148886, 37.44672971922776], [-121.89413838079089, 37.44672933125261], [-121.89413663716094, 37.44672889478061], [-121.89413491509055, 37.44672840981172], [-121.8941332145797, 37.44672787634591], [-121.89413154011999, 37.44672729723593], [-121.89412989081312, 37.44672666820272], [-121.89412827204899, 37.446725994238555], [-121.8941266829293, 37.44672527605664], [-121.89412512704718, 37.4467245122306], [-121.8941236061994, 37.44672370632629], [-121.89412212218262, 37.44672285620428], [-121.89412067589492, 37.446721966143635], [-121.89411927092986, 37.44672103471792], [-121.89411790638894, 37.44672006620642], [-121.89411658856042, 37.446719059182605], [-121.89411531474931, 37.44671801507294], [-121.89411408765066, 37.44671693601697], [-121.89411290906101, 37.44671582201466], [-121.89411178077707, 37.44671467734522], [-121.8941107045953, 37.44671349986899], [-121.8941096805159, 37.446712293865176], [-121.89410871123371, 37.44671106004692], [-121.89410779764702, 37.44670979770108], [-121.89410693885765, 37.44670851324631], [-121.89410613935702, 37.44670720382989], [-121.89410539645026, 37.446705872304584], [-121.89410471462898, 37.446704522236296], [-121.89410409389313, 37.44670315219865], [-121.89410353154774, 37.446701765757666], [-121.8941030329828, 37.44670036505281], [-121.89410259640155, 37.44669895079739], [-121.89410222270241, 37.44669752513085], [-121.89410191188531, 37.44669608876638], [-121.89410166574693, 37.44669464598327], [-121.89410136660791, 37.44669174330032], [-121.89409521650781, 37.44658632930524], [-121.89429126896616, 37.44657574688994]]]}, "properties": {"APN": "APN#", "Shape_Leng": 129.831491864, "Shape_Area": 980.723851447}}, {"type": "Feature", "geometry": {"type": "Polygon", "coordinates": [[[-121.89448325480826, 37.44718008994833], [-121.894840253387, 37.44715994032224], [-121.89484192066021, 37.44716427078423], [-121.89484377747787, 37.44716855488889], [-121.89484582204348, 37.447172782651734], [-121.89484805256032, 37.44717695121988], [-121.89485046453686, 37.447181054174806], [-121.89485305437985, 37.447185087237294], [-121.89485582208923, 37.44718904470197], [-121.89486187044602, 37.44719671786098], [-121.89486354849896, 37.44719876898136], [-121.89486513402547, 37.44720086717183], [-121.89486662522881, 37.447203008866595], [-121.89486801941416, 37.44720518978642], [-121.89486931388649, 37.44720741207092], [-121.89487051044242, 37.44720966787513], [-121.89487160459045, 37.44721195577254], [-121.89487259453388, 37.44721427504998], [-121.89487348117106, 37.44721662000201], [-121.89487426180706, 37.44721898920228], [-121.89487493644182, 37.447221377658465], [-121.89487550238046, 37.44722378465737], [-121.8948759632162, 37.4472262073463], [-121.89487631266083, 37.44722864073289], [-121.89487655520595, 37.44723108267758], [-121.89487668635999, 37.44723353032776], [-121.89487670881789, 37.447235978691], [-121.89487662168133, 37.447238427054174], [-121.89487642495028, 37.44724086971178], [-121.89487611952306, 37.44724330880334], [-121.89487570450143, 37.447245735057514], [-121.89487518168191, 37.44724814776114], [-121.89487455106456, 37.44725054477457], [-121.89487381354769, 37.447252923245216], [-121.89487297002965, 37.44725527818062], [-121.89487202140876, 37.4472576081545], [-121.89487097037986, 37.44725991031415], [-121.89486856109825, 37.447264414074155], [-121.89486026874988, 37.44727924973595], [-121.89485272020656, 37.44729433500917], [-121.89483989675587, 37.44732516096263], [-121.89448097668067, 37.447345471723686], [-121.89448325480826, 37.44718008994833]]]}, "properties": {"APN": "APN#", "Shape_Leng": 127.860836612, "Shape_Area": 975.770773925}}, {"type": "Feature", "geometry": {"type": "Polygon", "coordinates": [[[-121.90028973124305, 37.44631378092687], [-121.9004716467331, 37.4461847799067], [-121.90071851837573, 37.44616843012793], [-121.90063006517501, 37.44637735924997], [-121.9004003470922, 37.44639030869271], [-121.90028973124305, 37.44631378092687]]]}, "properties": {"APN": "APN#", "Shape_Leng": 151.908336107, "Shape_Area": 1265.64166158}}, {"type": "Feature", "geometry": {"type": "Polygon", "coordinates": [[[-121.89747446144823, 37.44739613912873], [-121.89767721120785, 37.4473641521418], [-121.89774686169028, 37.44764388702246], [-121.89754414175077, 37.447676075242185], [-121.89747446144823, 37.44739613912873]]]}, "properties": {"APN": "APN#", "Shape_Leng": 128.033030536, "Shape_Area": 943.615498933}}, {"type": "Feature", "geometry": {"type": "Polygon", "coordinates": [[[-121.89767721120785, 37.4473641521418], [-121.89780502081149, 37.44734397403791], [-121.89787996186574, 37.44733216371485], [-121.89794955300991, 37.44761170333316], [-121.89774686169028, 37.44764388702246], [-121.89767721120785, 37.4473641521418]]]}, "properties": {"APN": "APN#", "Shape_Leng": 128.114649793, "Shape_Area": 944.537741256}}, {"type": "Feature", "geometry": {"type": "Polygon", "coordinates": [[[-121.8986102517676, 37.44678420617721], [-121.89881636481968, 37.44677245567361], [-121.89884094901402, 37.44705466765554], [-121.89875524524439, 37.44706814188624], [-121.89863659576162, 37.44708685874604], [-121.8986102517676, 37.44678420617721]]]}, "properties": {"APN": "APN#", "Shape_Leng": 128.398287572, "Shape_Area": 945.476012616}}, {"type": "Feature", "geometry": {"type": "Polygon", "coordinates": [[[-121.89614906641667, 37.44712661529781], [-121.89659738503228, 37.44705563473637], [-121.89659847379043, 37.44705993667693], [-121.89659975388973, 37.44706420723711], [-121.89660122443182, 37.447068437145326], [-121.89660288092519, 37.4470726228358], [-121.89660472336986, 37.44707675931616], [-121.8966067499691, 37.44708084088102], [-121.89660895623146, 37.44708486325117], [-121.89661133856357, 37.44708882000796], [-121.89661389876217, 37.44709270615913], [-121.89661662784397, 37.44709651813877], [-121.89661952580911, 37.447100250241355], [-121.89662258996258, 37.44710389676139], [-121.8966258122195, 37.44710745698583], [-121.89662919168153, 37.44711092235629], [-121.89663272385725, 37.44711428930697], [-121.89663640335665, 37.44711755427194], [-121.89664022568819, 37.44712071368527], [-121.89664418636026, 37.447123761841475], [-121.89664828177968, 37.44712669731417], [-121.89665250386146, 37.44712951368473], [-121.89665684991081, 37.44713221024], [-121.89666131184288, 37.44713478127451], [-121.89666588606431, 37.447137223222306], [-121.89667056538856, 37.44713953465704], [-121.89667534622257, 37.44714171272602], [-121.89668022048124, 37.44714375386325], [-121.89669022681521, 37.44714741607129], [-121.8966929882364, 37.4471483788718], [-121.89669570653847, 37.44714941869642], [-121.89669837722981, 37.44715053269221], [-121.89670099761545, 37.44715172228569], [-121.89670356320394, 37.44715298319774], [-121.89670607309688, 37.44715431471508], [-121.8967085228026, 37.44715571612462], [-121.89671090872801, 37.44715718528674], [-121.89671322997472, 37.44715871934869], [-121.89671547935615, 37.44716031831055], [-121.89671766136404, 37.44716197717986], [-121.89671976701503, 37.44716369666996], [-121.89672179720756, 37.44716547535435], [-121.89672374655173, 37.447167308240864], [-121.89672561504757, 37.447169193902965], [-121.89672739820335, 37.44717113091445], [-121.89672909691754, 37.447173117135684], [-121.89673070669855, 37.4471751490006], [-121.89673222664801, 37.44717722508304], [-121.89673365496928, 37.44717934110378], [-121.89673498806921, 37.44718149706284], [-121.89673622594768, 37.447183687967915], [-121.89673736860468, 37.44718591167946], [-121.89673841154872, 37.447188168197435], [-121.89673935477981, 37.44719044967682], [-121.89674019739955, 37.44719275825711], [-121.89674157721186, 37.44719743675158], [-121.89674260218956, 37.44720161316342], [-121.89629057263352, 37.44727222772274], [-121.89614906641667, 37.44712661529781]]]}, "properties": {"APN": "APN#", "Shape_Leng": 155.181189666, "Shape_Area": 1169.50602911}}, {"type": "Feature", "geometry": {"type": "Polygon", "coordinates": [[[-121.89236389818595, 37.44735710089609], [-121.89235684281768, 37.447286753147786], [-121.89235669190069, 37.44728482826352], [-121.89235662722197, 37.44728290123953], [-121.89235664518831, 37.44728097278923], [-121.89235674939286, 37.44727904576522], [-121.89235693714079, 37.44727712515979], [-121.89235721022865, 37.44727520883341], [-121.89235756775813, 37.44727330177845], [-121.89235800793261, 37.44727140613438], [-121.89235853254873, 37.44726952332745], [-121.89235913801323, 37.447267658350206], [-121.89235982612271, 37.447265809063], [-121.89236059597893, 37.4472639811712], [-121.89236144488684, 37.44726217610128], [-121.8923623737449, 37.447260395279585], [-121.89236337806138, 37.44725864227206], [-121.89236446053125, 37.447256917791854], [-121.892365619358, 37.44725522469176], [-121.89236685004994, 37.4472535651113], [-121.89236815440373, 37.447251941190004], [-121.89236952882612, 37.44725035506748], [-121.89237097152048, 37.44724880817011], [-121.89237248158847, 37.44724730192417], [-121.89237405813176, 37.44724583989567], [-121.89237569665885, 37.4472444227978], [-121.89237739806804, 37.4472430513437], [-121.89237915786767, 37.44724172981249], [-121.89238097336286, 37.44724045677779], [-121.8923828472485, 37.44723923723201], [-121.89238477054154, 37.447238068322214], [-121.89238674593688, 37.4472369550409], [-121.89238876714626, 37.44723589881426], [-121.89239083506803, 37.447234898929295], [-121.89239294610898, 37.44723395823857], [-121.89239509667576, 37.44723307531588], [-121.89239950740378, 37.44723149489841], [-121.89251559399295, 37.447193791662436], [-121.89274930598553, 37.447388510207546], [-121.89274487279964, 37.44739110833422], [-121.89274056178458, 37.44739383126782], [-121.89273637653365, 37.44739667829521], [-121.89273232423338, 37.447399643710995], [-121.8927284084771, 37.447402724662176], [-121.89272463645122, 37.447405916869904], [-121.89272101085074, 37.4474092167681], [-121.8927175406588, 37.44741261793809], [-121.89271422497704, 37.44741611895363], [-121.89271107189039, 37.44741971268277], [-121.89270808409381, 37.44742339627287], [-121.89270526697703, 37.447427163305065], [-121.89270262143854, 37.44743100807406], [-121.89270015376647, 37.447434927727], [-121.89269786575746, 37.447438917271725], [-121.89269384220324, 37.447447079648434], [-121.89236389818595, 37.44735710089609]]]}, "properties": {"APN": "APN#", "Shape_Leng": 120.563490361, "Shape_Area": 851.645195459}}, {"type": "Feature", "geometry": {"type": "Polygon", "coordinates": [[[-121.89727171079024, 37.44742812610199], [-121.89747446144823, 37.44739613912873], [-121.89754414175077, 37.447676075242185], [-121.89734145095962, 37.44770825881981], [-121.89727171079024, 37.44742812610199]]]}, "properties": {"APN": "APN#", "Shape_Leng": 127.944819168, "Shape_Area": 942.531808447}}, {"type": "Feature", "geometry": {"type": "Polygon", "coordinates": [[[-121.89340106965683, 37.44797730130985], [-121.89346428679829, 37.447717441024686], [-121.89353161463055, 37.44772529385089], [-121.89370833839973, 37.44780919230735], [-121.8936016113575, 37.4479545031558], [-121.89359970064083, 37.447956999991526], [-121.8935976794315, 37.447959441199274], [-121.89359555042427, 37.44796182392642], [-121.89359331721249, 37.447964145320256], [-121.89359098069437, 37.44796640110152], [-121.89358854536167, 37.4479685891309], [-121.89358601570582, 37.44797070798196], [-121.89358339172688, 37.44797275266252], [-121.89358067971305, 37.44797472317248], [-121.89357788056265, 37.44797661523288], [-121.89357500056379, 37.447978425990954], [-121.89357203971664, 37.44798015473364], [-121.89356900520758, 37.44798179932122], [-121.89356589883336, 37.447983356187976], [-121.89356272508546, 37.447984823907454], [-121.89355948755721, 37.44798620105341], [-121.8935561916384, 37.447987486199374], [-121.89355284002403, 37.44798867577957], [-121.8935494381041, 37.44798977193347], [-121.89354598947168, 37.44799076966887], [-121.89354249772018, 37.4479916696989], [-121.89353896913777, 37.44799246988406], [-121.89353540552105, 37.44799317022439], [-121.89353181495484, 37.447993769293525], [-121.89352819923582, 37.44799426566509], [-121.89352456195724, 37.44799466005224], [-121.8935209121022, 37.44799495102867], [-121.89351725056916, 37.44799513930753], [-121.89351358274783, 37.447995222749256], [-121.89350991312986, 37.44799520206715], [-121.89350624800356, 37.44799507797422], [-121.8935025891654, 37.4479948511838], [-121.89349894380197, 37.44799452098266], [-121.89349531550654, 37.4479940859443], [-121.89349170877064, 37.44799355034806], [-121.89348457794392, 37.447992171775866], [-121.89345696642704, 37.447986432122946], [-121.89340106965683, 37.44797730130985]]]}, "properties": {"APN": "APN#", "Shape_Leng": 115.851035855, "Shape_Area": 842.522404552}}, {"type": "Feature", "geometry": {"type": "Polygon", "coordinates": [[[-121.89555862852094, 37.44650733799395], [-121.89578881680126, 37.446494913000144], [-121.89601546753347, 37.446479902471204], [-121.89602874337258, 37.44663399628993], [-121.8960303944761, 37.4466531811112], [-121.89571722290344, 37.446671028696166], [-121.89555862852094, 37.44650733799395]]]}, "properties": {"APN": "APN#", "Shape_Leng": 560.711081116, "Shape_Area": 13288.4495505}}, {"type": "Feature", "geometry": {"type": "Polygon", "coordinates": [[[-121.89936343463619, 37.446258174370016], [-121.89958000842724, 37.44624383116717], [-121.89971983104364, 37.446428846768804], [-121.89933085423745, 37.44645046933376], [-121.89936343463619, 37.446258174370016]]]}, "properties": {"APN": "APN#", "Shape_Leng": 150.021492031, "Shape_Area": 1211.36431615}}, {"type": "Feature", "geometry": {"type": "Polygon", "coordinates": [[[-121.89307732042167, 37.44773180732421], [-121.8932491375928, 37.44772210023046], [-121.89326992999834, 37.447968397286054], [-121.89325520122097, 37.44796847216972], [-121.89322576163245, 37.4479692652234], [-121.89309799514793, 37.447976481868686], [-121.89307732042167, 37.44773180732421]]]}, "properties": {"APN": "APN#", "Shape_Leng": 107.349826879, "Shape_Area": 659.771650938}}, {"type": "Feature", "geometry": {"type": "Polygon", "coordinates": [[[-121.89266383566786, 37.44827059044417], [-121.89279810337007, 37.448135438306096], [-121.89280235240142, 37.44813801073249], [-121.8928067128238, 37.44814046191881], [-121.89281117924737, 37.44814278901241], [-121.89281574448562, 37.4481449898738], [-121.89282040494535, 37.448147060937075], [-121.89282515343992, 37.44814900006276], [-121.89282998547789, 37.4481508036849], [-121.89283489387253, 37.44815247180362], [-121.89283987323418, 37.44815400227925], [-121.89284491547784, 37.44815539011973], [-121.8928500170104, 37.448156636038135], [-121.89285517064513, 37.44815773932134], [-121.89286036739908, 37.4481586949771], [-121.8928656063738, 37.44815950585812], [-121.89287087589123, 37.44816016911179], [-121.8928761723582, 37.448160684024785], [-121.89288148858802, 37.44816104774449], [-121.89289215248878, 37.44816133230167], [-121.89285409892533, 37.448290387285425], [-121.89285138180108, 37.448290603000004], [-121.89266383566786, 37.44827059044417]]]}, "properties": {"APN": "APN#", "Shape_Leng": 150.409641518, "Shape_Area": 1068.32903429}}, {"type": "Feature", "geometry": {"type": "Polygon", "coordinates": [[[-121.89784717335793, 37.44699339778137], [-121.89821237086025, 37.446972750300276], [-121.8982278901551, 37.44715131077764], [-121.89796010596213, 37.44719355131909], [-121.89795709121607, 37.447193980656486], [-121.89795405940201, 37.447194327264505], [-121.8979510159098, 37.44719458472433], [-121.89794796163784, 37.44719475874148], [-121.8979449028743, 37.447194845036925], [-121.89794184051749, 37.4471948443237], [-121.89793878085564, 37.44719475731512], [-121.89793572658363, 37.44719458187155], [-121.89793268219317, 37.44719432227218], [-121.8979296521757, 37.44719397495103], [-121.89792663922624, 37.447193542047614], [-121.8979236460397, 37.44719302427522], [-121.89792067890437, 37.44719242234693], [-121.89791773961676, 37.447191736976045], [-121.89791483446507, 37.44719096816247], [-121.8979119652461, 37.44719011733254], [-121.89790913465465, 37.44718918591267], [-121.8979063480806, 37.44718817604244], [-121.897903608219, 37.44718708629548], [-121.89790091776472, 37.4471859202377], [-121.89789828210766, 37.447184677869046], [-121.89789570304448, 37.447183362042274], [-121.89789318237186, 37.44718197489699], [-121.89789072817445, 37.44718051571995], [-121.89788833955409, 37.44717899021666], [-121.89788602100239, 37.44717739624752], [-121.89788377521414, 37.4471757366653], [-121.89788160308777, 37.44717401574915], [-121.89787951001323, 37.44717223492539], [-121.89787749778696, 37.44717039419395], [-121.89787556820573, 37.44716849926046], [-121.89787372486275, 37.447166548698405], [-121.897871970453, 37.447164550352895], [-121.89787030587476, 37.447162500657996], [-121.8978687329247, 37.447160406745546], [-121.89786725339948, 37.44715826932868], [-121.89786587268888, 37.447156091260204], [-121.89786458809796, 37.447153874679636], [-121.89786340322013, 37.44715162315294], [-121.89786232075019, 37.44714934024598], [-121.89786133978993, 37.447147026671985], [-121.89786046303418, 37.44714468884961], [-121.89785969048305, 37.447142326778824], [-121.89785902393312, 37.44713994402565], [-121.89785846518103, 37.44713754415585], [-121.89785801243009, 37.44713512930912], [-121.89785743122012, 37.44713026966161], [-121.89784717335793, 37.44699339778137]]]}, "properties": {"APN": "APN#", "Shape_Leng": 131.860665142, "Shape_Area": 1104.57751077}}, {"type": "Feature", "geometry": {"type": "Polygon", "coordinates": [[[-121.90092598639924, 37.447344555282676], [-121.90106341067147, 37.44733648275595], [-121.90106709968724, 37.44737791628157], [-121.90093092560495, 37.44740002974835], [-121.90092598639924, 37.447344555282676]]]}, "properties": {"APN": "APN#", "Shape_Leng": 108.342195661, "Shape_Area": 595.673679794}}, {"type": "Feature", "geometry": {"type": "Polygon", "coordinates": [[[-121.8957025004142, 37.447676517310384], [-121.89590519268165, 37.447644395652134], [-121.89597606461759, 37.447925056751096], [-121.89577332860266, 37.44795724740232], [-121.8957025004142, 37.447676517310384]]]}, "properties": {"APN": "APN#", "Shape_Leng": 128.06643388, "Shape_Area": 943.964329949}}, {"type": "Feature", "geometry": {"type": "Polygon", "coordinates": [[[-121.89446834007961, 37.44701191425439], [-121.89448325480826, 37.44718008994833], [-121.89412401403456, 37.44719857214225], [-121.89411495272829, 37.44710080296049], [-121.89411478294667, 37.44709840522904], [-121.8941147191663, 37.44709600321842], [-121.89411475959048, 37.44709360120765], [-121.89411490691421, 37.44709120276281], [-121.89411515844249, 37.4470888093102], [-121.8941155150737, 37.447086423702515], [-121.89411597590943, 37.44708405021893], [-121.8941165409497, 37.447081690285806], [-121.89411720839797, 37.44707934818231], [-121.8941179800508, 37.44707702604786], [-121.8941188514166, 37.44707472673534], [-121.89411982339374, 37.447072453097505], [-121.89412089418558, 37.44707020727385], [-121.89412206289379, 37.44706799425668], [-121.89412332951832, 37.447065814045985], [-121.89412468956762, 37.44706367020773], [-121.8941261430418, 37.447061567021116], [-121.89412768814405, 37.44705950377277], [-121.89412932307789, 37.44705748616842], [-121.89413104514827, 37.447055516347476], [-121.8941328525586, 37.447053594309914], [-121.89413474441062, 37.447051724334976], [-121.89413671621269, 37.44704990713579], [-121.89413876437152, 37.447048146991385], [-121.89414089158211, 37.447046445328326], [-121.89414309065792, 37.447044802859764], [-121.89414536159899, 37.44704322386469], [-121.89414769901533, 37.447041709056364], [-121.89415010200875, 37.447040259861225], [-121.89415256698588, 37.44703887984514], [-121.8941550903535, 37.447037568294945], [-121.89415767121332, 37.44703632735022], [-121.8941603041754, 37.44703516129007], [-121.89416298744321, 37.44703406726175], [-121.89416571652501, 37.447033048831145], [-121.894168488726, 37.44703210813795], [-121.89417130045281, 37.44703124518207], [-121.89417414721396, 37.4470304606767], [-121.89417702811105, 37.447029756048224], [-121.89417993775427, 37.44702913272307], [-121.89418287344864, 37.44702859070115], [-121.89418582980423, 37.44702812998252], [-121.89418880502443, 37.447027752706774], [-121.89419479678737, 37.44702724919693], [-121.89446834007961, 37.44701191425439]]]}, "properties": {"APN": "APN#", "Shape_Leng": 123.113303863, "Shape_Area": 923.547404844}}, {"type": "Feature", "geometry": {"type": "Polygon", "coordinates": [[[-121.89710685466423, 37.44703533388124], [-121.8973266140238, 37.447000993223035], [-121.89733078849491, 37.4470491711273], [-121.89735171205452, 37.44728953884545], [-121.89717701398627, 37.447317094139244], [-121.89710685466423, 37.44703533388124]]]}, "properties": {"APN": "APN#", "Shape_Leng": 125.587200839, "Shape_Area": 900.814019732}}, {"type": "Feature", "geometry": {"type": "Polygon", "coordinates": [[[-121.89448051943823, 37.447374752900785], [-121.89448097668067, 37.447345471723686], [-121.89483989675587, 37.44732516096263], [-121.89483506022636, 37.44733951022099], [-121.89483087946707, 37.447353989989274], [-121.89482735896947, 37.44736858029817], [-121.89482450322517, 37.447383264031174], [-121.8948223149291, 37.44739801907964], [-121.89482079947122, 37.44741282832713], [-121.89481995685153, 37.447427671091326], [-121.89481978886656, 37.44744252882938], [-121.89482029821131, 37.44745738228533], [-121.89482147859759, 37.447472209350636], [-121.89482585698627, 37.44750171584371], [-121.89443771291832, 37.44756673378404], [-121.89448051943823, 37.447374752900785]]]}, "properties": {"APN": "APN#", "Shape_Leng": 140.65670406, "Shape_Area": 1109.44225574}}, {"type": "Feature", "geometry": {"type": "Polygon", "coordinates": [[[-121.89575885712186, 37.4472314442623], [-121.89588601275204, 37.44721157493175], [-121.89614772613027, 37.44747997876023], [-121.89583405778923, 37.447529694689436], [-121.89575885712186, 37.4472314442623]]]}, "properties": {"APN": "APN#", "Shape_Leng": 140.275664853, "Shape_Area": 1066.23439983}}, {"type": "Feature", "geometry": {"type": "Polygon", "coordinates": [[[-121.9004716467331, 37.4461847799067], [-121.90028973124305, 37.44631378092687], [-121.90026410500296, 37.446296072329574], [-121.90025502303544, 37.44620866967788], [-121.90025356384203, 37.44619922306527], [-121.9004716467331, 37.4461847799067]]]}, "properties": {"APN": "APN#", "Shape_Leng": 151.152670152, "Shape_Area": 1215.79080968}}, {"type": "Feature", "geometry": {"type": "Polygon", "coordinates": [[[-121.89969862720969, 37.446997198355035], [-121.89970112003462, 37.446993128196716], [-121.89970343319648, 37.44698899171161], [-121.89970556220365, 37.44698479317914], [-121.89970750436132, 37.446980536165064], [-121.8997092596694, 37.44697622922757], [-121.8997108245346, 37.446971873793196], [-121.89971219536376, 37.446967479133214], [-121.89971337305505, 37.44696304810036], [-121.89971435491371, 37.4469585856871], [-121.89971513914291, 37.44695410116477], [-121.89971572574278, 37.44694959595967], [-121.89971611381502, 37.44694507720368], [-121.89971630335951, 37.44694054988933], [-121.89971629347808, 37.446936021148176], [-121.89971608417062, 37.44693149383321], [-121.89971567453881, 37.446926977215725], [-121.899715068176, 37.4469224741486], [-121.89971426238718, 37.446917990337205], [-121.89971325986735, 37.44691353077401], [-121.89971206420974, 37.44690910401712], [-121.89971067182104, 37.446904712919384], [-121.89970908719283, 37.44690036318634], [-121.89970731391848, 37.446896061236544], [-121.89970320322772, 37.44688761709045], [-121.90007734795032, 37.44686646678249], [-121.90007637956649, 37.446902099085754], [-121.90007380679148, 37.44693768002253], [-121.90006963142206, 37.44697316394889], [-121.90006386064465, 37.44700850522113], [-121.90005649805259, 37.447043658195305], [-121.90003704773004, 37.4471132181018], [-121.90003452076914, 37.447120847764204], [-121.90003389194844, 37.44712252589045], [-121.89969862720969, 37.446997198355035]]]}, "properties": {"APN": "APN#", "Shape_Leng": 135.206990097, "Shape_Area": 1041.7432224}}, {"type": "Feature", "geometry": {"type": "Polygon", "coordinates": [[[-121.89346428679829, 37.447717441024686], [-121.89342092781447, 37.447712391709125], [-121.89340010037458, 37.447465775731196], [-121.89354011359141, 37.447457863683546], [-121.89354317055832, 37.447457735310714], [-121.8935462320168, 37.44745769323297], [-121.89354929347533, 37.4474577367371], [-121.89355235223887, 37.447457868675876], [-121.89355540112092, 37.44745808690976], [-121.89355844012152, 37.44745839072561], [-121.89356146295246, 37.447458782262856], [-121.89356446602049, 37.447459257242386], [-121.89356744663057, 37.447459817090746], [-121.89357039939293, 37.44746046180788], [-121.89357332251083, 37.447461190680485], [-121.89357621059452, 37.44746200014272], [-121.89357906274552, 37.44746289233408], [-121.8935818708791, 37.44746386368874], [-121.89358463499524, 37.44746491491982], [-121.89358734970403, 37.44746604317465], [-121.89359001410713, 37.447467247739915], [-121.89359262191647, 37.44746852718933], [-121.8935951704369, 37.447469880096584], [-121.89359765787192, 37.4474713043221], [-121.89360007972991, 37.447472797726185], [-121.89360243421424, 37.447474358882616], [-121.89360471683341, 37.447475985651764], [-121.89360692579066, 37.4474776773205], [-121.89360905839115, 37.44747942889654], [-121.89361111104158, 37.44748123966668], [-121.893613081047, 37.44748311034414], [-121.89361676593632, 37.44748700931208], [-121.89361996753199, 37.44749052173499], [-121.89362332184125, 37.44749394429684], [-121.89362682437255, 37.447497267726156], [-121.89363047243093, 37.44750049487576], [-121.89363425882982, 37.44750361576107], [-121.89363818177267, 37.44750662824254], [-121.89364223407297, 37.44750953089387], [-121.89364641303563, 37.447512315869965], [-121.89365071057598, 37.44751498388424], [-121.89365512399894, 37.44751752923101], [-121.89365964701639, 37.44751994977088], [-121.89366427244181, 37.447522241224675], [-121.89366899847855, 37.44752440216607], [-121.89367871824987, 37.447528321101025], [-121.89353161463055, 37.44772529385089], [-121.89346428679829, 37.447717441024686]]]}, "properties": {"APN": "APN#", "Shape_Leng": 113.851500353, "Shape_Area": 811.631384881}}, {"type": "Feature", "geometry": {"type": "Polygon", "coordinates": [[[-121.892425826245, 37.447974089157505], [-121.8927314250198, 37.44795473779135], [-121.89274043152882, 37.44804502177784], [-121.89274075222738, 37.44804957826566], [-121.89274128762327, 37.44805411977656], [-121.89274203771659, 37.448058644170885], [-121.89274300250723, 37.44806314075106], [-121.89274417840193, 37.448067606664374], [-121.89274716080864, 37.44807641582375], [-121.89244264719868, 37.448141578752576], [-121.892425826245, 37.447974089157505]]]}, "properties": {"APN": "APN#", "Shape_Leng": 109.971530834, "Shape_Area": 696.232045795}}, {"type": "Feature", "geometry": {"type": "Polygon", "coordinates": [[[-121.89498508876031, 37.44699545033365], [-121.8949837358975, 37.44698301377726], [-121.8956279016181, 37.44694688228123], [-121.89578681359181, 37.44710984330599], [-121.89515552881413, 37.44714550330753], [-121.89515637053552, 37.447140990268956], [-121.89515701283098, 37.447136457260854], [-121.89515745210711, 37.447131907849325], [-121.89515769105901, 37.447127349165974], [-121.89515772788995, 37.447122788342824], [-121.89515756170162, 37.44711822680621], [-121.89515719339234, 37.44711367382755], [-121.89515662386046, 37.44710913368597], [-121.89515585490258, 37.44710461422654], [-121.89515488472203, 37.44710011687553], [-121.89515371421723, 37.4470956523309], [-121.895152348778, 37.44709122130565], [-121.89515078750603, 37.44708683164502], [-121.89514903219796, 37.44708248976756], [-121.89514708554879, 37.447078199239265], [-121.895144949355, 37.4470739657656], [-121.89514262810829, 37.447069795765316], [-121.89514012360527, 37.44706569494383], [-121.89513743674422, 37.44706166615404], [-121.89513457471179, 37.44705771510126], [-121.89513154020273, 37.447053848204305], [-121.89512833501381, 37.447050068315924], [-121.89512496363656, 37.44704638185476], [-121.89512143146088, 37.44704279167362], [-121.89511774297833, 37.447039304904344], [-121.8951139026805, 37.44703592297343], [-121.89510991236399, 37.447032652299356], [-121.89510578191029, 37.44702949430875], [-121.89510151401436, 37.44702645613325], [-121.89509711316778, 37.44702353991269], [-121.8950925865571, 37.44702074778645], [-121.89508793867378, 37.44701808831286], [-121.89508317580614, 37.44701555935239], [-121.8950783042424, 37.447013167323746], [-121.89507332847401, 37.447010912226844], [-121.89506825568762, 37.447008799054075], [-121.895063093968, 37.44700683065817], [-121.89505784780674, 37.447005009178824], [-121.89505252439035, 37.447003336755415], [-121.89504712910878, 37.447001814814435], [-121.89504167004675, 37.44700044478228], [-121.89503615439092, 37.446999231651176], [-121.89503058842946, 37.446998173994864], [-121.89502497845051, 37.4469972739529], [-121.89501933253892, 37.44699653223839], [-121.89501365698298, 37.446995950277795], [-121.89500795896912, 37.44699552807104], [-121.89500224658222, 37.44699526704457], [-121.89499652611048, 37.44699516577205], [-121.89498508876031, 37.44699545033365]]]}, "properties": {"APN": "APN#", "Shape_Leng": 205.545931925, "Shape_Area": 1592.17863306}}, {"type": "Feature", "geometry": {"type": "Polygon", "coordinates": [[[-121.89881636481968, 37.44677245567361], [-121.89905970405707, 37.44675861481042], [-121.89907939512814, 37.44701721679861], [-121.89884094901402, 37.44705466765554], [-121.89881636481968, 37.44677245567361]]]}, "properties": {"APN": "APN#", "Shape_Leng": 130.207190802, "Shape_Area": 1025.59891922}}, {"type": "Feature", "geometry": {"type": "Polygon", "coordinates": [[[-121.89244264719868, 37.448141578752576], [-121.89274716080864, 37.44807641582375], [-121.89274884604811, 37.44808047807829], [-121.89275071184896, 37.448084489696996], [-121.89275275282131, 37.44808844568775], [-121.89275496896511, 37.44809234319783], [-121.89275735668713, 37.44809617509543], [-121.89275991239411, 37.44809993710158], [-121.89276263339111, 37.44810362493713], [-121.89276551788153, 37.44810723289681], [-121.89276855957702, 37.44811075670146], [-121.89277175757947, 37.44811419421163], [-121.89277510470217, 37.44811753829549], [-121.892778597352, 37.44812078610046], [-121.89278223373229, 37.448123933347375], [-121.8927860075548, 37.44812697575731], [-121.89278991253136, 37.448129909764276], [-121.89279810337007, 37.448135438306096], [-121.89266383566786, 37.44827059044417], [-121.89245334207581, 37.44824812921882], [-121.89244264719868, 37.448141578752576]]]}, "properties": {"APN": "APN#", "Shape_Leng": 148.351772826, "Shape_Area": 1048.66840502}}, {"type": "Feature", "geometry": {"type": "Polygon", "coordinates": [[[-121.89432938597649, 37.44786602126279], [-121.89435758858487, 37.447868035992634], [-121.89438586395671, 37.44786922414835], [-121.89441417436292, 37.44786958501676], [-121.89444248297245, 37.44786911717154], [-121.89449893939313, 37.44786570033233], [-121.89453608762409, 37.448153697608475], [-121.89449634480121, 37.44816000800015], [-121.8942941073148, 37.448176063817066], [-121.89432938597649, 37.44786602126279]]]}, "properties": {"APN": "APN#", "Shape_Leng": 134.982558044, "Shape_Area": 1007.79113059}}, {"type": "Feature", "geometry": {"type": "Polygon", "coordinates": [[[-121.90136145461473, 37.447292684701], [-121.9015925126993, 37.447279601886144], [-121.9015931888014, 37.44729248400016], [-121.90136474156795, 37.44732958184939], [-121.90136145461473, 37.447292684701]]]}, "properties": {"APN": "APN#", "Shape_Leng": 110.47414762, "Shape_Area": 622.81167919}}, {"type": "Feature", "geometry": {"type": "Polygon", "coordinates": [[[-121.89629057263352, 37.44727222772274], [-121.89674260218956, 37.44720161316342], [-121.89676995139834, 37.447311410062824], [-121.89677049487916, 37.44731382276436], [-121.89677092876545, 37.44731624830304], [-121.89677125575218, 37.44731868382627], [-121.89677147224619, 37.44732112933403], [-121.89677158094234, 37.44732357769436], [-121.89677157824732, 37.44732602819416], [-121.89677146685631, 37.447328477267554], [-121.8967712440741, 37.447330921348666], [-121.89677091349405, 37.447333358297726], [-121.89677047421785, 37.44733578312267], [-121.89676992714386, 37.44733819368379], [-121.89676927137373, 37.447340587841616], [-121.89676850960234, 37.44734296203025], [-121.89676764182981, 37.447345312683765], [-121.8967666689543, 37.44734763766257], [-121.8967655936709, 37.44734993268757], [-121.89676441597956, 37.44735219633243], [-121.89676313677863, 37.447354424318036], [-121.89676175966136, 37.44735661521806], [-121.89676028552594, 37.44735876475338], [-121.89675871437247, 37.447360872210744], [-121.89675705159092, 37.44736293331122], [-121.89675529807944, 37.447364943775504], [-121.89675345473651, 37.44736690574328], [-121.89675152515527, 37.44736881279595], [-121.89674951023409, 37.447370664220216], [-121.89674741446453, 37.447372455736975], [-121.89674524054156, 37.44737418805957], [-121.89674298936342, 37.44737585690869], [-121.89674066721842, 37.4473774608582], [-121.89673827141155, 37.447378997768375], [-121.89673581002768, 37.44738046478655], [-121.89673328576171, 37.447381861912724], [-121.8967306977154, 37.44738318629419], [-121.89672805487186, 37.447384435791356], [-121.89672535723102, 37.44738560826475], [-121.89672260748792, 37.447386703714265], [-121.8967198110325, 37.44738772071365], [-121.89671697145785, 37.44738865783648], [-121.89671409056076, 37.44738951365647], [-121.89671117373105, 37.4473902867471], [-121.89670822456193, 37.44739097568212], [-121.89670224268049, 37.44739209965897], [-121.89644645279319, 37.44743263698369], [-121.89629057263352, 37.44727222772274]]]}, "properties": {"APN": "APN#", "Shape_Leng": 139.515852182, "Shape_Area": 1120.84704033}}, {"type": "Feature", "geometry": {"type": "Polygon", "coordinates": [[[-121.89954550308131, 37.446809612819315], [-121.89953849352713, 37.4467313666956], [-121.89999657772815, 37.446705279643815], [-121.89999915140145, 37.4467052732251], [-121.90000172417649, 37.446705336699], [-121.90000429245985, 37.446705474344654], [-121.90000685176011, 37.44670568402249], [-121.9000094011789, 37.44670596573246], [-121.9000119362246, 37.44670632018775], [-121.90001445420235, 37.44670674524891], [-121.9000169506205, 37.44670724234213], [-121.9000194236825, 37.44670780790162], [-121.90002187069332, 37.446708444780086], [-121.90002428716143, 37.44670914869839], [-121.90002667039192, 37.44670992179609], [-121.90002901948634, 37.44671076193361], [-121.90003132815666, 37.44671166768454], [-121.90003359550442, 37.44671263833578], [-121.90003581793643, 37.44671367174772], [-121.90003799455435, 37.446714769346634], [-121.90004011906997, 37.446715924713956], [-121.90004219148335, 37.446717142841976], [-121.90004420820121, 37.44671841731189], [-121.90004616652847, 37.44671974669744], [-121.90004806556702, 37.446721131711726], [-121.90004990262175, 37.446722570215236], [-121.9000516732012, 37.44672405935519], [-121.90005337550866, 37.44672559770517], [-121.90005500954413, 37.446727183125624], [-121.90005657171446, 37.44672881276375], [-121.90005806022282, 37.446730487332914], [-121.90005947237454, 37.4467322011274], [-121.90006080906765, 37.44673395628681], [-121.90006206760735, 37.44673574567926], [-121.90006324440039, 37.44673757001803], [-121.90006433765006, 37.44673942573706], [-121.9000653500514, 37.446741314262745], [-121.90006627621445, 37.446743227749984], [-121.90006711793583, 37.446745166912066], [-121.9000678725207, 37.44674712818291], [-121.90006853907069, 37.446749110136174], [-121.90006911668736, 37.44675110991917], [-121.9000700051212, 37.446755150849974], [-121.90007402508208, 37.44679026471791], [-121.90007735423856, 37.446860722050836], [-121.90007734795032, 37.44686646678249], [-121.89970320322772, 37.44688761709045], [-121.89970081640405, 37.44688339073794], [-121.89969824093413, 37.446879235703946], [-121.89969548041122, 37.44687515769411], [-121.89969253842867, 37.44687116170068], [-121.8996894176814, 37.446867252715926], [-121.89968612355928, 37.44686343501912], [-121.89968265965551, 37.44685971431575], [-121.89967903046177, 37.44685609417177], [-121.89967523957127, 37.44685258029259], [-121.8996712923739, 37.446849177670714], [-121.8996671978528, 37.44684589129842], [-121.89966295510973, 37.44684272331522], [-121.89965857402612, 37.44683967800032], [-121.89965405639856, 37.446836760346066], [-121.89964941300686, 37.44683397534476], [-121.89964464654597, 37.44683132228324], [-121.89963976420238, 37.446828809719825], [-121.89963477046767, 37.44682643765441], [-121.8996296734268, 37.44682420965308], [-121.8996244793678, 37.446822129994935], [-121.89961919547731, 37.44682020010631], [-121.8996138280435, 37.44681842212688], [-121.89960838335458, 37.44681680033569], [-121.89960286949535, 37.44681533330652], [-121.89959729455069, 37.44681402531832], [-121.89959166211386, 37.44681287922401], [-121.89958598296464, 37.446811894310244], [-121.8995802633912, 37.44681107129038], [-121.89957450878353, 37.44681041373034], [-121.89956872992126, 37.44680992234324], [-121.89956293219446, 37.44680959498959], [-121.89955712368781, 37.44680943523534], [-121.89954550308131, 37.446809612819315]]]}, "properties": {"APN": "APN#", "Shape_Leng": 153.31133853, "Shape_Area": 1199.98194204}}, {"type": "Feature", "geometry": {"type": "Polygon", "coordinates": [[[-121.89721930002935, 37.446400175510945], [-121.89742839897235, 37.44638632737711], [-121.89752047136042, 37.44655109997561], [-121.89729886775959, 37.4465634210669], [-121.89721930002935, 37.446400175510945]]]}, "properties": {"APN": "APN#", "Shape_Leng": 179.700096863, "Shape_Area": 1468.4116798}}, {"type": "Feature", "geometry": {"type": "Polygon", "coordinates": [[[-121.90091189362907, 37.44664901465347], [-121.901049379885, 37.44664126227412], [-121.90106569688383, 37.44693229331654], [-121.90092817918692, 37.44693997577328], [-121.90091189362907, 37.44664901465347]]]}, "properties": {"APN": "APN#", "Shape_Leng": 112.3745708, "Shape_Area": 626.507096665}}, {"type": "Feature", "geometry": {"type": "Polygon", "coordinates": [[[-121.90135142222965, 37.44718037023011], [-121.9015866057502, 37.44716705370614], [-121.9015925126993, 37.447279601886144], [-121.90136145461473, 37.447292684701], [-121.90135142222965, 37.44718037023011]]]}, "properties": {"APN": "APN#", "Shape_Leng": 110.477724934, "Shape_Area": 622.84686096}}, {"type": "Feature", "geometry": {"type": "Polygon", "coordinates": [[[-121.89655256987942, 37.44754184017681], [-121.89686618072828, 37.447492145651125], [-121.89693604479848, 37.44777262983614], [-121.89679572215469, 37.44779491046936], [-121.89655256987942, 37.44754184017681]]]}, "properties": {"APN": "APN#", "Shape_Leng": 137.446948313, "Shape_Area": 1044.56073111}}, {"type": "Feature", "geometry": {"type": "Polygon", "coordinates": [[[-121.89226344497754, 37.44671564300406], [-121.89241636249348, 37.446682469691204], [-121.89241451309117, 37.446677049358776], [-121.89304672478399, 37.44664292420837], [-121.8930972881738, 37.44679465225635], [-121.89256486119646, 37.446824730280774], [-121.89230570352521, 37.446760210928026], [-121.8923039239626, 37.44675974093629], [-121.89230216685793, 37.446759218881745], [-121.89230043490605, 37.44675864690392], [-121.89229872990366, 37.446758024289686], [-121.89229705364728, 37.44675735317855], [-121.89229541062868, 37.44675663428373], [-121.89229379994933, 37.44675586831843], [-121.89229222520261, 37.44675505528257], [-121.8922906890835, 37.4467541987422], [-121.89228919249027, 37.446753297270895], [-121.89228773811779, 37.446752353721436], [-121.89228632776282, 37.44675136880693], [-121.89228496322191, 37.446750343953816], [-121.89228364539339, 37.44674927916213], [-121.89228237876884, 37.446748177284505], [-121.89228116155162, 37.44674703974744], [-121.89227999643666, 37.44674586797721], [-121.8922788870173, 37.44674466411352], [-121.89227783239521, 37.44674342672987], [-121.89227683436687, 37.44674216224498], [-121.89227589472912, 37.44674086780615], [-121.89227501438013, 37.446739546979245], [-121.89227419601494, 37.44673820333028], [-121.89227274254075, 37.44673544685287], [-121.89226344497754, 37.44671564300406]]]}, "properties": {"APN": "APN#", "Shape_Leng": 279.893543944, "Shape_Area": 4199.50296307}}, {"type": "Feature", "geometry": {"type": "Polygon", "coordinates": [[[-121.89859889126953, 37.44630880836303], [-121.89880649690382, 37.4462950591107], [-121.89889963235828, 37.44647444827886], [-121.89863429158291, 37.44648919209553], [-121.89859889126953, 37.44630880836303]]]}, "properties": {"APN": "APN#", "Shape_Leng": 135.447618275, "Shape_Area": 1023.57993447}}, {"type": "Feature", "geometry": {"type": "Polygon", "coordinates": [[[-121.89300405921696, 37.448122693847026], [-121.89300694640232, 37.44812094585193], [-121.89300991084275, 37.44811927773258], [-121.89301294625011, 37.44811769590747], [-121.8930160490311, 37.44811619966349], [-121.89301921559245, 37.44811478971385], [-121.89302244144267, 37.44811347176392], [-121.893025724785, 37.448112242961095], [-121.89302906022962, 37.44811110687109], [-121.89303244238666, 37.44811006634669], [-121.8930358703578, 37.448109117822064], [-121.89303933515986, 37.448108267715796], [-121.89304283769114, 37.44810751602783], [-121.8930463698669, 37.448106861331866], [-121.89304992899199, 37.44810630576749], [-121.89305351057503, 37.44810585218723], [-121.8930607222502, 37.448105243847706], [-121.89317369078702, 37.44809884380199], [-121.8932126505778, 37.44826192158671], [-121.89304058960265, 37.44827558164471], [-121.89300405921696, 37.448122693847026]]]}, "properties": {"APN": "APN#", "Shape_Leng": 115.316917372, "Shape_Area": 749.896346576}}, {"type": "Feature", "geometry": {"type": "Polygon", "coordinates": [[[-121.89660112051448, 37.446441116079164], [-121.89680437279789, 37.446427655163305], [-121.89686078993823, 37.4465877722615], [-121.89664672679592, 37.44659965830029], [-121.89660112051448, 37.446441116079164]]]}, "properties": {"APN": "APN#", "Shape_Leng": 145.220166444, "Shape_Area": 1115.85604437}}, {"type": "Feature", "geometry": {"type": "Polygon", "coordinates": [[[-121.89689871860618, 37.44706786516995], [-121.89710685466423, 37.44703533388124], [-121.89717701398627, 37.447317094139244], [-121.89704007300773, 37.44733870717605], [-121.89703704748179, 37.44733913865228], [-121.89703400578628, 37.447339485972726], [-121.8970309497177, 37.447339744858475], [-121.89702788286928, 37.44733991602254], [-121.89702481242765, 37.44734000231779], [-121.89702173839274, 37.4473399987519], [-121.8970186679511, 37.447339908890676], [-121.89701560200105, 37.44733973202115], [-121.89701254683075, 37.447339466716784], [-121.89700950513519, 37.44733911583035], [-121.89700648140597, 37.44733867793558], [-121.8970034792363, 37.447338155171856], [-121.8970005022194, 37.44733754682609], [-121.89699755394865, 37.44733685432471], [-121.89699463981387, 37.44733607766753], [-121.8969917607134, 37.44733521970746], [-121.89698892293545, 37.44733427901803], [-121.89698612737826, 37.447333259165205], [-121.89698338212669, 37.447332160862125], [-121.89698068538422, 37.447330984108845], [-121.89697804343906, 37.44732973175801], [-121.8969754589859, 37.44732840523603], [-121.89697293651659, 37.44732700596932], [-121.89697047872596, 37.44732553467101], [-121.8969680865124, 37.44732399704655], [-121.896965766164, 37.44732239095633], [-121.89696351857917, 37.44732071996646], [-121.89696134824945, 37.44731898621631], [-121.89695925337817, 37.44731719113229], [-121.89695724384693, 37.44731533828029], [-121.89695531696066, 37.44731342766043], [-121.8969534781093, 37.447311465691236], [-121.89695172639446, 37.44730945165951], [-121.89695006720609, 37.44730738913125], [-121.8969485014426, 37.44730528095918], [-121.89694703090042, 37.44730312999597], [-121.8969456564781, 37.44730093766805], [-121.89694438176869, 37.44729870825446], [-121.89694320856893, 37.44729644532114], [-121.89694213508213, 37.44729414672855], [-121.89694116759662, 37.44729182174812], [-121.89694030521392, 37.44728946966656], [-121.89693889396064, 37.44728470131667], [-121.89689363414169, 37.447102970332786], [-121.89689320115369, 37.44710105114925], [-121.896892854404, 37.447099121267826], [-121.89689259389256, 37.44709718425453], [-121.8968924196194, 37.44709523868289], [-121.89689233248279, 37.44709329097174], [-121.89689233248279, 37.447091341834096], [-121.89689241782274, 37.44708939269645], [-121.89689258940095, 37.44708744926418], [-121.89689284991239, 37.44708551011101], [-121.8968931948655, 37.44708358022918], [-121.89689362605684, 37.44708166175837], [-121.89689414168977, 37.44707975612478], [-121.89689474266271, 37.4470778668944], [-121.8968961952385, 37.44707414406215], [-121.89689871860618, 37.44706786516995]]]}, "properties": {"APN": "APN#", "Shape_Leng": 125.504611976, "Shape_Area": 990.171022439}}, {"type": "Feature", "geometry": {"type": "Polygon", "coordinates": [[[-121.89284343505432, 37.44736642577081], [-121.89282071755905, 37.447110721237884], [-121.8929953159143, 37.44710086572087], [-121.89301836848114, 37.447360664674356], [-121.89288013392857, 37.44736848615792], [-121.89287686765422, 37.44736862023642], [-121.89287359778658, 37.44736865375598], [-121.89287032881727, 37.447368590282665], [-121.89286706523781, 37.44736842625052], [-121.89286057041832, 37.44736780292811], [-121.89285488138762, 37.44736717104759], [-121.89284343505432, 37.44736642577081]]]}, "properties": {"APN": "APN#", "Shape_Leng": 111.476108772, "Shape_Area": 710.550309462}}, {"type": "Feature", "geometry": {"type": "Polygon", "coordinates": [[[-121.89448177821477, 37.44656546368166], [-121.89467437516113, 37.44655506778327], [-121.8946841405637, 37.4467027428277], [-121.89449304105497, 37.44671295570522], [-121.89448177821477, 37.44656546368166]]]}, "properties": {"APN": "APN#", "Shape_Leng": 133.163843542, "Shape_Area": 978.546422852}}, {"type": "Feature", "geometry": {"type": "Polygon", "coordinates": [[[-121.89404631335576, 37.44812748710466], [-121.89416384623259, 37.447836788774104], [-121.89419081275912, 37.4478436688117], [-121.89421808022125, 37.44784975579369], [-121.89424560639814, 37.44785503973592], [-121.8942733580522, 37.447859517785645], [-121.89432938597649, 37.44786602126279], [-121.8942941073148, 37.448176063817066], [-121.89401779148137, 37.448198000775356], [-121.89404631335576, 37.44812748710466]]]}, "properties": {"APN": "APN#", "Shape_Leng": 159.040923674, "Shape_Area": 1304.35584278}}, {"type": "Feature", "geometry": {"type": "Polygon", "coordinates": [[[-121.8962541567285, 37.44758910985292], [-121.89619842345165, 37.44753195404976], [-121.89614772613027, 37.44747997876023], [-121.89588601275204, 37.44721157493175], [-121.89578681359181, 37.44710984330599], [-121.8956279016181, 37.44694688228123], [-121.89560243617638, 37.446920770343084], [-121.89593109919612, 37.446902325879506], [-121.89595647839955, 37.44692843925048], [-121.89614906641667, 37.44712661529781], [-121.89629057263352, 37.44727222772274], [-121.89644645279319, 37.44743263698369], [-121.89649697853635, 37.44748461373254], [-121.89655256987942, 37.44754184017681], [-121.89679572215469, 37.44779491046936], [-121.89649818118315, 37.447842154435065], [-121.8962541567285, 37.44758910985292]]]}, "properties": {"APN": "APN#", "Shape_Leng": 393.236735261, "Shape_Area": 4910.68289018}}, {"type": "Feature", "geometry": {"type": "Polygon", "coordinates": [[[-121.8980827403715, 37.44730019666975], [-121.89828546138504, 37.4472682089286], [-121.89835498486332, 37.44754732809885], [-121.89815226737778, 37.44757951597045], [-121.8980827403715, 37.44730019666975]]]}, "properties": {"APN": "APN#", "Shape_Leng": 128.284767187, "Shape_Area": 946.437134908}}, {"type": "Feature", "geometry": {"type": "Polygon", "coordinates": [[[-121.89963371943882, 37.447051029691345], [-121.89963884253092, 37.44704863695055], [-121.89964385243523, 37.44704609515379], [-121.89964874196531, 37.447043409293215], [-121.89965350483295, 37.44704058222156], [-121.89965813474998, 37.447037616078454], [-121.89966262452975, 37.44703451870889], [-121.89966696878243, 37.447031290825976], [-121.8996711612199, 37.44702793813528], [-121.89967519824873, 37.44702446634229], [-121.89967907178425, 37.44702087687329], [-121.89968277823316, 37.4470171782865], [-121.89968631220547, 37.4470133727215], [-121.89968966651475, 37.44700946731024], [-121.89969283936432, 37.44700546633163], [-121.89969862720969, 37.446997198355035], [-121.90003389194844, 37.44712252589045], [-121.89997068738337, 37.4472976313464], [-121.89983450278628, 37.447319832765594], [-121.89963371943882, 37.447051029691345]]]}, "properties": {"APN": "APN#", "Shape_Leng": 136.687839705, "Shape_Area": 1101.5893226}}, {"type": "Feature", "geometry": {"type": "Polygon", "coordinates": [[[-121.89765189592642, 37.44637152569382], [-121.89768246270548, 37.44636950132692], [-121.89766233690334, 37.4463877411986], [-121.89765189592642, 37.44637152569382]]]}, "properties": {"APN": "APN#", "Shape_Leng": 135.051359597, "Shape_Area": 1015.0487902}}, {"type": "Feature", "geometry": {"type": "Polygon", "coordinates": [[[-121.89408913065543, 37.447496551691266], [-121.89443633669926, 37.44757297626221], [-121.89439776753261, 37.44774586196129], [-121.8943758540295, 37.447745135230974], [-121.89435398723887, 37.44774378732099], [-121.8943321941101, 37.44774181965763], [-121.89431050338924, 37.44773923723315], [-121.89428894022913, 37.44773603933417], [-121.89426753337592, 37.44773223380581], [-121.89424631157561, 37.447727822787364], [-121.89422529818452, 37.44772281269738], [-121.89420452284696, 37.44771721066752], [-121.89418400981744, 37.447711021689926], [-121.89416378694378, 37.44770425717537], [-121.89414387758208, 37.447696922829095], [-121.89412430778366, 37.44768902792233], [-121.89408628658929, 37.44767159993044], [-121.89408372369573, 37.44767027626727], [-121.89408122188766, 37.447668881286006], [-121.89407878386005, 37.44766741569982], [-121.89407641320595, 37.44766588378782], [-121.89407410902724, 37.447664284836826], [-121.89407187940876, 37.447662621699514], [-121.89406972614695, 37.447660897228694], [-121.89406764924203, 37.447659114276966], [-121.89406565318549, 37.4476572707048], [-121.89406374067225, 37.447655372930825], [-121.89406191349896, 37.44765342309473], [-121.8940601743606, 37.4476514219095], [-121.89405852505374, 37.447649373654286], [-121.89405696917166, 37.44764727975545], [-121.89405550581606, 37.447645143065685], [-121.89405413858013, 37.447642967150955], [-121.89405286836234, 37.44764075272434], [-121.89405169965421, 37.44763850477813], [-121.89405062976066, 37.44763622473886], [-121.89404966137683, 37.44763391474576], [-121.89404879719747, 37.44763158121775], [-121.8940480381211, 37.44762922272822], [-121.89404738324926, 37.44762684569594], [-121.8940468343786, 37.447624452260456], [-121.89404639420412, 37.44762204313486], [-121.89404605913252, 37.44761962402471], [-121.89404583275709, 37.447617196356276], [-121.89404571417943, 37.4476147636955], [-121.89404570339964, 37.447612330321505], [-121.89404580221435, 37.447609896947384], [-121.89404600882686, 37.44760746927862], [-121.89404632144054, 37.447605047315236], [-121.89404674364874, 37.44760263604951], [-121.89404727185816, 37.44760023904732], [-121.89404790606876, 37.44759785773501], [-121.8940486453822, 37.4475954956786], [-121.89404949069691, 37.447593157157044], [-121.89405148855012, 37.44758855713732], [-121.89406542321673, 37.44755825690732], [-121.89408913065543, 37.447496551691266]]]}, "properties": {"APN": "APN#", "Shape_Leng": 128.232131111, "Shape_Area": 1044.06839651}}, {"type": "Feature", "geometry": {"type": "Polygon", "coordinates": [[[-121.89733078849491, 37.4470491711273], [-121.89769111892504, 37.44702917908018], [-121.89770192296297, 37.44717373618045], [-121.89770205052376, 37.447176136762316], [-121.89770207298166, 37.4471785401967], [-121.89770199123495, 37.44718094077836], [-121.89770180079209, 37.44718334064671], [-121.89770150794132, 37.44718573266996], [-121.89770110819101, 37.447188114708524], [-121.89770060603274, 37.4471904853361], [-121.89769999966994, 37.447192838133894], [-121.89769929000087, 37.44719517381522], [-121.89769847882215, 37.44719748881405], [-121.89769756523555, 37.44719977813823], [-121.89769655283422, 37.44720204321406], [-121.8976954407199, 37.447204276196416], [-121.8976942324858, 37.44720647779858], [-121.89769292723375, 37.44720864374143], [-121.89769152855679, 37.447210773311795], [-121.89769003735344, 37.44721286080423], [-121.8976884545219, 37.44721490693185], [-121.8976867836555, 37.447216906702344], [-121.89768502655077, 37.44721885868947], [-121.89768318320786, 37.44722076004037], [-121.89768125811815, 37.44722261004196], [-121.89767925397676, 37.44722440370183], [-121.89767717168193, 37.44722614173324], [-121.89767501303032, 37.44722781985717], [-121.89767278520844, 37.447229436647156], [-121.89767048462298, 37.44723099067678], [-121.89766811756219, 37.44723247980658], [-121.89766568851762, 37.44723390189698], [-121.89766319748935, 37.447235254808426], [-121.89766064807064, 37.44723653782783], [-121.89765804475292, 37.44723775024183], [-121.89765539023128, 37.447238886345055], [-121.89765268540394, 37.44723994970349], [-121.8976499374575, 37.44724093603789], [-121.89764714818851, 37.4472418453484], [-121.8976443193937, 37.44724267620852], [-121.89764145556455, 37.447243427905185], [-121.89763856209103, 37.44724409901195], [-121.89763269339727, 37.447245197316306], [-121.89735171205452, 37.44728953884545], [-121.89733078849491, 37.4470491711273]]]}, "properties": {"APN": "APN#", "Shape_Leng": 139.98042058, "Shape_Area": 1237.31854161}}, {"type": "Feature", "geometry": {"type": "Polygon", "coordinates": [[[-121.8923983521703, 37.44770031114881], [-121.89270412162503, 37.44768093475049], [-121.89271775894937, 37.44781783603957], [-121.892412104479, 37.447837211689254], [-121.8923983521703, 37.44770031114881]]]}, "properties": {"APN": "APN#", "Shape_Leng": 106.792534454, "Shape_Area": 657.409246266}}, {"type": "Feature", "geometry": {"type": "Polygon", "coordinates": [[[-121.89499471870015, 37.447350812043005], [-121.89518075889717, 37.447321751230405], [-121.89525632248393, 37.447621187317594], [-121.89511053669308, 37.44764429865956], [-121.89510751565884, 37.44764473369988], [-121.8951044775565, 37.44764508173213], [-121.89510142508115, 37.4476453427563], [-121.89509836272434, 37.447645518198804], [-121.89509529497765, 37.44764560520682], [-121.895092224536, 37.44764560592003], [-121.89508915678931, 37.44764551891201], [-121.8950860944325, 37.447645344895854], [-121.8950830428555, 37.44764508387167], [-121.8950800038549, 37.44764473726581], [-121.89507698192227, 37.44764430365181], [-121.89507398154926, 37.447643783742976], [-121.89507100722737, 37.44764317967883], [-121.89506806075322, 37.44764249217247], [-121.89506514661838, 37.447641721223924], [-121.89506227021282, 37.447640866833325], [-121.89505943243489, 37.44763993327951], [-121.89505663957267, 37.44763891770995], [-121.89505389342287, 37.447637823690386], [-121.8950511966804, 37.44763665264733], [-121.89504855563345, 37.44763540529396], [-121.89504597118037, 37.44763408376967], [-121.89504344691443, 37.447632692353636], [-121.89504098822547, 37.447631226766816], [-121.89503859511356, 37.44762969271445], [-121.8950362720702, 37.44762809233633], [-121.89503402179042, 37.44762642777187], [-121.89503184876577, 37.44762469902107], [-121.89502975389455, 37.44762290964986], [-121.89502773897335, 37.447621063224126], [-121.8950258093921, 37.447619159030644], [-121.89502396515084, 37.447617202061735], [-121.89502221074115, 37.447615193743665], [-121.89502054436626, 37.44761313835567], [-121.89501897500946, 37.447611035184494], [-121.8950174981791, 37.44760888922237], [-121.89501611836685, 37.44760670189563], [-121.89501483736927, 37.4476044781966], [-121.89501365788126, 37.44760221812526], [-121.89501257900463, 37.4475999266739], [-121.89501160253589, 37.44759760669523], [-121.89501073117005, 37.447595260328804], [-121.89500930554374, 37.44759049913014], [-121.89498483813031, 37.44749337089832], [-121.89498251688363, 37.44748323087189], [-121.894980657371, 37.447473030223684], [-121.89497926498231, 37.447462781790826], [-121.89497833792089, 37.44745249983693], [-121.89497787978013, 37.447442199338894], [-121.89497789055991, 37.44743189028128], [-121.89497836936192, 37.44742158906724], [-121.8949793161863, 37.447411309247194], [-121.89498073103287, 37.447401062232274], [-121.89498260941014, 37.447390862999185], [-121.89498495221638, 37.44738072581162], [-121.89498775136678, 37.4473706627938], [-121.89499471870015, 37.447350812043005]]]}, "properties": {"APN": "APN#", "Shape_Leng": 129.658369264, "Shape_Area": 1067.78747179}}, {"type": "Feature", "geometry": {"type": "Polygon", "coordinates": [[[-121.90090133123798, 37.447068112645596], [-121.90103882018886, 37.44706042877563], [-121.90106341067147, 37.44733648275595], [-121.90092598639924, 37.447344555282676], [-121.90090133123798, 37.447068112645596]]]}, "properties": {"APN": "APN#", "Shape_Leng": 108.345513759, "Shape_Area": 595.726905724}}, {"type": "Feature", "geometry": {"type": "Polygon", "coordinates": [[[-121.89958000842724, 37.44624383116717], [-121.90003054319695, 37.446213993237734], [-121.90003345806221, 37.44623697422384], [-121.90004337456459, 37.44634114330477], [-121.89996463722994, 37.44641523691645], [-121.89971983104364, 37.446428846768804], [-121.89958000842724, 37.44624383116717]]]}, "properties": {"APN": "APN#", "Shape_Leng": 180.157707501, "Shape_Area": 2007.37605162}}, {"type": "Feature", "geometry": {"type": "Polygon", "coordinates": [[[-121.8929953159143, 37.44710086572087], [-121.893172266059, 37.44709086970487], [-121.89319531952414, 37.447350690801784], [-121.89301836848114, 37.447360664674356], [-121.8929953159143, 37.44710086572087]]]}, "properties": {"APN": "APN#", "Shape_Leng": 112.535137781, "Shape_Area": 721.183975671}}, {"type": "Feature", "geometry": {"type": "Polygon", "coordinates": [[[-121.8937703769516, 37.44799649291845], [-121.89389818655526, 37.44782250165772], [-121.89390007840727, 37.44782002692601], [-121.89390207895543, 37.44781760568268], [-121.89390418640308, 37.44781524292003], [-121.89390639446204, 37.4478129407775], [-121.89390870403065, 37.447810700681494], [-121.89391111061724, 37.44780852905061], [-121.89391361062872, 37.447806425171706], [-121.89391620316664, 37.44780439332391], [-121.89391888373942, 37.447802434220236], [-121.89392164965223, 37.44780055213998], [-121.89392449551501, 37.447798749222564], [-121.8939274195312, 37.447797026181185], [-121.89393041810764, 37.44779538586855], [-121.89393348675264, 37.4477938318506], [-121.89393662187301, 37.447792364840495], [-121.89393981987544, 37.447790986264714], [-121.89394307716664, 37.44778969826258], [-121.89394638835678, 37.44778850226062], [-121.89394975254756, 37.447787399685154], [-121.89395316165403, 37.447786392675766], [-121.89395661298136, 37.447785481945516], [-121.89396010293623, 37.447784668207724], [-121.89396362612878, 37.447783952175506], [-121.89396717806738, 37.44778333670158], [-121.8939707560572, 37.44778281964639], [-121.89397435560655, 37.447782406002275], [-121.89397796863062, 37.44778209077697], [-121.8939815951294, 37.44778187896261], [-121.89398522791643, 37.44778176770661], [-121.89398886339838, 37.44778175914845], [-121.893992497982, 37.447781853288184], [-121.89399612537913, 37.44778204727296], [-121.89399974199645, 37.44778234395566], [-121.89400334424076, 37.44778274190982], [-121.89400692492545, 37.447783241135504], [-121.89401048135568, 37.447783838779976], [-121.8940140108364, 37.447784537695874], [-121.89401750707955, 37.44778533503055], [-121.89402096559336, 37.4477862279313], [-121.8940243818864, 37.44778721925076], [-121.89402775236536, 37.4477883047099], [-121.89403107343693, 37.447789485021914], [-121.89403754939187, 37.44779212021999], [-121.8940619727878, 37.44780248770872], [-121.89408684623965, 37.44781214986174], [-121.89411213740817, 37.447821095268395], [-121.89416384623259, 37.447836788774104], [-121.89404631335576, 37.44812748710466], [-121.8937703769516, 37.44799649291845]]]}, "properties": {"APN": "APN#", "Shape_Leng": 140.07651463, "Shape_Area": 1232.88469441}}, {"type": "Feature", "geometry": {"type": "Polygon", "coordinates": [[[-121.8997985683704, 37.44732569027339], [-121.89983450278628, 37.447319832765594], [-121.89997068738337, 37.4472976313464], [-121.89994229658605, 37.44737626074558], [-121.8997985683704, 37.44732569027339]]]}, "properties": {"APN": "APN#", "Shape_Leng": 137.421354357, "Shape_Area": 999.78827988}}, {"type": "Feature", "geometry": {"type": "Polygon", "coordinates": [[[-121.89408913065543, 37.447496551691266], [-121.8941003721729, 37.44745992121541], [-121.8941096688378, 37.447422944828034], [-121.89412236023607, 37.44734822104675], [-121.89448051943823, 37.447374752900785], [-121.89443771291832, 37.44756673378404], [-121.89443633669926, 37.44757297626221], [-121.89408913065543, 37.447496551691266]]]}, "properties": {"APN": "APN#", "Shape_Leng": 129.523872622, "Shape_Area": 979.688147432}}, {"type": "Feature", "geometry": {"type": "Polygon", "coordinates": [[[-121.89537343854246, 37.447291649157556], [-121.8955661478322, 37.44726154707252], [-121.8956414697721, 37.44756018535052], [-121.89544888265328, 37.44759069882097], [-121.89537343854246, 37.447291649157556]]]}, "properties": {"APN": "APN#", "Shape_Leng": 129.194753229, "Shape_Area": 934.288932691}}, {"type": "Feature", "geometry": {"type": "Polygon", "coordinates": [[[-121.892412104479, 37.447837211689254], [-121.89271775894937, 37.44781783603957], [-121.8927314250198, 37.44795473779135], [-121.892425826245, 37.447974089157505], [-121.892412104479, 37.447837211689254]]]}, "properties": {"APN": "APN#", "Shape_Leng": 106.770208593, "Shape_Area": 657.171212001}}, {"type": "Feature", "geometry": {"type": "Polygon", "coordinates": [[[-121.89536266504727, 37.4466664778298], [-121.89522588204744, 37.446525298821676], [-121.89555862852094, 37.44650733799395], [-121.89571722290344, 37.446671028696166], [-121.89538541039025, 37.44668996674422], [-121.89536266504727, 37.4466664778298]]]}, "properties": {"APN": "APN#", "Shape_Leng": 1245.76321352, "Shape_Area": 18188.5981856}}, {"type": "Feature", "geometry": {"type": "Polygon", "coordinates": [[[-121.89821863322702, 37.44633399198782], [-121.89840137319814, 37.446321889536435], [-121.89842134774148, 37.44650102323425], [-121.89820978011899, 37.446512790897046], [-121.89821863322702, 37.44633399198782]]]}, "properties": {"APN": "APN#", "Shape_Leng": 122.811232172, "Shape_Area": 846.240265317}}, {"type": "Feature", "geometry": {"type": "Polygon", "coordinates": [[[-121.89686618072828, 37.447492145651125], [-121.8968977825616, 37.4474871462431], [-121.89706893138619, 37.44746013730973], [-121.89713873108559, 37.447740447001394], [-121.89693604479848, 37.44777262983614], [-121.89686618072828, 37.447492145651125]]]}, "properties": {"APN": "APN#", "Shape_Leng": 127.7635979, "Shape_Area": 940.486713626}}, {"type": "Feature", "geometry": {"type": "Polygon", "coordinates": [[[-121.89590519268165, 37.447644395652134], [-121.89610963037572, 37.447612025079955], [-121.89618043356695, 37.447892606806704], [-121.89597606461759, 37.447925056751096], [-121.89590519268165, 37.447644395652134]]]}, "properties": {"APN": "APN#", "Shape_Leng": 128.442469974, "Shape_Area": 951.726554997}}, {"type": "Feature", "geometry": {"type": "Polygon", "coordinates": [[[-121.89467437516113, 37.44655506778327], [-121.89491461275408, 37.446542100360624], [-121.89503306867793, 37.44668410574907], [-121.8946841405637, 37.4467027428277], [-121.89467437516113, 37.44655506778327]]]}, "properties": {"APN": "APN#", "Shape_Leng": 149.461582819, "Shape_Area": 1161.21424401}}, {"type": "Feature", "geometry": {"type": "Polygon", "coordinates": [[[-121.89706893138619, 37.44746013730973], [-121.89727171079024, 37.44742812610199], [-121.89734145095962, 37.44770825881981], [-121.89713873108559, 37.447740447001394], [-121.89706893138619, 37.44746013730973]]]}, "properties": {"APN": "APN#", "Shape_Leng": 127.864323432, "Shape_Area": 941.690231394}}, {"type": "Feature", "geometry": {"type": "Polygon", "coordinates": [[[-121.89509433737355, 37.44777288006277], [-121.89529705838714, 37.447740759872254], [-121.8953679184481, 37.44802161883854], [-121.89516520651688, 37.44805380562414], [-121.89509433737355, 37.44777288006277]]]}, "properties": {"APN": "APN#", "Shape_Leng": 128.071726174, "Shape_Area": 944.03260271}}, {"type": "Feature", "geometry": {"type": "Polygon", "coordinates": [[[-121.89322828320347, 37.44747546003632], [-121.89340010037458, 37.447465775731196], [-121.89342092781447, 37.447712391709125], [-121.8932491375928, 37.44772210023046], [-121.89322828320347, 37.44747546003632]]]}, "properties": {"APN": "APN#", "Shape_Leng": 107.665001765, "Shape_Area": 664.527005126}}, {"type": "Feature", "geometry": {"type": "Polygon", "coordinates": [[[-121.89949249259809, 37.44707825986008], [-121.89956136373596, 37.447067458653684], [-121.89956719290385, 37.44706717480557], [-121.89957300590203, 37.447066722645395], [-121.89957879464575, 37.44706610573918], [-121.89958455105007, 37.44706532123423], [-121.89959026882686, 37.447064371983174], [-121.89959593989121, 37.44706325869922], [-121.89960155615834, 37.447061984235106], [-121.89960711223844, 37.44706054930407], [-121.89961259824989, 37.447058953906115], [-121.89961801059948, 37.447057202320224], [-121.8996233385074, 37.447055295972824], [-121.89963371943882, 37.447051029691345], [-121.89983450278628, 37.447319832765594], [-121.8997985683704, 37.44732569027339], [-121.8997837288014, 37.44732046900012], [-121.89956159949833, 37.44735573922364], [-121.89949249259809, 37.44707825986008]]]}, "properties": {"APN": "APN#", "Shape_Leng": 131.708560342, "Shape_Area": 961.959175405}}, {"type": "Feature", "geometry": {"type": "Polygon", "coordinates": [[[-121.8984961405737, 37.447234980945574], [-121.89860829344026, 37.44721730180683], [-121.89861191904076, 37.44721678332135], [-121.89861556620083, 37.44721636824772], [-121.89861922953055, 37.447216057299116], [-121.89862290364006, 37.44721584976232], [-121.89862658673272, 37.447215747776866], [-121.89863027072373, 37.44721574920321], [-121.89863395112141, 37.44721585618099], [-121.89863762612922, 37.44721606728371], [-121.89864128856071, 37.44721638322462], [-121.89864493482243, 37.4472168032905], [-121.89864855952462, 37.447217326055075], [-121.8986521590739, 37.44721795223143], [-121.89865572808056, 37.44721867968006], [-121.89865926295118, 37.447219507687706], [-121.89866275739762, 37.447220436254405], [-121.89866620872495, 37.44722146395386], [-121.8986696124416, 37.44722258793323], [-121.8986729631576, 37.447223808192476], [-121.89867625817803, 37.44722512330533], [-121.89867949121475, 37.44722653113218], [-121.89868265867445, 37.447228030246684], [-121.8986857587605, 37.447229617796026], [-121.89868878338804, 37.4472312930671], [-121.89869173435376, 37.44723305320716], [-121.89869460267444, 37.44723489465018], [-121.8986973874518, 37.447236818109396], [-121.89870008419436, 37.447238819305724], [-121.89870269020696, 37.44724089467323], [-121.89870520189653, 37.447243044211845], [-121.89870761566968, 37.447245262929314], [-121.89870992793324, 37.44724754868605], [-121.89871213778883, 37.44724989934252], [-121.89871424164319, 37.44725231133283], [-121.8987162341065, 37.44725478109099], [-121.89871811697536, 37.44725730576426], [-121.89871988396152, 37.44725988321308], [-121.89872153596333, 37.44726250773207], [-121.89872306938753, 37.447265179321086], [-121.89872448243744, 37.44726789227471], [-121.89872577241817, 37.44727064231384], [-121.89872694022807, 37.44727342801202], [-121.89872798137547, 37.44727624580352], [-121.89872968278463, 37.447281961262654], [-121.89877934654417, 37.447479947091466], [-121.89856557415376, 37.447513890312266], [-121.8984961405737, 37.447234980945574]]]}, "properties": {"APN": "APN#", "Shape_Leng": 125.977492274, "Shape_Area": 970.664588199}}, {"type": "Feature", "geometry": {"type": "Polygon", "coordinates": [[[-121.89446834007961, 37.44701191425439], [-121.8949837358975, 37.44698301377726], [-121.89498508876031, 37.44699545033365], [-121.89497944374702, 37.44699582903596], [-121.89497381939503, 37.4469963653526], [-121.89496822199249, 37.446997057144], [-121.89496265782762, 37.44699790583655], [-121.89495713408694, 37.446998909290656], [-121.894951657957, 37.44700006465361], [-121.89494623662426, 37.44700137335171], [-121.89494087637694, 37.44700283324542], [-121.894935582605, 37.44700443934241], [-121.89493036339316, 37.44700619378227], [-121.8949252232331, 37.44700809228589], [-121.89492017020966, 37.4470101327136], [-121.89491520791606, 37.44701231292587], [-121.89491034713201, 37.44701463078319], [-121.89490558965426, 37.447017082719455], [-121.8949009426693, 37.44701966588213], [-121.89489641246529, 37.44702237670509], [-121.89489200263559, 37.44702521233564], [-121.89488772036661, 37.44702816778145], [-121.89488357194664, 37.44703124304247], [-121.89487956007059, 37.44703443170014], [-121.89487569012836, 37.44703772876194], [-121.89487196750983, 37.447041134228], [-121.89486839670657, 37.44704464025317], [-121.89486498221012, 37.44704824327161], [-121.89486172671559, 37.44705193971728], [-121.894858636511, 37.44705572531106], [-121.89485571339307, 37.447059594347515], [-121.89485296275168, 37.44706354183421], [-121.89485038638347, 37.44706756277889], [-121.89484798877994, 37.44707165504201], [-121.89484577173786, 37.44707581077845], [-121.89484373795202, 37.44708002570918], [-121.89484189101577, 37.447084296268144], [-121.89484023182746, 37.447088615323544], [-121.89483876398032, 37.44709297574348], [-121.89483748747426, 37.447097376814774], [-121.8948364059027, 37.44710180997916], [-121.89483551836715, 37.44710627024437], [-121.89483482846103, 37.44711075333125], [-121.89483433438761, 37.44711525210797], [-121.8948340388419, 37.447119762295365], [-121.89483394092555, 37.447124278187964], [-121.89483404153684, 37.44712879265395], [-121.8948343397775, 37.44713330426695], [-121.89483483654587, 37.44713780304229], [-121.89483552914695, 37.447142284700895], [-121.89483641847907, 37.44714674567687], [-121.89483750274566, 37.447151178125154], [-121.894840253387, 37.44715994032224], [-121.89448325480826, 37.44718008994833], [-121.89446834007961, 37.44701191425439]]]}, "properties": {"APN": "APN#", "Shape_Leng": 154.988010906, "Shape_Area": 1034.40570321}}, {"type": "Feature", "geometry": {"type": "Polygon", "coordinates": [[[-121.89305649477843, 37.44748516716203], [-121.89307732042167, 37.44773180732421], [-121.89286936582327, 37.44774352273123], [-121.89285164206271, 37.4475661789288], [-121.89285145521315, 37.44756377265408], [-121.89285137346644, 37.44756136423975], [-121.89285139861929, 37.447558953685785], [-121.89285152977334, 37.44755654527128], [-121.89285176782685, 37.44755414327537], [-121.89285211008493, 37.44755174769802], [-121.89285255924263, 37.447549364244644], [-121.89285311080822, 37.44754699434167], [-121.89285376747665, 37.447544642268106], [-121.8928545265531, 37.4475423087373], [-121.89285538893579, 37.44753999802819], [-121.89285635192972, 37.447537713706645], [-121.89285741553503, 37.44753545719925], [-121.89285857705667, 37.44753323207174], [-121.89285983649472, 37.447531039750565], [-121.89286119115418, 37.447528885941125], [-121.89286264013676, 37.44752676993028], [-121.89286418074742, 37.44752469599713], [-121.89286581208798, 37.44752266699431], [-121.89286753146348, 37.447520685061505], [-121.89286933797548, 37.44751875233817], [-121.89287122713253, 37.447516870963916], [-121.8928731998329, 37.447515043078354], [-121.89287524978839, 37.447513272247214], [-121.89287737789728, 37.447511559897], [-121.89287957876972, 37.44750990816725], [-121.8928818515074, 37.44750831777103], [-121.89288419341534, 37.4475067937008], [-121.89288660000202, 37.447505335956485], [-121.89288906947074, 37.44750394596443], [-121.89289159912654, 37.447502627290575], [-121.89289418537626, 37.44750137779532], [-121.89289682462656, 37.447500201757876], [-121.89289951508084, 37.44749910203084], [-121.8929022522475, 37.44749807718806], [-121.89290503073667, 37.44749712865564], [-121.89290785054834, 37.447496260712846], [-121.89291070719099, 37.447495471220094], [-121.89291359617292, 37.44749476231692], [-121.89291651569758, 37.447494134003335], [-121.8929194594768, 37.44749358770569], [-121.89292242571383, 37.4474931248504], [-121.89292541171388, 37.4474927447242], [-121.89293142323973, 37.447492236938466], [-121.89305649477843, 37.44748516716203]]]}, "properties": {"APN": "APN#", "Shape_Leng": 111.950477891, "Shape_Area": 791.443377292}}, {"type": "Feature", "geometry": {"type": "Polygon", "coordinates": [[[-121.89412236023607, 37.44734822104675], [-121.8941257208336, 37.447310862337545], [-121.8941271177139, 37.44727342373295], [-121.89412401403456, 37.44719857214225], [-121.89448325480826, 37.44718008994833], [-121.89448097668067, 37.447345471723686], [-121.89448051943823, 37.447374752900785], [-121.89412236023607, 37.44734822104675]]]}, "properties": {"APN": "APN#", "Shape_Leng": 128.418797916, "Shape_Area": 958.921350737}}, {"type": "Feature", "geometry": {"type": "Polygon", "coordinates": [[[-121.89680437279789, 37.446427655163305], [-121.89700697097845, 37.44641423756467], [-121.89707468150232, 37.44657588622073], [-121.89686078993823, 37.4465877722615], [-121.89680437279789, 37.446427655163305]]]}, "properties": {"APN": "APN#", "Shape_Leng": 153.618573756, "Shape_Area": 1195.33126761}}, {"type": "Feature", "geometry": {"type": "Polygon", "coordinates": [[[-121.89236389818595, 37.44735710089609], [-121.89269384220324, 37.447447079648434], [-121.89269212192953, 37.44745121967402], [-121.89269059120025, 37.44745540605625], [-121.89268925001552, 37.4474596352292], [-121.89268810196864, 37.44746389934787], [-121.89268714616112, 37.44746819270681], [-121.89268638708475, 37.44747251173999], [-121.89268582384105, 37.4474768507421], [-121.89268545643007, 37.44748120186805], [-121.8926852866485, 37.44748556226504], [-121.89268531449629, 37.447489922661845], [-121.892685960385, 37.44749862919111], [-121.89269048340245, 37.4475440567459], [-121.89238460165828, 37.44756343389284], [-121.89236389818595, 37.44735710089609]]]}, "properties": {"APN": "APN#", "Shape_Leng": 115.744350055, "Shape_Area": 741.260354565}}, {"type": "Feature", "geometry": {"type": "Polygon", "coordinates": [[[-121.8937141199569, 37.44729483780403], [-121.89369339582332, 37.44706147288046], [-121.89385167538316, 37.44705252025107], [-121.8938547422315, 37.447052389737976], [-121.8938578099782, 37.44705234623361], [-121.89386087862319, 37.447052389737976], [-121.89386394367499, 37.44705252167746], [-121.89386700154019, 37.447052739199286], [-121.89387004682901, 37.447053043729916], [-121.89387307684646, 37.44705343598248], [-121.89387608799927, 37.4470539116779], [-121.89387907489763, 37.44705447366886], [-121.89388203574477, 37.44705512124221], [-121.89388496515093, 37.44705585083186], [-121.8938878604211, 37.447056665290845], [-121.89389071796201, 37.44705755891343], [-121.89389353238377, 37.44705853526563], [-121.89389630188981, 37.44705959006837], [-121.89389902288681, 37.447060723321584], [-121.89390169178151, 37.44706193217256], [-121.89390430408238, 37.447063217334374], [-121.8939068579927, 37.44706457381487], [-121.89390934902097, 37.44706600304037], [-121.89391177537058, 37.447067502871256], [-121.89391413254987, 37.447069071168016], [-121.89391641876227, 37.44707070365144], [-121.89391863041446, 37.4470724010349], [-121.89392076481163, 37.44707415975223], [-121.89392281836034, 37.44707597909042], [-121.89392478836575, 37.44707785405713], [-121.89392667572618, 37.447079784652246], [-121.89392847505172, 37.44708176730991], [-121.89393018454571, 37.44708380131694], [-121.8939318024115, 37.447085880254654], [-121.89393332505593, 37.44708800626253], [-121.8939347524789, 37.447090172208824], [-121.89393608198552, 37.44709237666715], [-121.89393731357578, 37.44709462035057], [-121.8939384418598, 37.447096894701005], [-121.89393946953246, 37.44709920114465], [-121.89394039210228, 37.44710153468938], [-121.89394121046749, 37.44710389390867], [-121.89394192372986, 37.44710627523662], [-121.89394252919429, 37.447108673681], [-121.89394302596268, 37.44711108924182], [-121.8939436970042, 37.44711595316965], [-121.8939525499013, 37.44721177818942], [-121.89395475346873, 37.44724622715495], [-121.89395327663837, 37.44731518565898], [-121.8938763934265, 37.4473521257273], [-121.89387342988434, 37.44734837866036], [-121.89387030015394, 37.447344717175405], [-121.89386700782838, 37.44734114769087], [-121.89386355650107, 37.44733767519918], [-121.89385995246013, 37.44733430326625], [-121.89385619840054, 37.44733103617122], [-121.89385230061055, 37.447327878193185], [-121.89384826268336, 37.44732483432439], [-121.8938440900089, 37.44732190670447], [-121.89383978887528, 37.44731910175207], [-121.89383536467253, 37.44731642089357], [-121.8938308227904, 37.44731386769491], [-121.89382616951723, 37.447311445722086], [-121.89382140844623, 37.447309159967226], [-121.89381654945889, 37.44730701114372], [-121.89381159704674, 37.44730500067781], [-121.89380655659967, 37.447303135701404], [-121.89380143620255, 37.44730141478822], [-121.89379624124524, 37.44729984079084], [-121.8937909789143, 37.44729841727533], [-121.89378565549796, 37.4472971442416], [-121.89378027818267, 37.447296025255724], [-121.89377485505328, 37.4472950588911], [-121.89376939149972, 37.44729424871393], [-121.89376389470847, 37.44729359615034], [-121.89375837276444, 37.44729309977422], [-121.89375283195577, 37.447292761724874], [-121.89374727946898, 37.44729258414201], [-121.89374172159233, 37.4472925627465], [-121.89373616820725, 37.44729270324378], [-121.89373062380534, 37.447292999215215], [-121.89372509647136, 37.44729345493987], [-121.8937141199569, 37.44729483780403]]]}, "properties": {"APN": "APN#", "Shape_Leng": 124.568062417, "Shape_Area": 975.882837229}}, {"type": "Feature", "geometry": {"type": "Polygon", "coordinates": [[[-121.90110340500438, 37.44614293990591], [-121.90129221481297, 37.446130435431066], [-121.90131078244619, 37.44633890530429], [-121.90112178948681, 37.44634953901542], [-121.90110340500438, 37.44614293990591]]]}, "properties": {"APN": "APN#", "Shape_Leng": 128.294013096, "Shape_Area": 908.072347773}}, {"type": "Feature", "geometry": {"type": "Polygon", "coordinates": [[[-121.89489158761393, 37.44780500023944], [-121.89509433737355, 37.44777288006277], [-121.89516520651688, 37.44805380562414], [-121.89496250079104, 37.44808599141064], [-121.89489158761393, 37.44780500023944]]]}, "properties": {"APN": "APN#", "Shape_Leng": 128.077886189, "Shape_Area": 944.133194037}}, {"type": "Feature", "geometry": {"type": "Polygon", "coordinates": [[[-121.8955661478322, 37.44726154707252], [-121.89575885712186, 37.4472314442623], [-121.89583405778923, 37.447529694689436], [-121.8956414697721, 37.44756018535052], [-121.8955661478322, 37.44726154707252]]]}, "properties": {"APN": "APN#", "Shape_Leng": 129.079005697, "Shape_Area": 933.018436035}}, {"type": "Feature", "geometry": {"type": "Polygon", "coordinates": [[[-121.89334976148102, 37.447080865842544], [-121.89352157865213, 37.447071157951164], [-121.89354466176172, 37.44733095629464], [-121.8933728436923, 37.447340664152314], [-121.89334976148102, 37.447080865842544]]]}, "properties": {"APN": "APN#", "Shape_Leng": 111.386877077, "Shape_Area": 700.241364982}}, {"type": "Feature", "geometry": {"type": "Polygon", "coordinates": [[[-121.90028746299697, 37.44701592521724], [-121.90037525714635, 37.446772751647124], [-121.90054136193058, 37.44666991825911], [-121.90063692021891, 37.4466645422317], [-121.90065323182782, 37.4469553442504], [-121.90058024191441, 37.4469593972943], [-121.90057773651304, 37.44695950070645], [-121.9005752266202, 37.44695953208672], [-121.90057271672724, 37.446959490008666], [-121.9005702104276, 37.446959375898714], [-121.90056771221279, 37.44695918833041], [-121.90056522298117, 37.44695892873023], [-121.90056274812255, 37.44695859709804], [-121.90056028943361, 37.44695819272082], [-121.90055785140589, 37.44695771773803], [-121.90055543583615, 37.446957174289274], [-121.9005530472158, 37.44695655880853], [-121.90055068913814, 37.446955874148614], [-121.90054836250155, 37.44695512173586], [-121.90054607269595, 37.44695430370992], [-121.90054382151781, 37.44695341864435], [-121.90054161256054, 37.446952468678695], [-121.90053944762066, 37.44695145595248], [-121.90053526506476, 37.44694924364502], [-121.90053078696303, 37.44694677672951], [-121.90052620375843, 37.446944436761314], [-121.90052151994259, 37.44694222730639], [-121.90051674180357, 37.44694014907784], [-121.90051187562969, 37.44693820706812], [-121.90050692591248, 37.446936401277156], [-121.90050189983847, 37.446934735270915], [-121.9004968045942, 37.446933211188956], [-121.90049164467119, 37.44693183117096], [-121.9004864263577, 37.4469305952168], [-121.90048115863688, 37.446929508318796], [-121.90047584420367, 37.446928566911076], [-121.90047049383779, 37.446927776699134], [-121.9004651102343, 37.44692713625661], [-121.9004597023763, 37.44692664629667], [-121.90045427655197, 37.44692630824564], [-121.90044883904956, 37.44692612281693], [-121.90044339615729, 37.44692608929707], [-121.90043795595989, 37.446926207686246], [-121.90043252294909, 37.44692647869754], [-121.9004271070062, 37.446926902331015], [-121.90042171262296, 37.44692747573396], [-121.90041634608744, 37.446928201045786], [-121.90041101458621, 37.44692907470065], [-121.90040572620413, 37.446930098838166], [-121.90040048453444, 37.44693126917906], [-121.90039529856031, 37.44693258572349], [-121.90039017456992, 37.446934047044884], [-121.90038511705488, 37.446935651717006], [-121.9003801332017, 37.44693739474748], [-121.90037522840021, 37.446939278275885], [-121.9003704116337, 37.44694129588347], [-121.900365685597, 37.44694344828342], [-121.90036105657832, 37.446945733336186], [-121.90035653266258, 37.44694814319679], [-121.90035211564626, 37.446950680004534], [-121.9003478145127, 37.446953338767344], [-121.90034363285508, 37.44695611591917], [-121.90033957516496, 37.44695900932037], [-121.9003356486288, 37.44696201326557], [-121.90033185594163, 37.4469651249019], [-121.90032820339174, 37.44696834280304], [-121.90032469367388, 37.4469716591238], [-121.90032133307643, 37.44697507172475], [-121.90031812339598, 37.44697857775304], [-121.90031507271726, 37.44698217007684], [-121.90031218014202, 37.44698584584335], [-121.9003094519585, 37.44698960077341], [-121.90030688996335, 37.44699342916161], [-121.90030449774973, 37.446997326728734], [-121.90030228070755, 37.447001291335184], [-121.90030023793864, 37.44700531299643], [-121.90029837303611, 37.447009390286006], [-121.90029519120337, 37.44701768821513], [-121.90028746299697, 37.44701592521724]]]}, "properties": {"APN": "APN#", "Shape_Leng": 158.115575642, "Shape_Area": 1124.26238625}}, {"type": "Feature", "geometry": {"type": "Polygon", "coordinates": [[[-121.90024692042955, 37.44748344189505], [-121.90024337278452, 37.44744158100945], [-121.90029201206558, 37.44744036004054], [-121.90038005145497, 37.44743814275521], [-121.90038455842253, 37.447488754881604], [-121.9003007168014, 37.44750237000009], [-121.90024692042955, 37.44748344189505]]]}, "properties": {"APN": "APN#", "Shape_Leng": 112.343797585, "Shape_Area": 627.673730201}}, {"type": "Feature", "geometry": {"type": "Polygon", "coordinates": [[[-121.90013571236673, 37.447444313629696], [-121.90024337278452, 37.44744158100945], [-121.90024692042955, 37.44748344189505], [-121.90013571236673, 37.447444313629696]]]}, "properties": {"APN": "APN#", "Shape_Leng": 109.387950321, "Shape_Area": 668.983021218}}, {"type": "Feature", "geometry": {"type": "Polygon", "coordinates": [[[-121.90065440951916, 37.447397352253375], [-121.9006516058772, 37.447365753238756], [-121.90078903553928, 37.44735795529], [-121.900794754406, 37.447422142740365], [-121.90065858964495, 37.44744425468043], [-121.90065440951916, 37.447397352253375]]]}, "properties": {"APN": "APN#", "Shape_Leng": 109.480428234, "Shape_Area": 600.268424037}}, {"type": "Feature", "geometry": {"type": "Polygon", "coordinates": [[[-121.90106341067147, 37.44733648275595], [-121.9012057397451, 37.44732812281519], [-121.90120814018563, 37.44735501254493], [-121.90106709968724, 37.44737791628157], [-121.90106341067147, 37.44733648275595]]]}, "properties": {"APN": "APN#", "Shape_Leng": 106.166516595, "Shape_Area": 604.415267008}}, {"type": "Feature", "geometry": {"type": "Polygon", "coordinates": [[[-121.9006265033549, 37.447083868356465], [-121.90062822183205, 37.447083647268705], [-121.90063065896139, 37.44708333275358], [-121.90063484241571, 37.447082989711035], [-121.90076389977926, 37.44707579722794], [-121.90078856302539, 37.44735265134361], [-121.90078903553928, 37.44735795529], [-121.9006516058772, 37.447365753238756], [-121.9006265033549, 37.447083868356465]]]}, "properties": {"APN": "APN#", "Shape_Leng": 109.961793752, "Shape_Area": 608.428084799}}, {"type": "Feature", "geometry": {"type": "Polygon", "coordinates": [[[-121.90062167940185, 37.4470847598392], [-121.9006265033549, 37.447083868356465], [-121.9006516058772, 37.447365753238756], [-121.90065440951916, 37.447397352253375], [-121.90051525868505, 37.447405239345905], [-121.90049401802017, 37.447166891027386], [-121.90049684681495, 37.447166124353075], [-121.90050202021271, 37.447164575314396], [-121.90050711905025, 37.44716287864623], [-121.90051213883606, 37.447161039341], [-121.90051707418023, 37.447159058824994], [-121.90052191699793, 37.44715693923776], [-121.9005266627976, 37.44715468271884], [-121.90053130439263, 37.44715229212097], [-121.9005358363933, 37.44714977172328], [-121.9005402534095, 37.447147125091576], [-121.90054454735656, 37.447144353652405], [-121.90054871823446, 37.44714146311105], [-121.90055275346668, 37.44713845489399], [-121.90055665395168, 37.44713533399344], [-121.90056041160449, 37.447132104688535], [-121.90056402283194, 37.447128771258406], [-121.9005674822441, 37.44712533584252], [-121.90057078624768, 37.44712180485956], [-121.9005739312495, 37.44711818330187], [-121.90057972268816, 37.44711068129945], [-121.90058098392282, 37.447108981064176], [-121.90058232061591, 37.447107319340915], [-121.90058373097095, 37.44710569612965], [-121.90058521408952, 37.44710411499635], [-121.90058676637834, 37.4471025759409], [-121.9005883887357, 37.44710108466896], [-121.90059007577179, 37.447099639754036], [-121.90059182838493, 37.4470982433358], [-121.90059364118515, 37.44709689898009], [-121.9005955150708, 37.447095606686936], [-121.90059744465206, 37.44709437002229], [-121.90059942992889, 37.44709318827295], [-121.90060146640961, 37.4470920650048], [-121.90060355139937, 37.447091000217995], [-121.90060568489822, 37.44708999605189], [-121.90060786151614, 37.44708905393305], [-121.90061007855822, 37.44708817528772], [-121.90061233422789, 37.447087358689565], [-121.90061462583024, 37.44708660913089], [-121.90061694887352, 37.44708592589856], [-121.90061930066297, 37.447085308992555], [-121.90062167940185, 37.4470847598392]]]}, "properties": {"APN": "APN#", "Shape_Leng": 112.381182811, "Shape_Area": 598.512199074}}, {"type": "Feature", "geometry": {"type": "Polygon", "coordinates": [[[-121.90029201206558, 37.44744036004054], [-121.90038379114158, 37.44716323880491], [-121.9003874320134, 37.447164431964076], [-121.90039252007112, 37.44716597030502], [-121.90039767460424, 37.44716736529569], [-121.90040288573121, 37.44716861622283], [-121.90040814896048, 37.44716972023382], [-121.90041345800383, 37.44717067376266], [-121.90041880567468, 37.44717148108848], [-121.90042418568493, 37.44717213721903], [-121.90042959084796, 37.44717264286743], [-121.90043501487565, 37.44717299732053], [-121.90044045147975, 37.4471731977256], [-121.90044589347376, 37.44717324693534], [-121.90045133456942, 37.447173144236686], [-121.90045676758022, 37.447172888916306], [-121.90046218621806, 37.4471724816875], [-121.90046758239797, 37.447171923976576], [-121.90047295252671, 37.44717121364398], [-121.9004782876212, 37.447170354968776], [-121.90048358049489, 37.44716934723788], [-121.90049401802017, 37.447166891027386], [-121.90051525868505, 37.447405239345905], [-121.90051748111709, 37.447430346240324], [-121.90038005145497, 37.44743814275521], [-121.90029201206558, 37.44744036004054]]]}, "properties": {"APN": "APN#", "Shape_Leng": 114.910820262, "Shape_Area": 700.127761186}}, {"type": "Feature", "geometry": {"type": "Polygon", "coordinates": [[[-121.90106569688383, 37.44693229331654], [-121.901049379885, 37.44664126227412], [-121.90122523947497, 37.446631356771924], [-121.90120135776311, 37.44690677617194], [-121.90119502823362, 37.44690652370346], [-121.90118868792432, 37.44690645809017], [-121.90118235210663, 37.44690657933212], [-121.90117602437377, 37.44690688386334], [-121.90116971640384, 37.44690737524975], [-121.90116343448508, 37.44690805135186], [-121.90115718760059, 37.446908910743254], [-121.9011509856319, 37.446909952710705], [-121.90114483576544, 37.44691117725418], [-121.90113874608613, 37.44691258009464], [-121.90113272557707, 37.44691416123198], [-121.90112678322149, 37.446915917813584], [-121.90112092351086, 37.44691784769971], [-121.90111515812339, 37.4469199487508], [-121.90110393816545, 37.446924648657934], [-121.90110166722444, 37.44692564426796], [-121.90109935046935, 37.446926569272335], [-121.9010969923917, 37.446927423671205], [-121.90109459568654, 37.44692820817769], [-121.90109216394703, 37.446928919225776], [-121.90108969986825, 37.44692955681554], [-121.90108720614498, 37.44693012094699], [-121.90108468996388, 37.44693060876731], [-121.90108215042657, 37.44693102170295], [-121.90107959471959, 37.44693135832756], [-121.90107444467807, 37.44693179907751], [-121.90106569688383, 37.44693229331654]]]}, "properties": {"APN": "APN#", "Shape_Leng": 114.914292519, "Shape_Area": 681.734610177}}, {"type": "Feature", "geometry": {"type": "Polygon", "coordinates": [[[-121.90122523947497, 37.446631356771924], [-121.90153531455483, 37.44661385222225], [-121.90129084344012, 37.44693267130598], [-121.90128590360437, 37.446929916262114], [-121.90128084788597, 37.4469273002897], [-121.90127567987818, 37.446924826241656], [-121.90127040586911, 37.446922497683786], [-121.9012650339437, 37.44692031818207], [-121.90125956949184, 37.44691828987612], [-121.90125401790338, 37.44691641633182], [-121.9012483890598, 37.44691469826243], [-121.9012426874527, 37.44691313709432], [-121.90123691937028, 37.446911735680246], [-121.90123109649058, 37.44691049829939], [-121.90122522150862, 37.44690942209892], [-121.90121930340759, 37.446908510644825], [-121.9012133475772, 37.44690776607669], [-121.90120135776311, 37.44690677617194], [-121.90122523947497, 37.446631356771924]]]}, "properties": {"APN": "APN#", "Shape_Leng": 136.391991538, "Shape_Area": 930.00749222}}, {"type": "Feature", "geometry": {"type": "Polygon", "coordinates": [[[-121.90135934087888, 37.44706704072649], [-121.90158117815918, 37.44705446523555], [-121.90158143880143, 37.44706860500004], [-121.9015866057502, 37.44716705370614], [-121.90135142222965, 37.44718037023011], [-121.90134575386018, 37.44711705575501], [-121.90134561821459, 37.44711504171809], [-121.90134557689206, 37.44711302625476], [-121.90134562899438, 37.44711100865178], [-121.90134577272481, 37.4471089960411], [-121.90134600898176, 37.44710698770942], [-121.90134633866347, 37.447104987935916], [-121.901346759075, 37.447102998860196], [-121.9013472711147, 37.447101023334966], [-121.90134787388428, 37.44709906492611], [-121.90134856648534, 37.447097125060026], [-121.9013502166905, 37.44709331165415], [-121.90135256309004, 37.447088181706334], [-121.9013546516731, 37.447082981152825], [-121.9013564788464, 37.44707771926487], [-121.90135934087888, 37.44706704072649]]]}, "properties": {"APN": "APN#", "Shape_Leng": 108.812199496, "Shape_Area": 616.999425424}}, {"type": "Feature", "geometry": {"type": "Polygon", "coordinates": [[[-121.90134911535598, 37.446991969980886], [-121.90157793899941, 37.44687874156506], [-121.90158117815918, 37.44705446523555], [-121.90135934087888, 37.44706704072649], [-121.90136030836445, 37.44706199921203], [-121.9013610395931, 37.44705693273573], [-121.90136153546311, 37.44705184914264], [-121.90136179238127, 37.44704675413815], [-121.90136181394087, 37.44704165485424], [-121.90136159744686, 37.447036557709495], [-121.90136114379764, 37.44703147126223], [-121.90136045389151, 37.447026401931105], [-121.90135952683016, 37.44702135613481], [-121.9013583671051, 37.4470163410052], [-121.9013569738181, 37.447011363674086], [-121.90135534966409, 37.44700643127352], [-121.90135349823626, 37.447001550222105], [-121.90134911535598, 37.446991969980886]]]}, "properties": {"APN": "APN#", "Shape_Leng": 121.571802506, "Shape_Area": 771.580812053}}, {"type": "Feature", "geometry": {"type": "Polygon", "coordinates": [[[-121.90153531455483, 37.44661385222225], [-121.90157301711052, 37.446611729433876], [-121.90157793899941, 37.44687874156506], [-121.90134911535598, 37.446991969980886], [-121.90134660097152, 37.446987295039584], [-121.90134387009306, 37.44698269783531], [-121.90134092721216, 37.446978184786914], [-121.90133777682045, 37.446973760173435], [-121.90133442340957, 37.44696943326631], [-121.90133087057258, 37.446965206918435], [-121.90132712459784, 37.446961088974724], [-121.90132318907855, 37.446957085854024], [-121.90131907120131, 37.446953199695805], [-121.9013147745593, 37.4469494383452], [-121.90131030544076, 37.44694580822087], [-121.90130567282887, 37.44694231003615], [-121.90130088121514, 37.44693895234913], [-121.90129084344012, 37.44693267130598], [-121.90153531455483, 37.44661385222225]]]}, "properties": {"APN": "APN#", "Shape_Leng": 150.663308045, "Shape_Area": 1192.30863632}}, {"type": "Feature", "geometry": {"type": "Polygon", "coordinates": [[[-121.90013321507614, 37.447443194228896], [-121.90028746299697, 37.44701592521724], [-121.90029519120337, 37.44701768821513], [-121.9002938545102, 37.44702196590951], [-121.90029271095484, 37.44702627997619], [-121.90029176323225, 37.44703062470961], [-121.9002910077491, 37.447034992264804], [-121.90029044899697, 37.447039377649375], [-121.90029008697596, 37.447043778723824], [-121.90028992258421, 37.44704818621671], [-121.90028995402524, 37.447052593709316], [-121.900290183994, 37.44705699977528], [-121.90029060979538, 37.447061397282745], [-121.90029123412455, 37.447065777673494], [-121.90029205248976, 37.44707013880791], [-121.90029306489109, 37.447074472841074], [-121.9002942722268, 37.44707877620692], [-121.90029567090374, 37.447083041773666], [-121.90029725912514, 37.44708726526215], [-121.90029903509446, 37.44709144096699], [-121.90030099701508, 37.44709556389576], [-121.90030314039532, 37.447099628343125], [-121.90030546703191, 37.44710362931664], [-121.90030797063662, 37.447107559684596], [-121.90031064761617, 37.447111418733726], [-121.90031349707228, 37.44711519790582], [-121.90031651181833, 37.44711889434817], [-121.90031969095612, 37.447122502355334], [-121.90032302909569, 37.4471260176481], [-121.90032652264384, 37.44712943523431], [-121.90033016710895, 37.4471327522612], [-121.90033395710118, 37.447135963023214], [-121.90033788902714, 37.447139063954516], [-121.90034195749706, 37.44714205006286], [-121.90034615622268, 37.44714491992169], [-121.90035047981418, 37.44714766925214], [-121.90035492467818, 37.44715029234871], [-121.90035948362822, 37.44715278778492], [-121.90036415217281, 37.44715515199493], [-121.90036892312524, 37.44715738212593], [-121.9003737910958, 37.44715947532529], [-121.90038379114158, 37.44716323880491], [-121.90029201206558, 37.44744036004054], [-121.90024337278452, 37.44744158100945], [-121.90013571236673, 37.447444313629696], [-121.90013313707817, 37.447443407520915], [-121.90013321507614, 37.447443194228896]]]}, "properties": {"APN": "APN#", "Shape_Leng": 146.00376474, "Shape_Area": 783.625980785}}, {"type": "Feature", "geometry": {"type": "Polygon", "coordinates": [[[-121.89443633669926, 37.44757297626221], [-121.89443771291832, 37.44756673378404], [-121.89482585698627, 37.44750171584371], [-121.89482693406632, 37.447506927779045], [-121.89482770212582, 37.44751063775255], [-121.8948298077769, 37.44751952328798], [-121.89485386915182, 37.447614937711684], [-121.89485440544601, 37.447617296914785], [-121.89485483753565, 37.44761966966832], [-121.89485516542072, 37.44762205311943], [-121.89485538910122, 37.44762444298911], [-121.89485550678059, 37.447626839277305], [-121.89485552115357, 37.44762923699186], [-121.89485542952549, 37.4476316332799], [-121.89485523369271, 37.447634025288814], [-121.8948549336554, 37.44763641087904], [-121.8948545276169, 37.44763878577149], [-121.89485401917044, 37.44764114925292], [-121.89485340651945, 37.44764349633113], [-121.89485269235875, 37.44764582486651], [-121.8948518766885, 37.447648132719685], [-121.89485096040688, 37.44765041489825], [-121.89484994441233, 37.44765267211537], [-121.8948488305014, 37.4476548986657], [-121.89484761957236, 37.44765709312276], [-121.89484631342194, 37.44765925192084], [-121.8948449129484, 37.44766137434655], [-121.89484342174505, 37.44766345469455], [-121.8948418389135, 37.447665493678], [-121.89484016804708, 37.44766748701785], [-121.89483841184067, 37.447669433287786], [-121.89483656939605, 37.44767132820868], [-121.89483464789967, 37.44767317178041], [-121.89483264555491, 37.447674959724104], [-121.89483056595499, 37.44767669203962], [-121.89482841179495, 37.44767836373474], [-121.89482618576967, 37.44767997694907], [-121.89482389147246, 37.447681525263924], [-121.89482152980158, 37.44768300867931], [-121.89481910524864, 37.4476844271953], [-121.8948166187119, 37.447685775819544], [-121.894814074683, 37.44768705526522], [-121.89481147765355, 37.44768826196652], [-121.89480882852173, 37.447689397349734], [-121.89480613177926, 37.44769045713587], [-121.894803390121, 37.44769144132478], [-121.89480060714027, 37.44769234777706], [-121.89479778553196, 37.44769317720588], [-121.8947949297877, 37.447693928184805], [-121.89479204260233, 37.447694599287495], [-121.89478618917997, 37.447695696158924], [-121.89450039735883, 37.447740956709936], [-121.89447485915363, 37.44774346425052], [-121.8944492113539, 37.44774511811465], [-121.89439776753261, 37.44774586196129], [-121.89443633669926, 37.44757297626221]]]}, "properties": {"APN": "APN#", "Shape_Leng": 144.846778816, "Shape_Area": 1225.07912056}}, {"type": "Feature", "geometry": {"type": "Polygon", "coordinates": [[[-121.90051748111709, 37.447430346240324], [-121.90051525868505, 37.447405239345905], [-121.90065440951916, 37.447397352253375], [-121.90065858964495, 37.44744425468043], [-121.90052071032055, 37.447466645043576], [-121.90051748111709, 37.447430346240324]]]}, "properties": {"APN": "APN#", "Shape_Leng": 108.563871888, "Shape_Area": 593.939299331}}, {"type": "Feature", "geometry": {"type": "Polygon", "coordinates": [[[-121.90038005145497, 37.44743814275521], [-121.90051748111709, 37.447430346240324], [-121.90052071032055, 37.447466645043576], [-121.90038455842253, 37.447488754881604], [-121.90038005145497, 37.44743814275521]]]}, "properties": {"APN": "APN#", "Shape_Leng": 108.850520071, "Shape_Area": 600.854201081}}, {"type": "Feature", "geometry": {"type": "Polygon", "coordinates": [[[-121.90111495151083, 37.447056220975654], [-121.90111740840318, 37.44705618888225], [-121.90111986619377, 37.44705622596798], [-121.90112232039115, 37.44705633365911], [-121.90112476740201, 37.447056511242586], [-121.90112720542965, 37.44705675871826], [-121.90112963088094, 37.447057073946624], [-121.90113204106085, 37.447057458354166], [-121.90113443237613, 37.447057911940725], [-121.90113680123348, 37.44705843327998], [-121.90113914673474, 37.44705902023239], [-121.90114146348984, 37.44705967493753], [-121.90114374880396, 37.44706039525582], [-121.90114600177863, 37.447061179047694], [-121.90114821702419, 37.447062026313134], [-121.90115039274376, 37.447062937052166], [-121.90115252803919, 37.44706390769883], [-121.90115461662226, 37.447064938966285], [-121.90115665939119, 37.44706602871508], [-121.9011586509562, 37.44706717694509], [-121.90116059041888, 37.44706838222997], [-121.90116247508432, 37.44706963886433], [-121.90116430135932, 37.44707094970073], [-121.9011660692438, 37.44707231188658], [-121.90116777424623, 37.447073723282244], [-121.90116941456989, 37.44707518174822], [-121.90117099021491, 37.44707668728439], [-121.90117249579133, 37.447078234898555], [-121.90117393219747, 37.44707982530385], [-121.90117529494177, 37.447081455647506], [-121.90117658582086, 37.44708312307686], [-121.90117779944478, 37.44708482687866], [-121.90117893761024, 37.44708656277378], [-121.90117999582564, 37.44708833076229], [-121.90118097588761, 37.44709012870448], [-121.9011818751012, 37.447091952321415], [-121.9011826907715, 37.447093800899765], [-121.90118342469513, 37.447095670873736], [-121.90118407238039, 37.44709756224312], [-121.90118463742076, 37.44709946930264], [-121.90118511622276, 37.44710139133893], [-121.90118550788823, 37.44710332478621], [-121.90118603070772, 37.447107220921225], [-121.9012057397451, 37.44732812281519], [-121.90106341067147, 37.44733648275595], [-121.90103882018886, 37.44706042877563], [-121.90111249641522, 37.44705632224812], [-121.90111495151083, 37.447056220975654]]]}, "properties": {"APN": "APN#", "Shape_Leng": 106.025803353, "Shape_Area": 603.274993213}}, {"type": "Feature", "geometry": {"type": "Polygon", "coordinates": [[[-121.90111986619377, 37.44705622596798], [-121.90111740840318, 37.44705618888225], [-121.90111249641522, 37.44705632224812], [-121.90103882018886, 37.44706042877563], [-121.90090133123798, 37.447068112645596], [-121.90076389977926, 37.44707579722794], [-121.90063484241571, 37.447082989711035], [-121.90063065896139, 37.44708333275358], [-121.90062822183205, 37.447083647268705], [-121.9006265033549, 37.447083868356465], [-121.90062408149689, 37.447084279864825], [-121.90062167940185, 37.4470847598392], [-121.90061930066297, 37.447085308992555], [-121.90061694887352, 37.44708592589856], [-121.90061462583024, 37.44708660913089], [-121.90061233422789, 37.447087358689565], [-121.90061007855822, 37.44708817528772], [-121.90060786151614, 37.44708905393305], [-121.90060568489822, 37.44708999605189], [-121.90060355139937, 37.447091000217995], [-121.90060146640961, 37.4470920650048], [-121.90059942992889, 37.44709318827295], [-121.90059744465206, 37.44709437002229], [-121.9005955150708, 37.447095606686936], [-121.90059364118515, 37.44709689898009], [-121.90059182838493, 37.4470982433358], [-121.90059007577179, 37.447099639754036], [-121.9005883887357, 37.44710108466896], [-121.90058676637834, 37.4471025759409], [-121.90058521408952, 37.44710411499635], [-121.90058373097095, 37.44710569612965], [-121.90058232061591, 37.447107319340915], [-121.90057972268816, 37.44711068129945], [-121.90057691096133, 37.44711447330898], [-121.9005739312495, 37.44711818330187], [-121.90057078624768, 37.44712180485956], [-121.9005674822441, 37.44712533584252], [-121.90056402283194, 37.447128771258406], [-121.90056041160449, 37.447132104688535], [-121.90055665395168, 37.44713533399344], [-121.90055275346668, 37.44713845489399], [-121.90054871823446, 37.44714146311105], [-121.90054454735656, 37.447144353652405], [-121.9005402534095, 37.447147125091576], [-121.9005358363933, 37.44714977172328], [-121.90053130439263, 37.44715229212097], [-121.9005266627976, 37.44715468271884], [-121.90052191699793, 37.44715693923776], [-121.90051707418023, 37.447159058824994], [-121.90051213883606, 37.447161039341], [-121.90050711905025, 37.44716287864623], [-121.90049684681495, 37.447166124353075], [-121.90049401802017, 37.447166891027386], [-121.9004888266561, 37.44716819187758], [-121.90048358049489, 37.44716934723788], [-121.9004782876212, 37.447170354968776], [-121.90047295252671, 37.44717121364398], [-121.90046758239797, 37.447171923976576], [-121.90046218621806, 37.4471724816875], [-121.90045676758022, 37.447172888916306], [-121.90045133456942, 37.447173144236686], [-121.90044589347376, 37.44717324693534], [-121.90044045147975, 37.4471731977256], [-121.90043501487565, 37.44717299732053], [-121.90042959084796, 37.44717264286743], [-121.90042418568493, 37.44717213721903], [-121.90041880567468, 37.44717148108848], [-121.90041345800383, 37.44717067376266], [-121.90040814896048, 37.44716972023382], [-121.90040288573121, 37.44716861622283], [-121.90039767460424, 37.44716736529569], [-121.9003874320134, 37.447164431964076], [-121.90038379114158, 37.44716323880491], [-121.90037874889785, 37.44716142802707], [-121.9003737910958, 37.44715947532529], [-121.90036892312524, 37.44715738212593], [-121.90036415217281, 37.44715515199493], [-121.90035948362822, 37.44715278778492], [-121.90035492467818, 37.44715029234871], [-121.90035047981418, 37.44714766925214], [-121.90034615622268, 37.44714491992169], [-121.90034195749706, 37.44714205006286], [-121.90033788902714, 37.447139063954516], [-121.90033395710118, 37.447135963023214], [-121.90033016710895, 37.4471327522612], [-121.90032652264384, 37.44712943523431], [-121.90032302909569, 37.4471260176481], [-121.90031969095612, 37.447122502355334], [-121.90031651181833, 37.44711889434817], [-121.90031349707228, 37.44711519790582], [-121.90031064761617, 37.447111418733726], [-121.90030797063662, 37.447107559684596], [-121.90030546703191, 37.44710362931664], [-121.90030314039532, 37.447099628343125], [-121.90030099701508, 37.44709556389576], [-121.90029903509446, 37.44709144096699], [-121.90029725912514, 37.44708726526215], [-121.90029567090374, 37.447083041773666], [-121.9002942722268, 37.44707877620692], [-121.90029306489109, 37.447074472841074], [-121.90029205248976, 37.44707013880791], [-121.90029123412455, 37.447065777673494], [-121.90029060979538, 37.447061397282745], [-121.900290183994, 37.44705699977528], [-121.90028995402524, 37.447052593709316], [-121.90028992258421, 37.44704818621671], [-121.90029008697596, 37.447043778723824], [-121.90029044899697, 37.447039377649375], [-121.9002910077491, 37.447034992264804], [-121.90029176323225, 37.44703062470961], [-121.90029271095484, 37.44702627997619], [-121.90029519120337, 37.44701768821513], [-121.90029669138991, 37.447013516072104], [-121.90029837303611, 37.447009390286006], [-121.90030023793864, 37.44700531299643], [-121.90030228070755, 37.447001291335184], [-121.90030449774973, 37.446997326728734], [-121.90030688996335, 37.44699342916161], [-121.9003094519585, 37.44698960077341], [-121.90031218014202, 37.44698584584335], [-121.90031507271726, 37.44698217007684], [-121.90031812339598, 37.44697857775304], [-121.90032133307643, 37.44697507172475], [-121.90032469367388, 37.4469716591238], [-121.90032820339174, 37.44696834280304], [-121.90033185594163, 37.4469651249019], [-121.9003356486288, 37.44696201326557], [-121.90033957516496, 37.44695900932037], [-121.90034363285508, 37.44695611591917], [-121.9003478145127, 37.446953338767344], [-121.90035211564626, 37.446950680004534], [-121.90035653266258, 37.44694814319679], [-121.90036105657832, 37.446945733336186], [-121.900365685597, 37.44694344828342], [-121.9003704116337, 37.44694129588347], [-121.90037522840021, 37.446939278275885], [-121.9003801332017, 37.44693739474748], [-121.90038511705488, 37.446935651717006], [-121.90039017456992, 37.446934047044884], [-121.90039529856031, 37.44693258572349], [-121.90040048453444, 37.44693126917906], [-121.90040572620413, 37.446930098838166], [-121.90041101458621, 37.44692907470065], [-121.90041634608744, 37.446928201045786], [-121.90042171262296, 37.44692747573396], [-121.9004271070062, 37.446926902331015], [-121.90043252294909, 37.44692647869754], [-121.90043795595989, 37.446926207686246], [-121.90044339615729, 37.44692608929707], [-121.90044883904956, 37.44692612281693], [-121.90045427655197, 37.44692630824564], [-121.9004597023763, 37.44692664629667], [-121.9004651102343, 37.44692713625661], [-121.90047049383779, 37.446927776699134], [-121.90047584420367, 37.446928566911076], [-121.90048115863688, 37.446929508318796], [-121.9004864263577, 37.4469305952168], [-121.90049164467119, 37.44693183117096], [-121.9004968045942, 37.446933211188956], [-121.90050189983847, 37.446934735270915], [-121.90050692591248, 37.446936401277156], [-121.90051187562969, 37.44693820706812], [-121.90051674180357, 37.44694014907784], [-121.90052151994259, 37.44694222730639], [-121.90052620375843, 37.446944436761314], [-121.90053526506476, 37.44694924364502], [-121.90053733118987, 37.44695037975264], [-121.90053944762066, 37.44695145595248], [-121.90054161256054, 37.446952468678695], [-121.90054382151781, 37.44695341864435], [-121.90054607269595, 37.44695430370992], [-121.90054836250155, 37.44695512173586], [-121.90055068913814, 37.446955874148614], [-121.9005530472158, 37.44695655880853], [-121.90055543583615, 37.446957174289274], [-121.90055785140589, 37.44695771773803], [-121.90056028943361, 37.44695819272082], [-121.90056274812255, 37.44695859709804], [-121.90056522298117, 37.44695892873023], [-121.90056771221279, 37.44695918833041], [-121.9005702104276, 37.446959375898714], [-121.90057271672724, 37.446959490008666], [-121.9005752266202, 37.44695953208672], [-121.90058024191441, 37.4469593972943], [-121.90065323182782, 37.4469553442504], [-121.9007907198804, 37.44694763825997], [-121.90092817918692, 37.44693997577328], [-121.90106569688383, 37.44693229331654], [-121.90107444467807, 37.44693179907751], [-121.90107702463956, 37.44693161721462], [-121.90107959471959, 37.44693135832756], [-121.90108215042657, 37.44693102170295], [-121.90108468996388, 37.44693060876731], [-121.90108720614498, 37.44693012094699], [-121.90108969986825, 37.44692955681554], [-121.90109216394703, 37.446928919225776], [-121.90109459568654, 37.44692820817769], [-121.9010969923917, 37.446927423671205], [-121.90109935046935, 37.446926569272335], [-121.90110393816545, 37.446924648657934], [-121.90110949424553, 37.44692221597463], [-121.90111515812339, 37.4469199487508], [-121.90112092351086, 37.44691784769971], [-121.90112678322149, 37.446915917813584], [-121.90113272557707, 37.44691416123198], [-121.90113874608613, 37.44691258009464], [-121.90114483576544, 37.44691117725418], [-121.9011509856319, 37.446909952710705], [-121.90115718760059, 37.446908910743254], [-121.90116343448508, 37.44690805135186], [-121.90116971640384, 37.44690737524975], [-121.90117602437377, 37.44690688386334], [-121.90118235210663, 37.44690657933212], [-121.90118868792432, 37.44690645809017], [-121.90120135776311, 37.44690677617194], [-121.90120736389908, 37.4469071876814], [-121.9012133475772, 37.44690776607669], [-121.90121930340759, 37.446908510644825], [-121.90122522150862, 37.44690942209892], [-121.90123109649058, 37.44691049829939], [-121.90123691937028, 37.446911735680246], [-121.9012426874527, 37.44691313709432], [-121.9012483890598, 37.44691469826243], [-121.90125401790338, 37.44691641633182], [-121.90125956949184, 37.44691828987612], [-121.9012650339437, 37.44692031818207], [-121.90127040586911, 37.446922497683786], [-121.90127567987818, 37.446924826241656], [-121.90128084788597, 37.4469273002897], [-121.90129084344012, 37.44693267130598], [-121.90129593509118, 37.446935738012705], [-121.90130088121514, 37.44693895234913], [-121.90130567282887, 37.44694231003615], [-121.90131030544076, 37.44694580822087], [-121.9013147745593, 37.4469494383452], [-121.90131907120131, 37.446953199695805], [-121.90132318907855, 37.446957085854024], [-121.90132712459784, 37.446961088974724], [-121.90133087057258, 37.446965206918435], [-121.90133442340957, 37.44696943326631], [-121.90133777682045, 37.446973760173435], [-121.90134092721216, 37.446978184786914], [-121.90134387009306, 37.44698269783531], [-121.90134911535598, 37.446991969980886], [-121.90135141863638, 37.446996727651616], [-121.90135349823626, 37.447001550222105], [-121.90135534966409, 37.44700643127352], [-121.9013569738181, 37.447011363674086], [-121.9013583671051, 37.4470163410052], [-121.90135952683016, 37.44702135613481], [-121.90136045389151, 37.447026401931105], [-121.90136114379764, 37.44703147126223], [-121.90136159744686, 37.447036557709495], [-121.90136181394087, 37.44704165485424], [-121.90136179238127, 37.44704675413815], [-121.90136153546311, 37.44705184914264], [-121.9013610395931, 37.44705693273573], [-121.90135934087888, 37.44706704072649], [-121.90135804281326, 37.44707240174801], [-121.9013564788464, 37.44707771926487], [-121.9013546516731, 37.447082981152825], [-121.9013502166905, 37.44709331165415], [-121.90134934801969, 37.44709520730275], [-121.90134856648534, 37.447097125060026], [-121.90134787388428, 37.44709906492611], [-121.9013472711147, 37.447101023334966], [-121.901346759075, 37.447102998860196], [-121.90134633866347, 37.447104987935916], [-121.90134600898176, 37.44710698770942], [-121.90134577272481, 37.4471089960411], [-121.90134562899438, 37.44711100865178], [-121.90134557689206, 37.44711302625476], [-121.90134575386018, 37.44711705575501], [-121.90135142222965, 37.44718037023011], [-121.90136145461473, 37.447292684701], [-121.90136474156795, 37.44732958184939], [-121.90120814018563, 37.44735501254493], [-121.9012057397451, 37.44732812281519], [-121.90118603070772, 37.447107220921225], [-121.90118581241715, 37.44710526964444], [-121.90118550788823, 37.44710332478621], [-121.90118511622276, 37.44710139133893], [-121.90118463742076, 37.44709946930264], [-121.90118407238039, 37.44709756224312], [-121.90118342469513, 37.447095670873736], [-121.9011826907715, 37.447093800899765], [-121.9011818751012, 37.447091952321415], [-121.90118097588761, 37.44709012870448], [-121.90117999582564, 37.44708833076229], [-121.90117893761024, 37.44708656277378], [-121.90117779944478, 37.44708482687866], [-121.90117658582086, 37.44708312307686], [-121.90117529494177, 37.447081455647506], [-121.90117393219747, 37.44707982530385], [-121.90117249579133, 37.447078234898555], [-121.90117099021491, 37.44707668728439], [-121.90116941456989, 37.44707518174822], [-121.90116777424623, 37.447073723282244], [-121.9011660692438, 37.44707231188658], [-121.90116430135932, 37.44707094970073], [-121.90116247508432, 37.44706963886433], [-121.90116059041888, 37.44706838222997], [-121.9011586509562, 37.44706717694509], [-121.90115665939119, 37.44706602871508], [-121.90115461662226, 37.447064938966285], [-121.90115252803919, 37.44706390769883], [-121.90115039274376, 37.447062937052166], [-121.90114821702419, 37.447062026313134], [-121.90114600177863, 37.447061179047694], [-121.90114374880396, 37.44706039525582], [-121.90114146348984, 37.44705967493753], [-121.90113914673474, 37.44705902023239], [-121.90113680123348, 37.44705843327998], [-121.90113443237613, 37.447057911940725], [-121.90113204106085, 37.447057458354166], [-121.90112963088094, 37.447057073946624], [-121.90112720542965, 37.44705675871826], [-121.90112476740201, 37.447056511242586], [-121.90112232039115, 37.44705633365911], [-121.90111986619377, 37.44705622596798]]]}, "properties": {"APN": "APN#", "Shape_Leng": 1852.46114648, "Shape_Area": 17467.8880693}}, {"type": "Feature", "geometry": {"type": "Polygon", "coordinates": [[[-121.90078903553928, 37.44735795529], [-121.90078856302539, 37.44735265134361], [-121.90092598639924, 37.447344555282676], [-121.90093092560495, 37.44740002974835], [-121.900794754406, 37.447422142740365], [-121.90078903553928, 37.44735795529]]]}, "properties": {"APN": "APN#", "Shape_Leng": 108.478877178, "Shape_Area": 595.765191265}}]}